-- MySQL dump 10.13  Distrib 5.6.25, for Win32 (x86)
--
-- Host: localhost    Database: dbcollegeplus
-- ------------------------------------------------------
-- Server version	5.6.25

/*!40101 SET @OLD_CHARACTER_SET_CLIENT=@@CHARACTER_SET_CLIENT */;
/*!40101 SET @OLD_CHARACTER_SET_RESULTS=@@CHARACTER_SET_RESULTS */;
/*!40101 SET @OLD_COLLATION_CONNECTION=@@COLLATION_CONNECTION */;
/*!40101 SET NAMES utf8 */;
/*!40103 SET @OLD_TIME_ZONE=@@TIME_ZONE */;
/*!40103 SET TIME_ZONE='+00:00' */;
/*!40014 SET @OLD_UNIQUE_CHECKS=@@UNIQUE_CHECKS, UNIQUE_CHECKS=0 */;
/*!40014 SET @OLD_FOREIGN_KEY_CHECKS=@@FOREIGN_KEY_CHECKS, FOREIGN_KEY_CHECKS=0 */;
/*!40101 SET @OLD_SQL_MODE=@@SQL_MODE, SQL_MODE='NO_AUTO_VALUE_ON_ZERO' */;
/*!40111 SET @OLD_SQL_NOTES=@@SQL_NOTES, SQL_NOTES=0 */;

--
-- Current Database: `dbcollegeplus`
--

CREATE DATABASE /*!32312 IF NOT EXISTS*/ `dbcollegeplus` /*!40100 DEFAULT CHARACTER SET latin1 */;

USE `dbcollegeplus`;

--
-- Table structure for table `accademicYear`
--

DROP TABLE IF EXISTS `accademicYear`;
/*!40101 SET @saved_cs_client     = @@character_set_client */;
/*!40101 SET character_set_client = utf8 */;
CREATE TABLE `accademicYear` (
  `accademicYearId` int(10) unsigned NOT NULL AUTO_INCREMENT,
  `accademicYear` varchar(16) NOT NULL,
  `accademicYearNumber` int(4) unsigned NOT NULL,
  `extraFilter` varchar(32) DEFAULT NULL,
  `extraInformation` varchar(64) DEFAULT NULL,
  `flags` int(5) NOT NULL DEFAULT '15',
  PRIMARY KEY (`accademicYearId`),
  UNIQUE KEY `accademicYear` (`accademicYear`)
) ENGINE=InnoDB AUTO_INCREMENT=92 DEFAULT CHARSET=latin1;
/*!40101 SET character_set_client = @saved_cs_client */;

--
-- Dumping data for table `accademicYear`
--

LOCK TABLES `accademicYear` WRITE;
/*!40000 ALTER TABLE `accademicYear` DISABLE KEYS */;
INSERT INTO `accademicYear` VALUES (1,'2009/2010',1,NULL,NULL,15),(2,'2010/2011',2,NULL,NULL,15),(3,'2011/2012',3,NULL,NULL,15),(4,'2012/2013',4,NULL,NULL,15),(5,'2013/2014',5,NULL,NULL,15),(6,'2014/2015',6,NULL,NULL,15),(7,'2015/2016',7,NULL,NULL,15),(8,'2016/2017',8,NULL,NULL,15),(9,'2017/2018',9,NULL,NULL,15),(10,'2018/2019',10,NULL,NULL,15),(11,'2019/2020',11,NULL,NULL,15),(12,'2020/2021',12,NULL,NULL,15),(13,'2021/2022',13,NULL,NULL,15),(14,'2022/2023',14,NULL,NULL,15),(15,'2023/2024',15,NULL,NULL,15),(16,'2024/2025',16,NULL,NULL,15),(17,'2025/2026',17,NULL,NULL,15),(18,'2026/2027',18,NULL,NULL,15),(19,'2027/2028',19,NULL,NULL,15),(20,'2028/2029',20,NULL,NULL,15),(21,'2029/2030',21,NULL,NULL,15),(22,'2030/2031',22,NULL,NULL,15),(23,'2031/2032',23,NULL,NULL,15),(24,'2032/2033',24,NULL,NULL,15),(25,'2033/2034',25,NULL,NULL,15),(26,'2034/2035',26,NULL,NULL,15),(27,'2035/2036',27,NULL,NULL,15),(28,'2036/2037',28,NULL,NULL,15),(29,'2037/2038',29,NULL,NULL,15),(30,'2038/2039',30,NULL,NULL,15),(31,'2039/2040',31,NULL,NULL,15),(32,'2040/2041',32,NULL,NULL,15),(33,'2041/2042',33,NULL,NULL,15),(34,'2042/2043',34,NULL,NULL,15),(35,'2043/2044',35,NULL,NULL,15),(36,'2044/2045',36,NULL,NULL,15),(37,'2045/2046',37,NULL,NULL,15),(38,'2046/2047',38,NULL,NULL,15),(39,'2047/2048',39,NULL,NULL,15),(40,'2048/2049',40,NULL,NULL,15),(41,'2049/2050',41,NULL,NULL,15),(42,'2050/2051',42,NULL,NULL,15),(43,'2051/2052',43,NULL,NULL,15),(44,'2052/2053',44,NULL,NULL,15),(45,'2053/2054',45,NULL,NULL,15),(46,'2054/2055',46,NULL,NULL,15),(47,'2055/2056',47,NULL,NULL,15),(48,'2056/2057',48,NULL,NULL,15),(49,'2057/2058',49,NULL,NULL,15),(50,'2058/2059',50,NULL,NULL,15),(51,'2059/2060',51,NULL,NULL,15),(52,'2060/2061',52,NULL,NULL,15),(53,'2061/2062',53,NULL,NULL,15),(54,'2062/2063',54,NULL,NULL,15),(55,'2063/2064',55,NULL,NULL,15),(56,'2064/2065',56,NULL,NULL,15),(57,'2065/2066',57,NULL,NULL,15),(58,'2066/2067',58,NULL,NULL,15),(59,'2067/2068',59,NULL,NULL,15),(60,'2068/2069',60,NULL,NULL,15),(61,'2069/2070',61,NULL,NULL,15),(62,'2070/2071',62,NULL,NULL,15),(63,'2071/2072',63,NULL,NULL,15),(64,'2072/2073',64,NULL,NULL,15),(65,'2073/2074',65,NULL,NULL,15),(66,'2074/2075',66,NULL,NULL,15),(67,'2075/2076',67,NULL,NULL,15),(68,'2076/2077',68,NULL,NULL,15),(69,'2077/2078',69,NULL,NULL,15),(70,'2078/2079',70,NULL,NULL,15),(71,'2079/2080',71,NULL,NULL,15),(72,'2080/2081',72,NULL,NULL,15),(73,'2081/2082',73,NULL,NULL,15),(74,'2082/2083',74,NULL,NULL,15),(75,'2083/2084',75,NULL,NULL,15),(76,'2084/2085',76,NULL,NULL,15),(77,'2085/2086',77,NULL,NULL,15),(78,'2086/2087',78,NULL,NULL,15),(79,'2087/2088',79,NULL,NULL,15),(80,'2088/2089',80,NULL,NULL,15),(81,'2089/2090',81,NULL,NULL,15),(82,'2090/2091',82,NULL,NULL,15),(83,'2091/2092',83,NULL,NULL,15),(84,'2092/2093',84,NULL,NULL,15),(85,'2093/2094',85,NULL,NULL,15),(86,'2094/2095',86,NULL,NULL,15),(87,'2095/2096',87,NULL,NULL,15),(88,'2096/2097',88,NULL,NULL,15),(89,'2097/2098',89,NULL,NULL,15),(90,'2098/2099',90,NULL,NULL,15),(91,'2099/2100',91,NULL,NULL,15);
/*!40000 ALTER TABLE `accademicYear` ENABLE KEYS */;
UNLOCK TABLES;

--
-- Table structure for table `admissionProgress`
--

DROP TABLE IF EXISTS `admissionProgress`;
/*!40101 SET @saved_cs_client     = @@character_set_client */;
/*!40101 SET character_set_client = utf8 */;
CREATE TABLE `admissionProgress` (
  `progressId` int(10) unsigned NOT NULL AUTO_INCREMENT,
  `progressName` varchar(48) NOT NULL,
  `progressPage` int(2) NOT NULL,
  `extraFilter` varchar(32) DEFAULT NULL,
  `extraInformation` varchar(64) DEFAULT NULL,
  `flags` int(5) NOT NULL DEFAULT '15',
  PRIMARY KEY (`progressId`)
) ENGINE=InnoDB AUTO_INCREMENT=19 DEFAULT CHARSET=latin1;
/*!40101 SET character_set_client = @saved_cs_client */;

--
-- Dumping data for table `admissionProgress`
--

LOCK TABLES `admissionProgress` WRITE;
/*!40000 ALTER TABLE `admissionProgress` DISABLE KEYS */;
INSERT INTO `admissionProgress` VALUES (1,'Not Yet Started',0,NULL,NULL,15),(2,'Not Yet Started',1,NULL,NULL,15),(3,'Not Yet Started',2,NULL,NULL,15),(4,'Student Bio Data',3,NULL,NULL,15),(5,'Accademic History',4,NULL,NULL,15),(6,'Course Information',5,NULL,NULL,15),(7,'Photo Upload',6,NULL,NULL,15),(8,'Locality',7,NULL,NULL,15),(9,'Religion & Denomination',8,NULL,NULL,15),(10,'Student Addresses & Phones',9,NULL,NULL,15),(11,'Employment History',10,NULL,NULL,15),(12,'Sponsor Details',11,NULL,NULL,15),(13,'Bank Account',12,NULL,NULL,15),(14,'Next Of Kins',13,NULL,NULL,15),(15,'Security',14,NULL,NULL,15),(16,'Information Review',15,NULL,NULL,15),(17,'Policy and Agreement',16,NULL,NULL,15),(18,'Completed',17,NULL,NULL,15);
/*!40000 ALTER TABLE `admissionProgress` ENABLE KEYS */;
UNLOCK TABLES;

--
-- Table structure for table `approvalSequenceData`
--

DROP TABLE IF EXISTS `approvalSequenceData`;
/*!40101 SET @saved_cs_client     = @@character_set_client */;
/*!40101 SET character_set_client = utf8 */;
CREATE TABLE `approvalSequenceData` (
  `dataId` int(10) unsigned NOT NULL AUTO_INCREMENT,
  `schemaId` int(10) unsigned NOT NULL,
  `requestedBy` int(10) unsigned NOT NULL,
  `nextJobToApprove` int(10) unsigned DEFAULT NULL,
  `alreadyApprovedList` varchar(108) DEFAULT NULL,
  `timeOfRegistration` varchar(19) NOT NULL DEFAULT '0000:00:00:00:00:00',
  `extraFilter` varchar(32) DEFAULT NULL,
  `extraInformation` varchar(64) DEFAULT NULL,
  `flags` int(5) NOT NULL DEFAULT '15',
  PRIMARY KEY (`dataId`),
  KEY `schemaId` (`schemaId`),
  KEY `requestedBy` (`requestedBy`),
  KEY `nextJobToApprove` (`nextJobToApprove`),
  CONSTRAINT `approvalSequenceData_ibfk_1` FOREIGN KEY (`schemaId`) REFERENCES `approvalsequenceschema` (`schemaId`),
  CONSTRAINT `approvalSequenceData_ibfk_2` FOREIGN KEY (`requestedBy`) REFERENCES `login` (`loginId`),
  CONSTRAINT `approvalSequenceData_ibfk_3` FOREIGN KEY (`nextJobToApprove`) REFERENCES `jobtitle` (`jobId`)
) ENGINE=InnoDB AUTO_INCREMENT=5 DEFAULT CHARSET=latin1;
/*!40101 SET character_set_client = @saved_cs_client */;

--
-- Dumping data for table `approvalSequenceData`
--

LOCK TABLES `approvalSequenceData` WRITE;
/*!40000 ALTER TABLE `approvalSequenceData` DISABLE KEYS */;
INSERT INTO `approvalSequenceData` VALUES (1,7,3,NULL,NULL,'2016:08:10:21:38:34',NULL,'I need to change my phone',15),(2,9,1,41,'207','2016:08:21:07:56:02',NULL,'Admit Me Please This is from the Admission Officer',31),(3,9,1,41,'207','2016:08:21:07:57:34',NULL,'This is My Test',31),(4,9,2,41,'207','2016:08:21:08:16:40',NULL,'After Modifying . Admin.Ndimangwa',31);
/*!40000 ALTER TABLE `approvalSequenceData` ENABLE KEYS */;
UNLOCK TABLES;

--
-- Table structure for table `approvalSequenceSchema`
--

DROP TABLE IF EXISTS `approvalSequenceSchema`;
/*!40101 SET @saved_cs_client     = @@character_set_client */;
/*!40101 SET character_set_client = utf8 */;
CREATE TABLE `approvalSequenceSchema` (
  `schemaId` int(10) unsigned NOT NULL AUTO_INCREMENT,
  `schemaName` varchar(48) NOT NULL,
  `operationCode` int(4) unsigned NOT NULL,
  `approvedJobList` varchar(108) DEFAULT NULL,
  `approvingJobList` varchar(108) DEFAULT NULL,
  `validity` int(4) unsigned NOT NULL DEFAULT '7',
  `defaultApproveText` varchar(48) NOT NULL DEFAULT 'Approved By',
  `extraFilter` varchar(32) DEFAULT NULL,
  `extraInformation` varchar(64) DEFAULT NULL,
  `flags` int(5) NOT NULL DEFAULT '15',
  PRIMARY KEY (`schemaId`)
) ENGINE=InnoDB AUTO_INCREMENT=10 DEFAULT CHARSET=latin1;
/*!40101 SET character_set_client = @saved_cs_client */;

--
-- Dumping data for table `approvalSequenceSchema`
--

LOCK TABLES `approvalSequenceSchema` WRITE;
/*!40000 ALTER TABLE `approvalSequenceSchema` DISABLE KEYS */;
INSERT INTO `approvalSequenceSchema` VALUES (2,'Edit User Course and Registration Numbers',4,'2,3,5','4,5',8,'Approved By','mwZpHDUu','Student Course will be Modified',15),(3,'Change Names',1,'1','4,6',10,'Approved By','OwMToQqp','',15),(4,'Update Marital Status',2,'4','6',10,'Approved By','4rEHnY7E','For DPAA',15),(5,'Update Marital Status',2,'2','4,6',10,'Approved By','D2gbGBH0','For Students',15),(6,'Change Profile Picture',5,NULL,NULL,10,'Checked By','LXJaEApt','',31),(7,'Change Email && Phone Number',14,NULL,NULL,10,'Approved By','urymLdRE','',31),(8,'Change Names',1,'9,8','1,4',10,'Approved By','GlS5BqnR','',15),(9,'Admit Students',15,'2','41',10,'Approved By','9pMub8wX','',15);
/*!40000 ALTER TABLE `approvalSequenceSchema` ENABLE KEYS */;
UNLOCK TABLES;

--
-- Table structure for table `attendance`
--

DROP TABLE IF EXISTS `attendance`;
/*!40101 SET @saved_cs_client     = @@character_set_client */;
/*!40101 SET character_set_client = utf8 */;
CREATE TABLE `attendance` (
  `attendanceId` int(10) unsigned NOT NULL AUTO_INCREMENT,
  `attendanceName` varchar(48) NOT NULL,
  `courseId` int(10) unsigned DEFAULT NULL,
  `monthId` int(10) unsigned NOT NULL,
  `_ayear` int(4) unsigned NOT NULL,
  `attendanceFile` varchar(24) DEFAULT NULL,
  `extraFilter` varchar(32) DEFAULT NULL,
  `extraInformation` varchar(64) DEFAULT NULL,
  `flags` int(5) NOT NULL DEFAULT '15',
  PRIMARY KEY (`attendanceId`),
  UNIQUE KEY `courseId` (`courseId`,`monthId`,`_ayear`),
  KEY `monthId` (`monthId`),
  CONSTRAINT `attendance_ibfk_1` FOREIGN KEY (`courseId`) REFERENCES `course` (`courseId`),
  CONSTRAINT `attendance_ibfk_2` FOREIGN KEY (`monthId`) REFERENCES `monthofayear` (`monthId`)
) ENGINE=InnoDB AUTO_INCREMENT=2 DEFAULT CHARSET=latin1;
/*!40101 SET character_set_client = @saved_cs_client */;

--
-- Dumping data for table `attendance`
--

LOCK TABLES `attendance` WRITE;
/*!40000 ALTER TABLE `attendance` DISABLE KEYS */;
INSERT INTO `attendance` VALUES (1,'Aug, 2016',NULL,8,2016,'attendance_0_8_2016.csv',NULL,NULL,15);
/*!40000 ALTER TABLE `attendance` ENABLE KEYS */;
UNLOCK TABLES;

--
-- Table structure for table `classOfAward`
--

DROP TABLE IF EXISTS `classOfAward`;
/*!40101 SET @saved_cs_client     = @@character_set_client */;
/*!40101 SET character_set_client = utf8 */;
CREATE TABLE `classOfAward` (
  `awardId` int(10) unsigned NOT NULL AUTO_INCREMENT,
  `awardName` varchar(48) NOT NULL,
  `levelId` int(10) unsigned NOT NULL,
  `lowestGPA` varchar(8) NOT NULL,
  `highestGPA` varchar(8) NOT NULL,
  `extraFilter` varchar(32) DEFAULT NULL,
  `extraInformation` varchar(64) DEFAULT NULL,
  `flags` int(5) NOT NULL DEFAULT '15',
  PRIMARY KEY (`awardId`),
  KEY `levelId` (`levelId`),
  CONSTRAINT `classOfAward_ibfk_1` FOREIGN KEY (`levelId`) REFERENCES `educationlevel` (`levelId`)
) ENGINE=InnoDB AUTO_INCREMENT=39 DEFAULT CHARSET=latin1;
/*!40101 SET character_set_client = @saved_cs_client */;

--
-- Dumping data for table `classOfAward`
--

LOCK TABLES `classOfAward` WRITE;
/*!40000 ALTER TABLE `classOfAward` DISABLE KEYS */;
INSERT INTO `classOfAward` VALUES (1,'Pass',4,'2.0','3.0','qnRyQ7xn',NULL,15),(2,'Pass',5,'2.0','3.0',NULL,NULL,15),(3,'Pass',6,'2.0','3.0',NULL,NULL,15),(4,'Pass',7,'2.0','3.0',NULL,NULL,15),(5,'Second Class',4,'3.0','3.5',NULL,NULL,15),(6,'Second Class',5,'3.0','3.5',NULL,NULL,15),(7,'Second Class',6,'3.0','3.5',NULL,NULL,15),(8,'Second Class',7,'3.0','3.5',NULL,NULL,15),(9,'First Class',4,'3.5','4.1',NULL,NULL,15),(10,'First Class',5,'3.5','4.1',NULL,NULL,15),(11,'First Class',6,'3.5','4.1',NULL,NULL,15),(12,'First Class',7,'3.5','4.1',NULL,NULL,15),(13,'Pass',8,'2.0','3.0',NULL,NULL,15),(14,'Pass',9,'2.0','3.0',NULL,NULL,15),(15,'Pass',10,'2.0','3.0',NULL,NULL,15),(16,'Second Class',8,'3.0','3.5',NULL,NULL,15),(17,'Second Class',9,'3.0','3.5',NULL,NULL,15),(18,'Second Class',10,'3.0','3.5',NULL,NULL,15),(19,'First Class',8,'3.5','4.1',NULL,NULL,15),(20,'First Class',9,'3.5','4.1',NULL,NULL,15),(21,'First Class',10,'3.5','4.1',NULL,NULL,15),(22,'Pass',11,'2.0','2.7',NULL,NULL,15),(23,'Pass',12,'2.0','2.7',NULL,NULL,15),(24,'Lower Second Class',11,'2.7','3.5',NULL,NULL,15),(25,'Lower Second Class',12,'2.7','3.5',NULL,NULL,15),(26,'Upper Second Class',11,'3.5','4.4','cNQlFzUV',NULL,15),(27,'Upper Second Class',12,'3.5','4.4',NULL,NULL,15),(28,'First Class',11,'4.4','5.1',NULL,NULL,15),(29,'First Class',12,'4.4','5.1',NULL,NULL,15),(30,'No Award',4,'0.0','2.0','JmloedkA',NULL,47),(31,'No Award',5,'0.0','2.0','5FL5NwSs',NULL,47),(32,'No Award',6,'0.0','2.0','VfgWap4e',NULL,47),(33,'No Award',7,'0.0','2.0','TCgZGejG',NULL,47),(34,'No Award',8,'0.0','2.0','k4uSaEht',NULL,47),(35,'No Award',9,'0.0','2.0','dCWCDFYB',NULL,47),(36,'No Award',10,'0.0','2.0','AgBc3hn5',NULL,47),(37,'No Award',11,'0.0','2.0','r0uCstvT',NULL,47),(38,'No Award',12,'0.0','2.0','KQASOgl4',NULL,47);
/*!40000 ALTER TABLE `classOfAward` ENABLE KEYS */;
UNLOCK TABLES;

--
-- Table structure for table `contextDefinition`
--

DROP TABLE IF EXISTS `contextDefinition`;
/*!40101 SET @saved_cs_client     = @@character_set_client */;
/*!40101 SET character_set_client = utf8 */;
CREATE TABLE `contextDefinition` (
  `cId` int(10) unsigned NOT NULL,
  `cChar` char(1) NOT NULL,
  `cVal` int(2) NOT NULL
) ENGINE=InnoDB DEFAULT CHARSET=latin1;
/*!40101 SET character_set_client = @saved_cs_client */;

--
-- Dumping data for table `contextDefinition`
--

LOCK TABLES `contextDefinition` WRITE;
/*!40000 ALTER TABLE `contextDefinition` DISABLE KEYS */;
INSERT INTO `contextDefinition` VALUES (1,'0',0),(2,'1',1),(3,'2',2),(4,'3',3),(5,'4',4),(6,'5',5),(7,'6',6),(8,'7',7),(9,'8',8),(10,'9',9),(11,'A',10),(12,'B',11),(13,'C',12),(14,'D',13),(15,'E',14),(16,'F',15),(17,'G',16),(18,'H',17),(19,'I',18),(20,'J',19),(21,'K',20),(22,'L',21),(23,'M',22),(24,'N',23),(25,'O',24),(26,'P',25),(27,'Q',26),(28,'R',27),(29,'S',28),(30,'T',29),(31,'U',30),(32,'X',31);
/*!40000 ALTER TABLE `contextDefinition` ENABLE KEYS */;
UNLOCK TABLES;

--
-- Table structure for table `contextManager`
--

DROP TABLE IF EXISTS `contextManager`;
/*!40101 SET @saved_cs_client     = @@character_set_client */;
/*!40101 SET character_set_client = utf8 */;
CREATE TABLE `contextManager` (
  `defaultXValue` tinyint(1) NOT NULL DEFAULT '1'
) ENGINE=InnoDB DEFAULT CHARSET=latin1;
/*!40101 SET character_set_client = @saved_cs_client */;

--
-- Dumping data for table `contextManager`
--

LOCK TABLES `contextManager` WRITE;
/*!40000 ALTER TABLE `contextManager` DISABLE KEYS */;
INSERT INTO `contextManager` VALUES (1);
/*!40000 ALTER TABLE `contextManager` ENABLE KEYS */;
UNLOCK TABLES;

--
-- Table structure for table `contextPosition`
--

DROP TABLE IF EXISTS `contextPosition`;
/*!40101 SET @saved_cs_client     = @@character_set_client */;
/*!40101 SET character_set_client = utf8 */;
CREATE TABLE `contextPosition` (
  `cId` int(10) unsigned NOT NULL AUTO_INCREMENT,
  `cName` varchar(56) NOT NULL,
  `cPosition` int(4) NOT NULL,
  `caption` varchar(96) NOT NULL,
  PRIMARY KEY (`cId`),
  UNIQUE KEY `cName` (`cName`),
  UNIQUE KEY `cPosition` (`cPosition`)
) ENGINE=InnoDB AUTO_INCREMENT=396 DEFAULT CHARSET=latin1;
/*!40101 SET character_set_client = @saved_cs_client */;

--
-- Dumping data for table `contextPosition`
--

LOCK TABLES `contextPosition` WRITE;
/*!40000 ALTER TABLE `contextPosition` DISABLE KEYS */;
INSERT INTO `contextPosition` VALUES (1,'managephptimezone',1,'managephptimezone'),(2,'managephptimezone_add',2,'managephptimezone_add'),(3,'managephptimezone_detail',3,'managephptimezone_detail'),(4,'managephptimezone_edit',4,'managephptimezone_edit'),(5,'managephptimezone_delete',5,'managephptimezone_delete'),(6,'managephptimezone_csv',6,'managephptimezone_csv'),(7,'managedaysofaweek',7,'managedaysofaweek'),(8,'managedaysofaweek_add',8,'managedaysofaweek_add'),(9,'managedaysofaweek_detail',9,'managedaysofaweek_detail'),(10,'managedaysofaweek_edit',10,'managedaysofaweek_edit'),(11,'managedaysofaweek_delete',11,'managedaysofaweek_delete'),(12,'managedaysofaweek_csv',12,'managedaysofaweek_csv'),(13,'managemonthofayear',13,'managemonthofayear'),(14,'managemonthofayear_add',14,'managemonthofayear_add'),(15,'managemonthofayear_detail',15,'managemonthofayear_detail'),(16,'managemonthofayear_edit',16,'managemonthofayear_edit'),(17,'managemonthofayear_delete',17,'managemonthofayear_delete'),(18,'managemonthofayear_csv',18,'managemonthofayear_csv'),(19,'managetheme',19,'managetheme'),(20,'managetheme_add',20,'managetheme_add'),(21,'managetheme_detail',21,'managetheme_detail'),(22,'managetheme_edit',22,'managetheme_edit'),(23,'managetheme_delete',23,'managetheme_delete'),(24,'managetheme_csv',24,'managetheme_csv'),(25,'managecountry',25,'managecountry'),(26,'managecountry_add',26,'managecountry_add'),(27,'managecountry_detail',27,'managecountry_detail'),(28,'managecountry_edit',28,'managecountry_edit'),(29,'managecountry_delete',29,'managecountry_delete'),(30,'managecountry_csv',30,'managecountry_csv'),(31,'manageprofile',31,'manageprofile'),(32,'manageprofile_add',32,'manageprofile_add'),(33,'manageprofile_detail',33,'manageprofile_detail'),(34,'manageprofile_edit',34,'manageprofile_edit'),(35,'manageprofile_delete',35,'manageprofile_delete'),(36,'manageprofile_csv',36,'manageprofile_csv'),(37,'manageeducationlevel',37,'manageeducationlevel'),(38,'manageeducationlevel_add',38,'manageeducationlevel_add'),(39,'manageeducationlevel_detail',39,'manageeducationlevel_detail'),(40,'manageeducationlevel_edit',40,'manageeducationlevel_edit'),(41,'manageeducationlevel_delete',41,'manageeducationlevel_delete'),(42,'manageeducationlevel_csv',42,'manageeducationlevel_csv'),(43,'managedepartment',43,'managedepartment'),(44,'managedepartment_add',44,'managedepartment_add'),(45,'managedepartment_detail',45,'managedepartment_detail'),(46,'managedepartment_edit',46,'managedepartment_edit'),(47,'managedepartment_delete',47,'managedepartment_delete'),(48,'managedepartment_csv',48,'managedepartment_csv'),(49,'managecourse',49,'managecourse'),(50,'managecourse_add',50,'managecourse_add'),(51,'managecourse_detail',51,'managecourse_detail'),(52,'managecourse_edit',52,'managecourse_edit'),(53,'managecourse_delete',53,'managecourse_delete'),(54,'managecourse_csv',54,'managecourse_csv'),(55,'managesubject',55,'managesubject'),(56,'managesubject_add',56,'managesubject_add'),(57,'managesubject_detail',57,'managesubject_detail'),(58,'managesubject_edit',58,'managesubject_edit'),(59,'managesubject_delete',59,'managesubject_delete'),(60,'managesubject_csv',60,'managesubject_csv'),(61,'managecourseandsubjecttransaction',61,'managecourseandsubjecttransaction'),(62,'managecourseandsubjecttransaction_add',62,'managecourseandsubjecttransaction_add'),(63,'managecourseandsubjecttransaction_detail',63,'managecourseandsubjecttransaction_detail'),(64,'managecourseandsubjecttransaction_edit',64,'managecourseandsubjecttransaction_edit'),(65,'managecourseandsubjecttransaction_delete',65,'managecourseandsubjecttransaction_delete'),(66,'managecourseandsubjecttransaction_csv',66,'managecourseandsubjecttransaction_csv'),(67,'managesecurityquestion',67,'managesecurityquestion'),(68,'managesecurityquestion_add',68,'managesecurityquestion_add'),(69,'managesecurityquestion_detail',69,'managesecurityquestion_detail'),(70,'managesecurityquestion_edit',70,'managesecurityquestion_edit'),(71,'managesecurityquestion_delete',71,'managesecurityquestion_delete'),(72,'managesecurityquestion_csv',72,'managesecurityquestion_csv'),(73,'manageusertype',73,'manageusertype'),(74,'manageusertype_add',74,'manageusertype_add'),(75,'manageusertype_detail',75,'manageusertype_detail'),(76,'manageusertype_edit',76,'manageusertype_edit'),(77,'manageusertype_delete',77,'manageusertype_delete'),(78,'manageusertype_csv',78,'manageusertype_csv'),(79,'manageuserstatus',79,'manageuserstatus'),(80,'manageuserstatus_add',80,'manageuserstatus_add'),(81,'manageuserstatus_detail',81,'manageuserstatus_detail'),(82,'manageuserstatus_edit',82,'manageuserstatus_edit'),(83,'manageuserstatus_delete',83,'manageuserstatus_delete'),(84,'manageuserstatus_csv',84,'manageuserstatus_csv'),(85,'managesex',85,'managesex'),(86,'managesex_add',86,'managesex_add'),(87,'managesex_detail',87,'managesex_detail'),(88,'managesex_edit',88,'managesex_edit'),(89,'managesex_delete',89,'managesex_delete'),(90,'managesex_csv',90,'managesex_csv'),(91,'managemarital',91,'managemarital'),(92,'managemarital_add',92,'managemarital_add'),(93,'managemarital_detail',93,'managemarital_detail'),(94,'managemarital_edit',94,'managemarital_edit'),(95,'managemarital_delete',95,'managemarital_delete'),(96,'managemarital_csv',96,'managemarital_csv'),(97,'managegroup',97,'managegroup'),(98,'managegroup_add',98,'managegroup_add'),(99,'managegroup_detail',99,'managegroup_detail'),(100,'managegroup_edit',100,'managegroup_edit'),(101,'managegroup_delete',101,'managegroup_delete'),(102,'managegroup_csv',102,'managegroup_csv'),(103,'managejobtitle',103,'managejobtitle'),(104,'managejobtitle_add',104,'managejobtitle_add'),(105,'managejobtitle_detail',105,'managejobtitle_detail'),(106,'managejobtitle_edit',106,'managejobtitle_edit'),(107,'managejobtitle_delete',107,'managejobtitle_delete'),(108,'managejobtitle_csv',108,'managejobtitle_csv'),(109,'managereligion',109,'managereligion'),(110,'managereligion_add',110,'managereligion_add'),(111,'managereligion_detail',111,'managereligion_detail'),(112,'managereligion_edit',112,'managereligion_edit'),(113,'managereligion_delete',113,'managereligion_delete'),(114,'managereligion_csv',114,'managereligion_csv'),(115,'managedenomination',115,'managedenomination'),(116,'managedenomination_add',116,'managedenomination_add'),(117,'managedenomination_detail',117,'managedenomination_detail'),(118,'managedenomination_edit',118,'managedenomination_edit'),(119,'managedenomination_delete',119,'managedenomination_delete'),(120,'managedenomination_csv',120,'managedenomination_csv'),(121,'managelogin',121,'managelogin'),(122,'managelogin_add',122,'managelogin_add'),(123,'managelogin_detail',123,'managelogin_detail'),(124,'managelogin_edit',124,'managelogin_edit'),(125,'managelogin_delete',125,'managelogin_delete'),(126,'managelogin_csv',126,'managelogin_csv'),(127,'manageuser',127,'manageuser'),(128,'manageuser_add',128,'manageuser_add'),(129,'manageuser_detail',129,'manageuser_detail'),(130,'manageuser_edit',130,'manageuser_edit'),(131,'manageuser_delete',131,'manageuser_delete'),(132,'manageuser_csv',132,'manageuser_csv'),(133,'managecourseinstructor',133,'managecourseinstructor'),(134,'managecourseinstructor_add',134,'managecourseinstructor_add'),(135,'managecourseinstructor_detail',135,'managecourseinstructor_detail'),(136,'managecourseinstructor_edit',136,'managecourseinstructor_edit'),(137,'managecourseinstructor_delete',137,'managecourseinstructor_delete'),(138,'managecourseinstructor_csv',138,'managecourseinstructor_csv'),(139,'managestudent',139,'managestudent'),(140,'managestudent_add',140,'managestudent_add'),(141,'managestudent_detail',141,'managestudent_detail'),(142,'managestudent_edit',142,'managestudent_edit'),(143,'managestudent_delete',143,'managestudent_delete'),(144,'managestudent_csv',144,'managestudent_csv'),(145,'manageexaminationgroup',145,'manageexaminationgroup'),(146,'manageexaminationgroup_add',146,'manageexaminationgroup_add'),(147,'manageexaminationgroup_detail',147,'manageexaminationgroup_detail'),(148,'manageexaminationgroup_edit',148,'manageexaminationgroup_edit'),(149,'manageexaminationgroup_delete',149,'manageexaminationgroup_delete'),(150,'manageexaminationgroup_csv',150,'manageexaminationgroup_csv'),(151,'manageexamination',151,'manageexamination'),(152,'manageexamination_add',152,'manageexamination_add'),(153,'manageexamination_detail',153,'manageexamination_detail'),(154,'manageexamination_edit',154,'manageexamination_edit'),(155,'manageexamination_delete',155,'manageexamination_delete'),(156,'manageexamination_csv',156,'manageexamination_csv'),(157,'manageexaminationnumberscope',157,'manageexaminationnumberscope'),(158,'manageexaminationnumberscope_add',158,'manageexaminationnumberscope_add'),(159,'manageexaminationnumberscope_detail',159,'manageexaminationnumberscope_detail'),(160,'manageexaminationnumberscope_edit',160,'manageexaminationnumberscope_edit'),(161,'manageexaminationnumberscope_delete',161,'manageexaminationnumberscope_delete'),(162,'manageexaminationnumberscope_csv',162,'manageexaminationnumberscope_csv'),(163,'manageexaminationnumber',163,'manageexaminationnumber'),(164,'manageexaminationnumber_add',164,'manageexaminationnumber_add'),(165,'manageexaminationnumber_detail',165,'manageexaminationnumber_detail'),(166,'manageexaminationnumber_edit',166,'manageexaminationnumber_edit'),(167,'manageexaminationnumber_delete',167,'manageexaminationnumber_delete'),(168,'manageexaminationnumber_csv',168,'manageexaminationnumber_csv'),(169,'managegrade',169,'managegrade'),(170,'managegrade_add',170,'managegrade_add'),(171,'managegrade_detail',171,'managegrade_detail'),(172,'managegrade_edit',172,'managegrade_edit'),(173,'managegrade_delete',173,'managegrade_delete'),(174,'managegrade_csv',174,'managegrade_csv'),(175,'manageresults',175,'manageresults'),(176,'manageresults_add',176,'manageresults_add'),(177,'manageresults_detail',177,'manageresults_detail'),(178,'manageresults_edit',178,'manageresults_edit'),(179,'manageresults_delete',179,'manageresults_delete'),(180,'manageresults_csv',180,'manageresults_csv'),(181,'managecurrency',181,'managecurrency'),(182,'managecurrency_add',182,'managecurrency_add'),(183,'managecurrency_detail',183,'managecurrency_detail'),(184,'managecurrency_edit',184,'managecurrency_edit'),(185,'managecurrency_delete',185,'managecurrency_delete'),(186,'managecurrency_csv',186,'managecurrency_csv'),(187,'managefeestructure',187,'managefeestructure'),(188,'managefeestructure_add',188,'managefeestructure_add'),(189,'managefeestructure_detail',189,'managefeestructure_detail'),(190,'managefeestructure_edit',190,'managefeestructure_edit'),(191,'managefeestructure_delete',191,'managefeestructure_delete'),(192,'managefeestructure_csv',192,'managefeestructure_csv'),(193,'managefeeinvoice',193,'managefeeinvoice'),(194,'managefeeinvoice_add',194,'managefeeinvoice_add'),(195,'managefeeinvoice_detail',195,'managefeeinvoice_detail'),(196,'managefeeinvoice_edit',196,'managefeeinvoice_edit'),(197,'managefeeinvoice_delete',197,'managefeeinvoice_delete'),(198,'managefeeinvoice_csv',198,'managefeeinvoice_csv'),(199,'managefeepayer',199,'managefeepayer'),(200,'managefeepayer_add',200,'managefeepayer_add'),(201,'managefeepayer_detail',201,'managefeepayer_detail'),(202,'managefeepayer_edit',202,'managefeepayer_edit'),(203,'managefeepayer_delete',203,'managefeepayer_delete'),(204,'managefeepayer_csv',204,'managefeepayer_csv'),(205,'managefeepayment',205,'managefeepayment'),(206,'managefeepayment_add',206,'managefeepayment_add'),(207,'managefeepayment_detail',207,'managefeepayment_detail'),(208,'managefeepayment_edit',208,'managefeepayment_edit'),(209,'managefeepayment_delete',209,'managefeepayment_delete'),(210,'managefeepayment_csv',210,'managefeepayment_csv'),(211,'managevenue',211,'managevenue'),(212,'managevenue_add',212,'managevenue_add'),(213,'managevenue_detail',213,'managevenue_detail'),(214,'managevenue_edit',214,'managevenue_edit'),(215,'managevenue_delete',215,'managevenue_delete'),(216,'managevenue_csv',216,'managevenue_csv'),(217,'managetimetable',217,'managetimetable'),(218,'managetimetable_add',218,'managetimetable_add'),(219,'managetimetable_detail',219,'managetimetable_detail'),(220,'managetimetable_edit',220,'managetimetable_edit'),(221,'managetimetable_delete',221,'managetimetable_delete'),(222,'managetimetable_csv',222,'managetimetable_csv'),(223,'manageschedule',223,'manageschedule'),(224,'manageschedule_add',224,'manageschedule_add'),(225,'manageschedule_detail',225,'manageschedule_detail'),(226,'manageschedule_edit',226,'manageschedule_edit'),(227,'manageschedule_delete',227,'manageschedule_delete'),(228,'manageschedule_csv',228,'manageschedule_csv'),(229,'manageholiday',229,'manageholiday'),(230,'manageholiday_add',230,'manageholiday_add'),(231,'manageholiday_detail',231,'manageholiday_detail'),(232,'manageholiday_edit',232,'manageholiday_edit'),(233,'manageholiday_delete',233,'manageholiday_delete'),(234,'manageholiday_csv',234,'manageholiday_csv'),(235,'manageattendance',235,'manageattendance'),(236,'manageattendance_add',236,'manageattendance_add'),(237,'manageattendance_detail',237,'manageattendance_detail'),(238,'manageattendance_edit',238,'manageattendance_edit'),(239,'manageattendance_delete',239,'manageattendance_delete'),(240,'manageattendance_csv',240,'manageattendance_csv'),(241,'manageleavetype',241,'manageleavetype'),(242,'manageleavetype_add',242,'manageleavetype_add'),(243,'manageleavetype_detail',243,'manageleavetype_detail'),(244,'manageleavetype_edit',244,'manageleavetype_edit'),(245,'manageleavetype_delete',245,'manageleavetype_delete'),(246,'manageleavetype_csv',246,'manageleavetype_csv'),(247,'manageleaveapprovalschemagroup',247,'manageleaveapprovalschemagroup'),(248,'manageleaveapprovalschemagroup_add',248,'manageleaveapprovalschemagroup_add'),(249,'manageleaveapprovalschemagroup_detail',249,'manageleaveapprovalschemagroup_detail'),(250,'manageleaveapprovalschemagroup_edit',250,'manageleaveapprovalschemagroup_edit'),(251,'manageleaveapprovalschemagroup_delete',251,'manageleaveapprovalschemagroup_delete'),(252,'manageleaveapprovalschemagroup_csv',252,'manageleaveapprovalschemagroup_csv'),(253,'manageleaveapprovalschema',253,'manageleaveapprovalschema'),(254,'manageleaveapprovalschema_add',254,'manageleaveapprovalschema_add'),(255,'manageleaveapprovalschema_detail',255,'manageleaveapprovalschema_detail'),(256,'manageleaveapprovalschema_edit',256,'manageleaveapprovalschema_edit'),(257,'manageleaveapprovalschema_delete',257,'manageleaveapprovalschema_delete'),(258,'manageleaveapprovalschema_csv',258,'manageleaveapprovalschema_csv'),(259,'manageleaveapplication',259,'manageleaveapplication'),(260,'manageleaveapplication_add',260,'manageleaveapplication_add'),(261,'manageleaveapplication_detail',261,'manageleaveapplication_detail'),(262,'manageleaveapplication_edit',262,'manageleaveapplication_edit'),(263,'manageleaveapplication_delete',263,'manageleaveapplication_delete'),(264,'manageleaveapplication_csv',264,'manageleaveapplication_csv'),(265,'managemessagetype',265,'managemessagetype'),(266,'managemessagetype_add',266,'managemessagetype_add'),(267,'managemessagetype_detail',267,'managemessagetype_detail'),(268,'managemessagetype_edit',268,'managemessagetype_edit'),(269,'managemessagetype_delete',269,'managemessagetype_delete'),(270,'managemessagetype_csv',270,'managemessagetype_csv'),(271,'managemessagepolicytype',271,'managemessagepolicytype'),(272,'managemessagepolicytype_add',272,'managemessagepolicytype_add'),(273,'managemessagepolicytype_detail',273,'managemessagepolicytype_detail'),(274,'managemessagepolicytype_edit',274,'managemessagepolicytype_edit'),(275,'managemessagepolicytype_delete',275,'managemessagepolicytype_delete'),(276,'managemessagepolicytype_csv',276,'managemessagepolicytype_csv'),(277,'manageresultschangingschemagroup',277,'manageresultschangingschemagroup'),(278,'manageresultschangingschemagroup_add',278,'manageresultschangingschemagroup_add'),(279,'manageresultschangingschemagroup_detail',279,'manageresultschangingschemagroup_detail'),(280,'manageresultschangingschemagroup_edit',280,'manageresultschangingschemagroup_edit'),(281,'manageresultschangingschemagroup_delete',281,'manageresultschangingschemagroup_delete'),(282,'manageresultschangingschemagroup_csv',282,'manageresultschangingschemagroup_csv'),(283,'manageresultschangingschema',283,'manageresultschangingschema'),(284,'manageresultschangingschema_add',284,'manageresultschangingschema_add'),(285,'manageresultschangingschema_detail',285,'manageresultschangingschema_detail'),(286,'manageresultschangingschema_edit',286,'manageresultschangingschema_edit'),(287,'manageresultschangingschema_delete',287,'manageresultschangingschema_delete'),(288,'manageresultschangingschema_csv',288,'manageresultschangingschema_csv'),(289,'manageresultschangelog',289,'manageresultschangelog'),(290,'manageresultschangelog_add',290,'manageresultschangelog_add'),(291,'manageresultschangelog_detail',291,'manageresultschangelog_detail'),(292,'manageresultschangelog_edit',292,'manageresultschangelog_edit'),(293,'manageresultschangelog_delete',293,'manageresultschangelog_delete'),(294,'manageresultschangelog_csv',294,'manageresultschangelog_csv'),(295,'manageentrycriteria',295,'manageentrycriteria'),(296,'manageentrycriteria_add',296,'manageentrycriteria_add'),(297,'manageentrycriteria_detail',297,'manageentrycriteria_detail'),(298,'manageentrycriteria_edit',298,'manageentrycriteria_edit'),(299,'manageentrycriteria_delete',299,'manageentrycriteria_delete'),(300,'manageentrycriteria_csv',300,'manageentrycriteria_csv'),(301,'managegeneralapprovalschema',301,'managegeneralapprovalschema'),(302,'managegeneralapprovalschema_add',302,'managegeneralapprovalschema_add'),(303,'managegeneralapprovalschema_detail',303,'managegeneralapprovalschema_detail'),(304,'managegeneralapprovalschema_edit',304,'managegeneralapprovalschema_edit'),(305,'managegeneralapprovalschema_delete',305,'managegeneralapprovalschema_delete'),(306,'managegeneralapprovalschema_csv',306,'managegeneralapprovalschema_csv'),(307,'managegeneralapprovaldata',307,'managegeneralapprovaldata'),(308,'managegeneralapprovaldata_add',308,'managegeneralapprovaldata_add'),(309,'managegeneralapprovaldata_detail',309,'managegeneralapprovaldata_detail'),(310,'managegeneralapprovaldata_edit',310,'managegeneralapprovaldata_edit'),(311,'managegeneralapprovaldata_delete',311,'managegeneralapprovaldata_delete'),(312,'managegeneralapprovaldata_csv',312,'managegeneralapprovaldata_csv'),(313,'manageadmissionprogress',313,'manageadmissionprogress'),(314,'manageadmissionprogress_add',314,'manageadmissionprogress_add'),(315,'manageadmissionprogress_detail',315,'manageadmissionprogress_detail'),(316,'manageadmissionprogress_edit',316,'manageadmissionprogress_edit'),(317,'manageadmissionprogress_delete',317,'manageadmissionprogress_delete'),(318,'manageadmissionprogress_csv',318,'manageadmissionprogress_csv'),(319,'managesystemfirewall',319,'Manage System Firewall'),(320,'managesystemfirewall_graph',320,'Manage System Firewall Graphs'),(321,'menu_system',321,'System Menu'),(322,'menu_users',322,'Users Menu'),(323,'menu_courses',323,'Courses Menu'),(324,'menu_accademics',324,'Accademics Menu'),(325,'menu_examination',325,'Examination Menu'),(326,'menu_resources',326,'Resources Menu'),(327,'menu_accounts',327,'Accounts Menu'),(328,'menu_messaging',328,'Messaging Menu'),(329,'menu_attendance',329,'Attendance Menu'),(330,'menu_help',330,'Help Menu'),(331,'menu_registration',331,'Registration Menu'),(332,'managesystemlogs',332,'System Logs'),(333,'menu_tools',333,'System Tools'),(334,'manageclassofaward',334,'manageclassofaward'),(335,'manageclassofaward_add',335,'manageclassofaward_add'),(336,'manageclassofaward_detail',336,'manageclassofaward_detail'),(337,'manageclassofaward_edit',337,'manageclassofaward_edit'),(338,'manageclassofaward_delete',338,'manageclassofaward_delete'),(339,'manageclassofaward_csv',339,'manageclassofaward_csv'),(340,'managecontextmanager',340,'managecontextmanager'),(341,'manageaccademicyear',341,'manageaccademicyear'),(342,'menu_results',342,'menu_results'),(343,'manageresultsgroup',343,'manageresultsgroup'),(344,'manageresultsgroup_add',344,'manageresultsgroup_add'),(345,'manageresultsgroup_detail',345,'manageresultsgroup_detail'),(346,'manageresultsgroup_edit',346,'manageresultsgroup_edit'),(347,'manageresultsgroup_delete',347,'manageresultsgroup_delete'),(348,'manageresultsgroup_csv',348,'manageresultsgroup_csv'),(349,'managestudent_admit',349,'managestudent_admit'),(350,'manageadmission_open_close',350,'manageadmission_open_close'),(351,'menu_studentportal',351,'menu_studentportal'),(352,'studentportal_subject',352,'studentportal_subject'),(353,'studentportal_results',353,'studentportal_results'),(354,'studentportal_semester_registration',354,'studentportal_semester_registration'),(355,'manageresults_make_template',355,'make results template'),(356,'manageresults_upload',356,'Upload Results'),(357,'manageresults_download',357,'Download Results'),(358,'manageresults_publish',358,'Publish Results'),(359,'manageresults_change_policy',359,'Change Results Policy'),(360,'submenu_results_management',360,'Submenu Results Management'),(361,'submenu_results_upload',361,'Submenu Results Upload'),(362,'submenu_results_download',362,'Submenu Results Download'),(363,'submenu_results_tools',363,'Submenu Results Tools'),(364,'manageresults_change_maximum_score',364,'Change Maximum Score'),(365,'managemessagepolicy',365,'Manage Message Policy'),(366,'managemessagepolicy_add',366,'Add Message Policy'),(367,'managemessagepolicy_delete',367,'Remove Message Policy'),(368,'managemessagepolicy_detail',368,'Details of Message Policy'),(369,'managefeeinvoicegroup',369,'Fee Invoice Group'),(370,'managefeeinvoicegroup_add',370,'Add a New Fee Invoice Group'),(371,'managefeeinvoicegroup_detail',371,'Details of Fee Invoice Group'),(372,'managefeeinvoicegroup_edit',372,'Edit Fee Invoice Group'),(373,'managefeeinvoicegroup_delete',373,'Delete Fee Invoice Group'),(374,'managefeeinvoicegroup_csv',374,'Download CSV for Fee Invoice Group'),(375,'submenu_invoices',375,'Invoices Submenu'),(376,'managecourse_synchronize',376,'Synchronize courses'),(377,'manageresults_synchronize',377,'Synchronize results'),(378,'manageprofile_advance_accademicyear',378,'Advance Accademic Year'),(379,'managestudent_registration_progress',379,'Registration Progress Management'),(380,'manageresults_monitor_devel',380,'Monitor Results, Development'),(381,'manageapprovalsequenceschema',381,'manageapprovalsequenceschema'),(382,'manageapprovalsequenceschema_add',382,'manageapprovalsequenceschema_add'),(383,'manageapprovalsequenceschema_detail',383,'manageapprovalsequenceschema_detail'),(384,'manageapprovalsequenceschema_edit',384,'manageapprovalsequenceschema_edit'),(385,'manageapprovalsequenceschema_delete',385,'manageapprovalsequenceschema_delete'),(386,'manageapprovalsequenceschema_csv',386,'manageapprovalsequenceschema_csv'),(387,'manageapprovalsequencedata',387,'manageapprovalsequencedata'),(388,'manageapprovalsequencedata_add',388,'manageapprovalsequencedata_add'),(389,'manageapprovalsequencedata_detail',389,'manageapprovalsequencedata_detail'),(390,'manageapprovalsequencedata_edit',390,'manageapprovalsequencedata_edit'),(391,'manageapprovalsequencedata_delete',391,'manageapprovalsequencedata_delete'),(392,'manageapprovalsequencedata_csv',392,'manageapprovalsequencedata_csv'),(393,'manageprofile_change_semester',393,'Change System Semester'),(394,'studentportal_payment_history',394,'View Student Payment History'),(395,'studentportal_transcript',395,'View Transcript for a Graduated Student');
/*!40000 ALTER TABLE `contextPosition` ENABLE KEYS */;
UNLOCK TABLES;

--
-- Table structure for table `country`
--

DROP TABLE IF EXISTS `country`;
/*!40101 SET @saved_cs_client     = @@character_set_client */;
/*!40101 SET character_set_client = utf8 */;
CREATE TABLE `country` (
  `countryId` int(10) unsigned NOT NULL AUTO_INCREMENT,
  `countryName` varchar(48) NOT NULL,
  `abbreviation` varchar(4) NOT NULL,
  `code` int(3) NOT NULL,
  `timezone` varchar(5) NOT NULL DEFAULT '03:00',
  `extraFilter` varchar(32) DEFAULT NULL,
  `extraInformation` varchar(64) DEFAULT NULL,
  `flags` int(5) NOT NULL DEFAULT '15',
  PRIMARY KEY (`countryId`),
  UNIQUE KEY `countryName` (`countryName`)
) ENGINE=InnoDB AUTO_INCREMENT=259 DEFAULT CHARSET=latin1;
/*!40101 SET character_set_client = @saved_cs_client */;

--
-- Dumping data for table `country`
--

LOCK TABLES `country` WRITE;
/*!40000 ALTER TABLE `country` DISABLE KEYS */;
INSERT INTO `country` VALUES (1,'Afghanistan','AF',255,'0300',NULL,NULL,15),(2,'Akrotiri','00',255,'0300',NULL,NULL,15),(3,'Albania','AL',255,'0300',NULL,NULL,15),(4,'Algeria','DZ',255,'0300',NULL,NULL,15),(5,'American Samoa','AS',255,'0300',NULL,NULL,15),(6,'Andorra','AD',255,'0300',NULL,NULL,15),(7,'Angola','AO',255,'0300',NULL,NULL,15),(8,'Anguilla','AI',255,'0300',NULL,NULL,15),(9,'Antarctica','AQ',255,'0300',NULL,NULL,15),(10,'Antigua and Barbuda','AG',255,'0300',NULL,NULL,15),(11,'Argentina','AR',255,'0300',NULL,NULL,15),(12,'Armenia','AM',255,'0300',NULL,NULL,15),(13,'Aruba','AW',255,'0300',NULL,NULL,15),(14,'Ashmore and Cartier Islands','00',255,'0300',NULL,NULL,15),(15,'Australia','AU',255,'0300',NULL,NULL,15),(16,'Austria','AT',255,'0300',NULL,NULL,15),(17,'Azerbaijan','00',255,'0300',NULL,NULL,15),(18,'Bahamas, The','BS',255,'0300',NULL,NULL,15),(19,'Bahrain','BH',255,'0300',NULL,NULL,15),(20,'Bangladesh','BD',255,'0300',NULL,NULL,15),(21,'Barbados','BB',255,'0300',NULL,NULL,15),(22,'Bassas da India','00',255,'0300',NULL,NULL,15),(23,'Belarus','BY',255,'0300',NULL,NULL,15),(24,'Belgium','BE',255,'0300',NULL,NULL,15),(25,'Belize','BZ',255,'0300',NULL,NULL,15),(26,'Benin','BJ',255,'0300',NULL,NULL,15),(27,'Bermuda','BM',255,'0300',NULL,NULL,15),(28,'Bhutan','BT',255,'0300',NULL,NULL,15),(29,'Bolivia','BO',255,'0300',NULL,NULL,15),(30,'Bosnia and Herzegovina','BA',255,'0300',NULL,NULL,15),(31,'Botswana','BW',255,'0300',NULL,NULL,15),(32,'Bouvet Island','BV',255,'0300',NULL,NULL,15),(33,'Brazil','BR',255,'0300',NULL,NULL,15),(34,'British Indian Ocean Territory','IO',255,'0300',NULL,NULL,15),(35,'British Virgin Islands','00',255,'0300',NULL,NULL,15),(36,'Brunei','BN',255,'0300',NULL,NULL,15),(37,'Bulgaria','BG',255,'0300',NULL,NULL,15),(38,'Burkina Faso','BF',255,'0300',NULL,NULL,15),(39,'Burma','MM',255,'0300',NULL,NULL,15),(40,'Burundi','BI',255,'0300',NULL,NULL,15),(41,'Cambodia','KH',255,'0300',NULL,NULL,15),(42,'Cameroon','CM',255,'0300',NULL,NULL,15),(43,'Canada','CA',255,'0300',NULL,NULL,15),(44,'Cape Verde','CV',255,'0300',NULL,NULL,15),(45,'Cayman Islands','KY',255,'0300',NULL,NULL,15),(46,'Central African Republic','CF',255,'0300',NULL,NULL,15),(47,'Chad','TD',255,'0300',NULL,NULL,15),(48,'Chile','CL',255,'0300',NULL,NULL,15),(49,'China','CN',255,'0300',NULL,NULL,15),(50,'Christmas Island','CX',255,'0300',NULL,NULL,15),(51,'Clipperton Island','00',255,'0300',NULL,NULL,15),(52,'Cocos (Keeling) Islands','CC',255,'0300',NULL,NULL,15),(53,'Colombia','CO',255,'0300',NULL,NULL,15),(54,'Comoros','KM',255,'0300',NULL,NULL,15),(55,'Congo, Democratic Republic of th','CD',255,'0300',NULL,NULL,15),(56,'Congo, Republic of the','CG',255,'0300',NULL,NULL,15),(57,'Cook Islands','CK',255,'0300',NULL,NULL,15),(58,'Coral Sea Islands','00',255,'0300',NULL,NULL,15),(59,'Costa Rica','CR',255,'0300',NULL,NULL,15),(60,'Cote d\'Ivoire','CI',255,'0300',NULL,NULL,15),(61,'Croatia','HR',255,'0300',NULL,NULL,15),(62,'Cuba','CU',255,'0300',NULL,NULL,15),(63,'Cyprus','CY',255,'0300',NULL,NULL,15),(64,'Czech Republic','CZ',255,'0300',NULL,NULL,15),(65,'Denmark','DK',255,'0300',NULL,NULL,15),(66,'Dhekelia','00',255,'0300',NULL,NULL,15),(67,'Djibouti','DJ',255,'0300',NULL,NULL,15),(68,'Dominica','DM',255,'0300',NULL,NULL,15),(69,'Dominican Republic','DO',255,'0300',NULL,NULL,15),(70,'Ecuador','EC',255,'0300',NULL,NULL,15),(71,'Egypt','EG',255,'0300',NULL,NULL,15),(72,'El Salvador','SV',255,'0300',NULL,NULL,15),(73,'Equatorial Guinea','GQ',255,'0300',NULL,NULL,15),(74,'Eritrea','ER',255,'0300',NULL,NULL,15),(75,'Estonia','EE',255,'0300',NULL,NULL,15),(76,'Ethiopia','ET',255,'0300',NULL,NULL,15),(77,'Europa Island','00',255,'0300',NULL,NULL,15),(78,'Falkland Islands (Islas Malvinas','FK',255,'0300',NULL,NULL,15),(79,'Faroe Islands','FO',255,'0300',NULL,NULL,15),(80,'Fiji','FJ',255,'0300',NULL,NULL,15),(81,'Finland','FI',255,'0300',NULL,NULL,15),(82,'France','FR',255,'0300',NULL,NULL,15),(83,'French Guiana','GF',255,'0300',NULL,NULL,15),(84,'French Polynesia','PF',255,'0300',NULL,NULL,15),(85,'French Southern and Antarctic La','TF',255,'0300',NULL,NULL,15),(86,'Gabon','GA',255,'0300',NULL,NULL,15),(87,'Gambia, The','GM',255,'0300',NULL,NULL,15),(88,'Gaza Strip','00',255,'0300',NULL,NULL,15),(89,'Georgia','GE',255,'0300',NULL,NULL,15),(90,'Germany','DE',255,'0300',NULL,NULL,15),(91,'Ghana','GH',255,'0300',NULL,NULL,15),(92,'Gibraltar','GI',255,'0300',NULL,NULL,15),(93,'Glorioso Islands','00',255,'0300',NULL,NULL,15),(94,'Greece','GR',255,'0300',NULL,NULL,15),(95,'Greenland','GL',255,'0300',NULL,NULL,15),(96,'Grenada','GD',255,'0300',NULL,NULL,15),(97,'Guadeloupe','GP',255,'0300',NULL,NULL,15),(98,'Guam','GU',255,'0300',NULL,NULL,15),(99,'Guatemala','GT',255,'0300',NULL,NULL,15),(100,'Guernsey','00',255,'0300',NULL,NULL,15),(101,'Guinea','GN',255,'0300',NULL,NULL,15),(102,'Guinea-Bissau','GW',255,'0300',NULL,NULL,15),(103,'Guyana','GY',255,'0300',NULL,NULL,15),(104,'Haiti','HT',255,'0300',NULL,NULL,15),(105,'Heard Island and McDonald Island','HM',255,'0300',NULL,NULL,15),(106,'Holy See (Vatican City)','VA',255,'0300',NULL,NULL,15),(107,'Honduras','HN',255,'0300',NULL,NULL,15),(108,'Hong Kong','HK',255,'0300',NULL,NULL,15),(109,'Hungary','HU',255,'0300',NULL,NULL,15),(110,'Iceland','IS',255,'0300',NULL,NULL,15),(111,'India','IN',255,'0300',NULL,NULL,15),(112,'Indonesia','ID',255,'0300',NULL,NULL,15),(113,'Iran','IR',255,'0300',NULL,NULL,15),(114,'Iraq','IQ',255,'0300',NULL,NULL,15),(115,'Ireland','IE',255,'0300',NULL,NULL,15),(116,'Isle of Man','00',255,'0300',NULL,NULL,15),(117,'Israel','IL',255,'0300',NULL,NULL,15),(118,'Italy','IT',255,'0300',NULL,NULL,15),(119,'Jamaica','JM',255,'0300',NULL,NULL,15),(120,'Jan Mayen','00',255,'0300',NULL,NULL,15),(121,'Japan','JP',255,'0300',NULL,NULL,15),(122,'Jersey','00',255,'0300',NULL,NULL,15),(123,'Jordan','JO',255,'0300',NULL,NULL,15),(124,'Juan de Nova Island','00',255,'0300',NULL,NULL,15),(125,'Kazakhstan','KZ',255,'0300',NULL,NULL,15),(126,'Kenya','KE',255,'0300',NULL,NULL,15),(127,'Kiribati','KI',255,'0300',NULL,NULL,15),(128,'Korea, North','00',255,'0300',NULL,NULL,15),(129,'Korea, South','00',255,'0300',NULL,NULL,15),(130,'Kuwait','KP',255,'0300',NULL,NULL,15),(131,'Kyrgyzstan','KG',255,'0300',NULL,NULL,15),(132,'Laos','LA',255,'0300',NULL,NULL,15),(133,'Latvia','LV',255,'0300',NULL,NULL,15),(134,'Lebanon','LB',255,'0300',NULL,NULL,15),(135,'Lesotho','LS',255,'0300',NULL,NULL,15),(136,'Liberia','LR',255,'0300',NULL,NULL,15),(137,'Libya','LY',255,'0300',NULL,NULL,15),(138,'Liechtenstein','LI',255,'0300',NULL,NULL,15),(139,'Lithuania','LT',255,'0300',NULL,NULL,15),(140,'Luxembourg','LU',255,'0300',NULL,NULL,15),(141,'Macau','MO',255,'0300',NULL,NULL,15),(142,'Macedonia','MK',255,'0300',NULL,NULL,15),(143,'Madagascar','MG',255,'0300',NULL,NULL,15),(144,'Malawi','MW',255,'0300',NULL,NULL,15),(145,'Malaysia','MY',255,'0300',NULL,NULL,15),(146,'Maldives','MV',255,'0300',NULL,NULL,15),(147,'Mali','ML',255,'0300',NULL,NULL,15),(148,'Malta','MT',255,'0300',NULL,NULL,15),(149,'Marshall Islands','MH',255,'0300',NULL,NULL,15),(150,'Martinique','MQ',255,'0300',NULL,NULL,15),(151,'Mauritania','MR',255,'0300',NULL,NULL,15),(152,'Mauritius','MU',255,'0300',NULL,NULL,15),(153,'Mayotte','YT',255,'0300',NULL,NULL,15),(154,'Mexico','MX',255,'0300',NULL,NULL,15),(155,'Micronesia, Federated States of','FM',255,'0300',NULL,NULL,15),(156,'Moldova','MD',255,'0300',NULL,NULL,15),(157,'Monaco','MC',255,'0300',NULL,NULL,15),(158,'Mongolia','MN',255,'0300',NULL,NULL,15),(159,'Montserrat','MS',255,'0300',NULL,NULL,15),(160,'Morocco','MA',255,'0300',NULL,NULL,15),(161,'Mozambique','MZ',255,'0300',NULL,NULL,15),(162,'Namibia','NA',255,'0300',NULL,NULL,15),(163,'Nauru','NR',255,'0300',NULL,NULL,15),(164,'Navassa Island','00',255,'0300',NULL,NULL,15),(165,'Nepal','NP',255,'0300',NULL,NULL,15),(166,'Netherlands','NL',255,'0300',NULL,NULL,15),(167,'Netherlands Antilles','AN',255,'0300',NULL,NULL,15),(168,'New Caledonia','NC',255,'0300',NULL,NULL,15),(169,'New Zealand','NZ',255,'0300',NULL,NULL,15),(170,'Nicaragua','NI',255,'0300',NULL,NULL,15),(171,'Niger','NE',255,'0300',NULL,NULL,15),(172,'Nigeria','NG',255,'0300',NULL,NULL,15),(173,'Niue','NU',255,'0300',NULL,NULL,15),(174,'Norfolk Island','NF',255,'0300',NULL,NULL,15),(175,'Northern Mariana Islands','MP',255,'0300',NULL,NULL,15),(176,'Norway','NO',255,'0300',NULL,NULL,15),(177,'Oman','OM',255,'0300',NULL,NULL,15),(178,'Pakistan','PK',255,'0300',NULL,NULL,15),(179,'Palau','PW',255,'0300',NULL,NULL,15),(180,'Panama','PA',255,'0300',NULL,NULL,15),(181,'Papua New Guinea','PG',255,'0300',NULL,NULL,15),(182,'Paracel Islands','00',255,'0300',NULL,NULL,15),(183,'Paraguay','PY',255,'0300',NULL,NULL,15),(184,'Peru','PE',255,'0300',NULL,NULL,15),(185,'Philippines','PH',255,'0300',NULL,NULL,15),(186,'Pitcairn Islands','PN',255,'0300',NULL,NULL,15),(187,'Poland','PL',255,'0300',NULL,NULL,15),(188,'Portugal','PT',255,'0300',NULL,NULL,15),(189,'Puerto Rico','PR',255,'0300',NULL,NULL,15),(190,'Qatar','QA',255,'0300',NULL,NULL,15),(191,'Reunion','RE',255,'0300',NULL,NULL,15),(192,'Romania','RO',255,'0300',NULL,NULL,15),(193,'Russia','RU',255,'0300',NULL,NULL,15),(194,'Rwanda','RW',255,'0300',NULL,NULL,15),(195,'Saint Helena','00',255,'0300',NULL,NULL,15),(196,'Saint Kitts and Nevis','KN',255,'0300',NULL,NULL,15),(197,'Saint Lucia','LC',255,'0300',NULL,NULL,15),(198,'Saint Pierre and Miquelon','00',255,'0300',NULL,NULL,15),(199,'Saint Vincent and the Grenadines','VC',255,'0300',NULL,NULL,15),(200,'Samoa','WS',255,'0300',NULL,NULL,15),(201,'San Marino','SM',255,'0300',NULL,NULL,15),(202,'Sao Tome and Principe','ST',255,'0300',NULL,NULL,15),(203,'Saudi Arabia','SA',255,'0300',NULL,NULL,15),(204,'Senegal','SN',255,'0300',NULL,NULL,15),(205,'Serbia and Montenegro','RS',255,'0300',NULL,NULL,15),(206,'Seychelles','SC',255,'0300',NULL,NULL,15),(207,'Sierra Leone','SL',255,'0300',NULL,NULL,15),(208,'Singapore','SG',255,'0300',NULL,NULL,15),(209,'Slovakia','SK',255,'0300',NULL,NULL,15),(210,'Slovenia','SI',255,'0300',NULL,NULL,15),(211,'Solomon Islands','SB',255,'0300',NULL,NULL,15),(212,'Somalia','SO',255,'0300',NULL,NULL,15),(213,'South Africa','ZA',255,'0300',NULL,NULL,15),(214,'South Georgia and the South Sand','GS',255,'0300',NULL,NULL,15),(215,'Spain','ES',255,'0300',NULL,NULL,15),(216,'Spratly Islands','00',255,'0300',NULL,NULL,15),(217,'Sri Lanka','LK',255,'0300',NULL,NULL,15),(218,'Sudan','SD',255,'0300',NULL,NULL,15),(219,'Suriname','SR',255,'0300',NULL,NULL,15),(220,'Svalbard','SJ',255,'0300',NULL,NULL,15),(221,'Swaziland','SZ',255,'0300',NULL,NULL,15),(222,'Sweden','SE',255,'0300',NULL,NULL,15),(223,'Switzerland','CH',255,'0300',NULL,NULL,15),(224,'Syria','SY',255,'0300',NULL,NULL,15),(225,'Taiwan','TW',255,'0300',NULL,NULL,15),(226,'Tajikistan','TJ',255,'0300',NULL,NULL,15),(227,'Tanzania','TZ',255,'0300',NULL,NULL,15),(228,'Thailand','TH',255,'0300',NULL,NULL,15),(229,'Timor-Leste','00',255,'0300',NULL,NULL,15),(230,'Togo','TG',255,'0300',NULL,NULL,15),(231,'Tokelau','TK',255,'0300',NULL,NULL,15),(232,'Tonga','TO',255,'0300',NULL,NULL,15),(233,'Trinidad and Tobago','TT',255,'0300',NULL,NULL,15),(234,'Tromelin Island','00',255,'0300',NULL,NULL,15),(235,'Tunisia','TN',255,'0300',NULL,NULL,15),(236,'Turkey','TR',255,'0300',NULL,NULL,15),(237,'Turkmenistan','TM',255,'0300',NULL,NULL,15),(238,'Turks and Caicos Islands','TC',255,'0300',NULL,NULL,15),(239,'Tuvalu','TV',255,'0300',NULL,NULL,15),(240,'Uganda','UG',255,'0300',NULL,NULL,15),(241,'Ukraine','UA',255,'0300',NULL,NULL,15),(242,'United Arab Emirates','AE',255,'0300',NULL,NULL,15),(243,'United Kingdom','GB',255,'0300',NULL,NULL,15),(244,'United States','US',255,'0300',NULL,NULL,15),(245,'Uruguay','UY',255,'0300',NULL,NULL,15),(246,'Uzbekistan','UZ',255,'0300',NULL,NULL,15),(247,'Vanuatu','VU',255,'0300',NULL,NULL,15),(248,'Venezuela','VE',255,'0300',NULL,NULL,15),(249,'Vietnam','VN',255,'0300',NULL,NULL,15),(250,'Virgin Islands','VI',255,'0300',NULL,NULL,15),(251,'Wake Island','00',255,'0300',NULL,NULL,15),(252,'Wallis and Futuna','WF',255,'0300',NULL,NULL,15),(253,'West Bank','00',255,'0300',NULL,NULL,15),(254,'Western Sahara','EH',255,'0300',NULL,NULL,15),(255,'Yemen','YE',255,'0300',NULL,NULL,15),(256,'Zambia','ZM',255,'0300',NULL,NULL,15),(257,'Zimbabwe','ZW',255,'0300',NULL,NULL,15),(258,'South Sudan','SS',255,'0300',NULL,NULL,15);
/*!40000 ALTER TABLE `country` ENABLE KEYS */;
UNLOCK TABLES;

--
-- Table structure for table `course`
--

DROP TABLE IF EXISTS `course`;
/*!40101 SET @saved_cs_client     = @@character_set_client */;
/*!40101 SET character_set_client = utf8 */;
CREATE TABLE `course` (
  `courseId` int(10) unsigned NOT NULL AUTO_INCREMENT,
  `courseName` varchar(48) NOT NULL,
  `courseCode` varchar(12) NOT NULL,
  `duration` int(2) unsigned NOT NULL,
  `departmentId` int(10) unsigned NOT NULL,
  `nextRegistrationNumber` int(16) unsigned NOT NULL DEFAULT '1',
  `registrationNumberWidth` int(16) unsigned NOT NULL DEFAULT '4',
  `nextExaminationNumber` int(16) unsigned NOT NULL DEFAULT '1',
  `examinationNumberWidth` int(16) unsigned NOT NULL DEFAULT '4',
  `levelId` int(10) unsigned NOT NULL,
  `minimumPoints` int(4) unsigned NOT NULL DEFAULT '0',
  `maximumPoints` int(4) unsigned NOT NULL DEFAULT '1000',
  `minimumGPABeforeSupplimentary` varchar(8) NOT NULL DEFAULT '0.0',
  `minimumGPAAfterSupplimentary` varchar(8) NOT NULL DEFAULT '0.0',
  `extraFilter` varchar(32) DEFAULT NULL,
  `extraInformation` varchar(64) DEFAULT NULL,
  `flags` int(5) NOT NULL DEFAULT '15',
  PRIMARY KEY (`courseId`),
  UNIQUE KEY `courseName` (`courseName`),
  UNIQUE KEY `courseCode` (`courseCode`),
  KEY `departmentId` (`departmentId`),
  KEY `levelId` (`levelId`),
  CONSTRAINT `course_ibfk_1` FOREIGN KEY (`departmentId`) REFERENCES `departments` (`departmentId`),
  CONSTRAINT `course_ibfk_2` FOREIGN KEY (`levelId`) REFERENCES `educationlevel` (`levelId`)
) ENGINE=InnoDB AUTO_INCREMENT=18 DEFAULT CHARSET=latin1;
/*!40101 SET character_set_client = @saved_cs_client */;

--
-- Dumping data for table `course`
--

LOCK TABLES `course` WRITE;
/*!40000 ALTER TABLE `course` DISABLE KEYS */;
INSERT INTO `course` VALUES (1,'Testing Course','TCODE',3,1,1,3,1,3,1,0,1000,'0.0','0.0','ZG17VyOu',NULL,15),(2,'Geology and Mineral Exploration (NTA Level 4)','GME4',1,2,1,4,1,4,5,0,1000,'0.0','0.0','Z20myIyR','',15),(3,'Geology and Mineral Exploration (NTA Level 5)','GME5',1,2,1,4,1,4,9,0,1000,'0.0','0.0','1NRsvwM7','',15),(4,'Geology and Mineral Exploration (NTA Level 6)','GME6',1,2,1,4,1,4,12,0,1000,'0.0','0.0','VdW64K0F','',15),(5,'Petroleum Geosciences (NTA Level 4)','PG4',1,2,1,4,1,4,5,0,1000,'0.0','0.0','RPu972Og','Petroleum Geosciences (NTA Level 4)',15),(6,' 	Petroleum Geosciences (NTA Level 5)','PG5',1,2,1,4,1,4,9,0,1000,'0.0','0.0','27j3Zx3J','Petroleum Geosciences (NTA Level 5)',15),(7,'Petroleum Geosciences (NTA Level 6)','PG6',1,2,1,4,1,4,12,0,1000,'0.0','0.0','rGpv9uw0','',15),(8,'Mining Engineering (NTA Level 4)','ME4',1,3,1,4,1,4,5,0,1000,'0.0','0.0','Xua1G0Uk','',15),(9,' 	Mining Engineering (NTA Level 5)','ME5',1,3,1,4,1,4,9,0,1000,'0.0','0.0','29x8z4UZ','',15),(10,'Test Course Part Two','TC02',2,2,1,4,1,4,1,0,100,'1.8','2.0','xUt4begf','',15),(11,'Mining Engineering (NTA Level 6)','ME6',1,3,1,4,1,4,12,0,1000,'1.8','2.0','9p5rruCK','',15),(12,'Mineral Processing Engineering (NTA Level 4)','MPE4',1,3,1,4,1,4,5,0,1000,'1.8','2.0','kof2dgaz','',15),(13,'Mineral Processing Engineering (NTA Level 5)','MPE5',1,3,1,4,1,4,9,0,1000,'1.8','2.0','KL8IEcDy','',15),(14,'Mineral Processing Engineering (NTA Level 6)','MPE6',1,3,1,4,1,4,12,0,1000,'1.8','2.0','7sCGSQAb','',15),(15,'Enviroment Engineering & Management in Mines (4)','EEMM4',1,3,1,4,1,4,5,0,1000,'1.8','2.0','aeuFFXNd','Enviroment Engineering and Management in Mines (NTA Level 4)',15),(16,'Enviroment Engineering & Management in Mines (5)','EEMM5',1,3,1,4,1,4,9,0,1000,'1.8','2.0','DQspLgZn','',15),(17,'Enviroment Engineering & Management in Mines (6)','EEMM6',1,3,1,4,1,4,12,0,1000,'1.8','2.0','h3jHUyVs','Enviroment Engineering and Management in Mines (NTA Level 6)',15);
/*!40000 ALTER TABLE `course` ENABLE KEYS */;
UNLOCK TABLES;

--
-- Table structure for table `courseAndSubjectTransaction`
--

DROP TABLE IF EXISTS `courseAndSubjectTransaction`;
/*!40101 SET @saved_cs_client     = @@character_set_client */;
/*!40101 SET character_set_client = utf8 */;
CREATE TABLE `courseAndSubjectTransaction` (
  `transactionId` int(10) unsigned NOT NULL AUTO_INCREMENT,
  `courseId` int(10) unsigned NOT NULL,
  `subjectId` int(10) unsigned NOT NULL,
  `year` int(2) unsigned NOT NULL,
  `semester` int(2) unsigned NOT NULL,
  `compulsory` tinyint(1) NOT NULL DEFAULT '1',
  `minimumPassMarks` int(4) NOT NULL DEFAULT '40',
  `minimumCourseWork` int(4) NOT NULL DEFAULT '40',
  `extraFilter` varchar(32) DEFAULT NULL,
  `extraInformation` varchar(64) DEFAULT NULL,
  `flags` int(5) NOT NULL DEFAULT '15',
  PRIMARY KEY (`transactionId`),
  KEY `courseId` (`courseId`),
  KEY `subjectId` (`subjectId`),
  CONSTRAINT `courseAndSubjectTransaction_ibfk_1` FOREIGN KEY (`courseId`) REFERENCES `course` (`courseId`),
  CONSTRAINT `courseAndSubjectTransaction_ibfk_2` FOREIGN KEY (`subjectId`) REFERENCES `subject` (`subjectId`)
) ENGINE=InnoDB AUTO_INCREMENT=165 DEFAULT CHARSET=latin1;
/*!40101 SET character_set_client = @saved_cs_client */;

--
-- Dumping data for table `courseAndSubjectTransaction`
--

LOCK TABLES `courseAndSubjectTransaction` WRITE;
/*!40000 ALTER TABLE `courseAndSubjectTransaction` DISABLE KEYS */;
INSERT INTO `courseAndSubjectTransaction` VALUES (1,2,1,1,1,1,40,40,'KF5sQ5ex','geology_mineral_exploration_nta_4',31),(2,2,2,1,1,1,40,40,'YCjUOyur','geology_mineral_exploration_nta_4',15),(3,2,3,1,1,1,40,40,'g0N5gyYb','geology_mineral_exploration_nta_4',15),(4,2,4,1,1,1,40,40,'hieAjPhD','geology_mineral_exploration_nta_4',15),(6,2,53,1,1,1,40,40,'ykKJI82p','geology_mineral_exploration_nta_4',15),(7,2,6,1,1,1,40,40,'4NP2jCLk','geology_mineral_exploration_nta_4',15),(8,2,8,1,1,1,40,40,'6EWZwyNo','geology_mineral_exploration_nta_4',15),(9,2,55,1,1,1,40,40,'Rot9Pi9m','geology_mineral_exploration_nta_4',15),(10,2,9,1,2,1,40,40,'hueyZoSK','geology_mineral_exploration_nta_4',15),(11,2,10,1,2,1,40,40,'eY6KZQCT','geology_mineral_exploration_nta_4',15),(12,2,11,1,2,1,40,40,'H6E2lkUv','geology_mineral_exploration_nta_4',15),(13,2,60,1,2,1,40,40,'QtCmJZL4','geology_mineral_exploration_nta_4',15),(14,2,13,1,2,1,40,40,'5iLRan96','geology_mineral_exploration_nta_4',15),(15,2,14,1,2,1,40,40,'wSQT8qBA','geology_mineral_exploration_nta_4',15),(16,2,15,1,2,1,40,40,'Bs5pq0ud','geology_mineral_exploration_nta_4',15),(17,2,16,1,2,1,40,40,'KH0AafZ0','geology_mineral_exploration_nta_4',15),(18,2,17,1,2,1,40,40,'NSgocicg','geology_mineral_exploration_nta_4',15),(19,3,18,1,1,1,40,40,'V0JKxD19',' 	geology_mineral_exploration_nta_5',15),(20,3,19,1,1,1,40,40,'W3W1eumk',' 	geology_mineral_exploration_nta_5',15),(21,3,20,1,1,1,40,40,'ZECxjLxC',' 	geology_mineral_exploration_nta_5',15),(22,3,21,1,1,1,40,40,'Oyu2yejM',' 	geology_mineral_exploration_nta_5',15),(23,3,22,1,1,1,40,40,'9wkhHCpy',' 	geology_mineral_exploration_nta_5',15),(24,3,23,1,1,1,40,40,'LhS1tHBG',' 	geology_mineral_exploration_nta_5',15),(25,3,68,1,1,1,40,40,'3Y27jFiL',' 	geology_mineral_exploration_nta_5',15),(26,3,25,1,1,1,40,40,'Oe7ZZTe4',' 	geology_mineral_exploration_nta_5',15),(27,3,26,1,2,1,40,40,'5jn9oSQZ','geology_mineral_exploration_nta_5',15),(28,3,27,1,2,1,40,40,'ueXisBy2','geology_mineral_exploration_nta_5',15),(29,3,20,1,2,1,40,40,'UI0GVL7c','geology_mineral_exploration_nta_5',15),(30,3,29,1,2,1,40,40,'6uf4x6ge','geology_mineral_exploration_nta_5',15),(31,3,30,1,2,1,40,40,'Oktb3nJT','geology_mineral_exploration_nta_5',15),(32,3,31,1,2,1,40,40,'OXoNckiU','geology_mineral_exploration_nta_5',15),(33,3,32,1,2,1,40,40,'PaMFLHH2','geology_mineral_exploration_nta_5',15),(34,3,33,1,2,1,40,40,'CFnvtgG2','geology_mineral_exploration_nta_5',15),(35,4,34,1,1,1,40,40,'LDL1scEh','geology_mineral_exploration_nta_6',15),(36,4,35,1,1,1,40,40,'gC0yf7FP','geology_mineral_exploration_nta_6',15),(37,4,36,1,1,1,40,40,'2pYzGJLK','geology_mineral_exploration_nta_6',15),(38,4,37,1,1,1,40,40,'PLoQwLGN','geology_mineral_exploration_nta_6',15),(39,4,38,1,1,1,40,40,'oq15wYcH','geology_mineral_exploration_nta_6',15),(40,4,39,1,1,1,40,40,'u8B5p73e','geology_mineral_exploration_nta_6',15),(41,4,40,1,2,1,40,40,'NDERLaqb','geology_mineral_exploration_nta_6',15),(42,4,41,1,2,1,40,40,'qVEX6muF','geology_mineral_exploration_nta_6',15),(43,4,42,1,2,1,40,40,'GmM7uQ9a',' 	geology_mineral_exploration_nta_6',15),(44,4,43,1,2,1,40,40,'TkqmFzHk',' 	geology_mineral_exploration_nta_6',15),(45,4,44,1,2,1,40,40,'FhyYYHQd',' 	geology_mineral_exploration_nta_6',15),(46,4,45,1,2,1,40,40,'cwUzq0AY',' 	geology_mineral_exploration_nta_6',15),(47,5,46,1,1,1,40,40,'aAls3ZQp','geology_petroleum_geosciences_nta_4',15),(48,5,47,1,1,1,40,40,'HWRKyxFl','geology_petroleum_geosciences_nta_4',15),(49,5,48,1,1,1,40,40,'AlWwhsU7','geology_petroleum_geosciences_nta_4',15),(50,5,51,1,1,1,40,40,'Bvju0xlt','geology_petroleum_geosciences_nta_4',15),(51,5,53,1,1,1,40,40,'tbKqtwIa','geology_petroleum_geosciences_nta_4',15),(52,5,54,1,1,1,40,40,'Y9Y4q9KX','geology_petroleum_geosciences_nta_4',15),(53,5,55,1,1,1,40,40,'P8LaDbez','geology_petroleum_geosciences_nta_4',15),(54,5,3,1,1,1,40,40,'OTRuPlSM','geology_petroleum_geosciences_nta_4',15),(55,5,9,1,2,1,40,40,'RMzC55zv','geology_petroleum_geosciences_nta_4',15),(56,5,10,1,2,1,40,40,'DfaAXlAJ','geology_petroleum_geosciences_nta_4',15),(57,5,58,1,2,1,40,40,'2Zygkgh2','geology_petroleum_geosciences_nta_4',15),(58,5,59,1,2,1,40,40,'NKupWzpb','geology_petroleum_geosciences_nta_4',15),(59,5,60,1,2,1,40,40,'GiKKx1IV','geology_petroleum_geosciences_nta_4',15),(60,5,13,1,2,1,40,40,'rm33SnXZ','geology_petroleum_geosciences_nta_4',15),(61,5,14,1,2,1,40,40,'OGa5InS9','geology_petroleum_geosciences_nta_4',15),(62,5,15,1,2,1,40,40,'x3PyMMd9','geology_petroleum_geosciences_nta_4',15),(63,5,62,1,2,1,40,40,'obNfRkKJ','geology_petroleum_geosciences_nta_4',15),(64,6,63,1,1,1,40,40,'9ML7v3KC','geology_petroleum_geosciences_nta_5',15),(65,6,64,1,1,1,40,40,'sLEgYSlD','geology_petroleum_geosciences_nta_5',15),(66,6,65,1,1,1,40,40,'ZrI831ET','geology_petroleum_geosciences_nta_5',15),(67,6,22,1,1,1,40,40,'Yd0P6KGv','geology_petroleum_geosciences_nta_5',15),(68,6,23,1,1,1,40,40,'r4vn74rr','geology_petroleum_geosciences_nta_5',15),(69,6,68,1,1,1,40,40,'n5mvSa3Z','geology_petroleum_geosciences_nta_5',15),(70,6,25,1,1,1,40,40,'M5b03v5n','geology_petroleum_geosciences_nta_5',15),(71,6,70,1,1,1,40,40,'Eel5ZCZl','geology_petroleum_geosciences_nta_5',15),(72,6,71,1,1,1,40,40,'ZtJ1SjCF','geology_petroleum_geosciences_nta_5',15),(73,6,72,1,2,1,40,40,'NOkMKBXl','geology_petroleum_geosciences_nta_5',15),(74,6,73,1,2,1,40,40,'n8AYatpy','geology_petroleum_geosciences_nta_5',15),(75,6,74,1,2,1,40,40,'4e9ozu1l','geology_petroleum_geosciences_nta_5',15),(76,6,75,1,2,1,40,40,'DRLLJpzu','geology_petroleum_geosciences_nta_5',15),(77,6,76,1,2,1,40,40,'OKbQnYOH','geology_petroleum_geosciences_nta_5',15),(78,6,32,1,2,1,40,40,'mFaogWtL','geology_petroleum_geosciences_nta_5',15),(79,6,33,1,2,1,40,40,'2mr993jo','geology_petroleum_geosciences_nta_5',15),(80,6,77,1,2,1,40,40,'zAMRL44n','geology_petroleum_geosciences_nta_5',15),(81,7,78,1,1,1,40,40,'TuTivelo','geology_petroleum_geosciences_nta_6',15),(82,7,79,1,1,1,40,40,'WSms3oxb','geology_petroleum_geosciences_nta_6',15),(83,7,80,1,1,1,40,40,'cfYNcqg0','geology_petroleum_geosciences_nta_6',15),(84,7,81,1,1,1,40,40,'pnu3F4fE','geology_petroleum_geosciences_nta_6',15),(85,7,37,1,1,1,40,40,'kZE0e5gQ','geology_petroleum_geosciences_nta_6',15),(86,7,38,1,1,1,40,40,'IQcoDe3l','geology_petroleum_geosciences_nta_6',15),(87,7,39,1,1,1,40,40,'jHUWCemU','geology_petroleum_geosciences_nta_6',15),(88,7,84,1,2,1,40,40,'pq0TVwcj','geology_petroleum_geosciences_nta_6',15),(89,7,85,1,2,1,40,40,'HdTSAsHj','geology_petroleum_geosciences_nta_6',15),(90,7,86,1,2,1,40,40,'WKGOB1t6','geology_petroleum_geosciences_nta_6',15),(91,7,87,1,2,1,40,40,'UL8pHWgs','geology_petroleum_geosciences_nta_6',15),(92,7,88,1,2,1,40,40,'k1YrDZP6','geology_petroleum_geosciences_nta_6',15),(93,7,44,1,2,1,40,40,'XhXF9TVP','geology_petroleum_geosciences_nta_6',15),(94,7,89,1,2,1,40,40,'xhQOZpik','geology_petroleum_geosciences_nta_6',15),(95,8,90,1,1,1,40,40,'yrUqLm8B','mineral_engineering_nta_4',31),(96,8,91,1,1,1,40,40,'jBgoBBgZ','mineral_engineering_nta_4',31),(97,8,92,1,1,1,40,40,'WTz3vpVX','mineral_engineering_nta_4',31),(98,8,93,1,1,1,40,40,'EoJF0VWp','mineral_engineering_nta_4',31),(99,8,94,1,1,1,40,40,'s7Ig69hj','mineral_engineering_nta_4',31),(100,8,1,1,1,1,40,40,'m4zON6YH','mineral_engineering_nta_4',31),(101,8,53,1,1,1,40,40,'lefl4M1x','mineral_engineering_nta_4',31),(102,8,54,1,1,1,40,40,'rCMQXaoR','mineral_engineering_nta_4',31),(103,8,55,1,1,1,40,40,'Cd9jqh7E','mineral_engineering_nta_4',31),(104,8,96,1,1,1,40,40,'T2nKu6cU','mineral_engineering_nta_4',31),(105,8,97,1,2,1,40,40,'g4q99EBC','mineral_engineering_nta_4',31),(106,8,98,1,2,1,40,40,'JklwpVmO','mineral_engineering_nta_4',31),(107,8,99,1,2,1,40,40,'hO5RfUst','mineral_engineering_nta_4',31),(108,8,100,1,2,1,40,40,'WvGaGBUB','mineral_engineering_nta_4',31),(109,8,101,1,2,1,40,40,'Gq7rI2Hc','mineral_engineering_nta_4',31),(110,8,102,1,2,1,40,40,'AIwrQTQG','mineral_engineering_nta_4',31),(111,8,60,1,2,1,40,40,'JcYqv8Te','mineral_engineering_nta_4',31),(112,8,13,1,2,1,40,40,'XUgnM6if','mineral_engineering_nta_4',31),(113,8,14,1,2,1,40,40,'hQpiDN2J','mineral_engineering_nta_4',31),(114,8,15,1,2,1,40,40,'HZob6c7H','mineral_engineering_nta_4',31),(115,8,16,1,2,1,40,40,'wyoGlaPg','mineral_engineering_nta_4',31),(116,9,103,1,1,1,40,40,'sUwUz2iO','mineral_engineering_nta_5',31),(117,9,104,1,1,1,40,40,'ttu5oC7O','mineral_engineering_nta_5',31),(118,9,105,1,1,1,40,40,'BgifNUhh','mineral_engineering_nta_5',31),(119,9,18,1,1,1,40,40,'cmd29kx7','mineral_engineering_nta_5',31),(121,9,21,1,1,1,40,40,'OhXmNVMe','mineral_engineering_nta_5',31),(122,9,22,1,1,1,40,40,'7vssoFDD','mineral_engineering_nta_5',31),(123,9,23,1,1,1,40,40,'wXNvA7Pw','mineral_engineering_nta_5',31),(124,9,68,1,1,1,40,40,'1CYxmhmR','mineral_engineering_nta_5',31),(125,9,25,1,1,1,40,40,'Bu0xKbfG','mineral_engineering_nta_5',31),(126,9,108,1,2,1,40,40,'hBSvIMtY','mineral_engineering_nta_5',31),(127,9,42,1,2,1,40,40,'3VBrh72I','mineral_engineering_nta_5',31),(128,9,29,1,2,1,40,40,'VsalraXW','mineral_engineering_nta_5',31),(129,9,111,1,2,1,40,40,'TdzdcVdD','mineral_engineering_nta_5',31),(130,9,31,1,2,1,40,40,'XcO3xpON','mineral_engineering_nta_5',31),(131,9,32,1,2,1,40,40,'6oURtCLq','mineral_engineering_nta_5',31),(132,9,33,1,2,1,40,40,'lOQD0x2w','mineral_engineering_nta_5',31),(133,11,112,1,1,1,40,40,'GrCn8bF5','mineral_engineering_nta_6',31),(134,11,113,1,1,1,40,40,'7if6RxE8','mineral_engineering_nta_6',31),(135,11,114,1,1,1,40,40,'EmIMbCYD','mineral_engineering_nta_6',31),(136,11,36,1,1,1,40,40,'gE1r5qDB','mineral_engineering_nta_6',31),(137,11,37,1,1,1,40,40,'OWTRNaj1','mineral_engineering_nta_6',31),(138,11,38,1,1,1,40,40,'RKWerPTr','mineral_engineering_nta_6',31),(139,11,39,1,1,1,40,40,'YP7yAbaQ','mining_engineering_nta_6',31),(140,11,115,1,2,1,40,40,'a88QjfMH','mining_engineering_nta_6',31),(141,11,116,1,2,1,40,40,'sFZ7E1K2','mining_engineering_nta_6',31),(142,11,117,1,2,1,40,40,'QpGlzw2P','mining_engineering_nta_6',31),(143,11,118,1,2,1,40,40,'kmex5KH6','mining_engineering_nta_6',31),(145,11,119,1,2,1,40,40,'vKpE1Jqn','mining_engineering_nta_6',31),(146,11,44,1,2,1,40,40,'iMLqR1Td','mining_engineering_nta_6',31),(147,11,45,1,2,1,40,40,'b1X9h1Hw','mining_engineering_nta_6',31),(148,12,94,1,1,1,40,40,'bLVpWR9R','mineral_processing_engineering_nta_4',31),(149,12,120,1,1,1,40,40,'Bn9ogxLZ','mineral_processing_engineering_nta_4',31),(150,12,121,1,1,1,40,40,'x3k6v9IJ','mineral_processing_engineering_nta_4',31),(151,12,1,1,1,1,40,40,'ixxbuBWV','mineral_processing_engineering_nta_4',31),(152,12,53,1,1,1,40,40,'VkNfynum','mineral_processing_engineering_nta_4',31),(153,12,54,1,1,1,40,40,'12ofrwlS','mineral_processing_engineering_nta_4',31),(154,12,55,1,1,1,40,40,'oyGJYlhM','mineral_processing_engineering_nta_4',31),(155,12,8,1,1,1,40,40,'MCstTB3M','mineral_processing_engineering_nta_4',31),(156,12,122,1,2,1,40,40,'zs7OCUvZ','mineral_processing_engineering_nta_4',31),(157,12,126,1,2,1,40,40,'kxq0NzIQ','mineral_processing_engineering_nta_4',31),(158,12,124,1,2,1,40,40,'BHHWR9fi','mineral_processing_engineering_nta_4',31),(159,12,125,1,2,1,40,40,'9EHnApS8','mineral_processing_engineering_nta_4',31),(160,12,60,1,2,1,40,40,'J992H6l5','mineral_processing_engineering_nta_4',31),(161,12,13,1,2,1,40,40,'5YOIYYoT','mineral_processing_engineering_nta_4',31),(162,12,14,1,2,1,40,40,'XPq78MLk','mineral_processing_engineering_nta_4',31),(163,12,15,1,2,1,40,40,'6vL0Xff7','mineral_processing_engineering_nta_4',31),(164,12,16,1,2,1,40,40,'hJy9aax2','mineral_processing_engineering_nta_4',31);
/*!40000 ALTER TABLE `courseAndSubjectTransaction` ENABLE KEYS */;
UNLOCK TABLES;

--
-- Table structure for table `courseInstructors`
--

DROP TABLE IF EXISTS `courseInstructors`;
/*!40101 SET @saved_cs_client     = @@character_set_client */;
/*!40101 SET character_set_client = utf8 */;
CREATE TABLE `courseInstructors` (
  `instructorId` int(10) unsigned NOT NULL AUTO_INCREMENT,
  `loginId` int(10) unsigned NOT NULL,
  `courseAndSubjectTransactionIdList` varchar(108) DEFAULT NULL,
  `departmentId` int(10) unsigned NOT NULL,
  `extraFilter` varchar(32) DEFAULT NULL,
  `extraInformation` varchar(64) DEFAULT NULL,
  `flags` int(5) NOT NULL DEFAULT '15',
  PRIMARY KEY (`instructorId`),
  KEY `loginId` (`loginId`),
  KEY `departmentId` (`departmentId`),
  CONSTRAINT `courseInstructors_ibfk_1` FOREIGN KEY (`loginId`) REFERENCES `login` (`loginId`),
  CONSTRAINT `courseInstructors_ibfk_2` FOREIGN KEY (`departmentId`) REFERENCES `departments` (`departmentId`)
) ENGINE=InnoDB AUTO_INCREMENT=5 DEFAULT CHARSET=latin1;
/*!40101 SET character_set_client = @saved_cs_client */;

--
-- Dumping data for table `courseInstructors`
--

LOCK TABLES `courseInstructors` WRITE;
/*!40000 ALTER TABLE `courseInstructors` DISABLE KEYS */;
INSERT INTO `courseInstructors` VALUES (1,203,NULL,2,'EWZwyNo7','',15),(2,205,'3,54,110',1,'vaUIUk7p','This is a test',15),(3,207,NULL,2,'sDYeOJMg','',15),(4,213,NULL,1,'8TP429Du','',15);
/*!40000 ALTER TABLE `courseInstructors` ENABLE KEYS */;
UNLOCK TABLES;

--
-- Table structure for table `coursePointLimits`
--

DROP TABLE IF EXISTS `coursePointLimits`;
/*!40101 SET @saved_cs_client     = @@character_set_client */;
/*!40101 SET character_set_client = utf8 */;
CREATE TABLE `coursePointLimits` (
  `limitId` int(10) unsigned NOT NULL AUTO_INCREMENT,
  `courseId` int(10) unsigned NOT NULL,
  `_year` int(2) unsigned NOT NULL DEFAULT '0',
  `_semester` int(2) unsigned NOT NULL DEFAULT '0',
  `minimumPoints` int(4) unsigned NOT NULL DEFAULT '0',
  `maximumPoints` int(4) unsigned NOT NULL DEFAULT '0',
  `extraFilter` varchar(32) DEFAULT NULL,
  `extraInformation` varchar(64) DEFAULT NULL,
  `flags` int(5) NOT NULL DEFAULT '15',
  PRIMARY KEY (`limitId`),
  KEY `courseId` (`courseId`),
  CONSTRAINT `coursepointlimits_ibfk_1` FOREIGN KEY (`courseId`) REFERENCES `course` (`courseId`)
) ENGINE=InnoDB DEFAULT CHARSET=latin1;
/*!40101 SET character_set_client = @saved_cs_client */;

--
-- Dumping data for table `coursePointLimits`
--

LOCK TABLES `coursePointLimits` WRITE;
/*!40000 ALTER TABLE `coursePointLimits` DISABLE KEYS */;
/*!40000 ALTER TABLE `coursePointLimits` ENABLE KEYS */;
UNLOCK TABLES;

--
-- Table structure for table `currency`
--

DROP TABLE IF EXISTS `currency`;
/*!40101 SET @saved_cs_client     = @@character_set_client */;
/*!40101 SET character_set_client = utf8 */;
CREATE TABLE `currency` (
  `currencyId` int(10) unsigned NOT NULL AUTO_INCREMENT,
  `currencyName` varchar(48) NOT NULL,
  `currencyCode` varchar(12) NOT NULL,
  `countryId` int(10) unsigned NOT NULL,
  `extraFilter` varchar(32) DEFAULT NULL,
  `extraInformation` varchar(64) DEFAULT NULL,
  `flags` int(5) NOT NULL DEFAULT '15',
  PRIMARY KEY (`currencyId`),
  UNIQUE KEY `currencyName` (`currencyName`),
  KEY `countryId` (`countryId`),
  CONSTRAINT `currency_ibfk_1` FOREIGN KEY (`countryId`) REFERENCES `country` (`countryId`)
) ENGINE=InnoDB AUTO_INCREMENT=2 DEFAULT CHARSET=latin1;
/*!40101 SET character_set_client = @saved_cs_client */;

--
-- Dumping data for table `currency`
--

LOCK TABLES `currency` WRITE;
/*!40000 ALTER TABLE `currency` DISABLE KEYS */;
INSERT INTO `currency` VALUES (1,'Tanzania Shilling','TZ',227,'AIPo6fWt','',15);
/*!40000 ALTER TABLE `currency` ENABLE KEYS */;
UNLOCK TABLES;

--
-- Table structure for table `daysOfAWeek`
--

DROP TABLE IF EXISTS `daysOfAWeek`;
/*!40101 SET @saved_cs_client     = @@character_set_client */;
/*!40101 SET character_set_client = utf8 */;
CREATE TABLE `daysOfAWeek` (
  `dayId` int(10) unsigned NOT NULL AUTO_INCREMENT,
  `dayName` varchar(9) NOT NULL,
  `dayAbbreviation` varchar(4) NOT NULL,
  `offsetValue` int(1) NOT NULL DEFAULT '0',
  `extraFilter` varchar(32) DEFAULT NULL,
  `extraInformation` varchar(64) DEFAULT NULL,
  `flags` int(5) NOT NULL DEFAULT '15',
  PRIMARY KEY (`dayId`),
  UNIQUE KEY `dayName` (`dayName`),
  UNIQUE KEY `dayAbbreviation` (`dayAbbreviation`)
) ENGINE=InnoDB AUTO_INCREMENT=8 DEFAULT CHARSET=latin1;
/*!40101 SET character_set_client = @saved_cs_client */;

--
-- Dumping data for table `daysOfAWeek`
--

LOCK TABLES `daysOfAWeek` WRITE;
/*!40000 ALTER TABLE `daysOfAWeek` DISABLE KEYS */;
INSERT INTO `daysOfAWeek` VALUES (1,'Sunday','Sun',0,NULL,NULL,15),(2,'Monday','Mon',1,NULL,NULL,15),(3,'Tuesday','Tue',2,NULL,NULL,15),(4,'Wednesday','Wed',3,NULL,NULL,15),(5,'Thursday','Thur',4,NULL,NULL,15),(6,'Friday','Fri',5,NULL,NULL,15),(7,'Saturday','Sat',6,NULL,NULL,15);
/*!40000 ALTER TABLE `daysOfAWeek` ENABLE KEYS */;
UNLOCK TABLES;

--
-- Table structure for table `denomination`
--

DROP TABLE IF EXISTS `denomination`;
/*!40101 SET @saved_cs_client     = @@character_set_client */;
/*!40101 SET character_set_client = utf8 */;
CREATE TABLE `denomination` (
  `denominationId` int(10) unsigned NOT NULL AUTO_INCREMENT,
  `denominationName` varchar(48) NOT NULL,
  `religionId` int(10) unsigned NOT NULL,
  `extraFilter` varchar(32) DEFAULT NULL,
  `extraInformation` varchar(64) DEFAULT NULL,
  `flags` int(5) NOT NULL DEFAULT '15',
  PRIMARY KEY (`denominationId`),
  KEY `religionId` (`religionId`),
  CONSTRAINT `denomination_ibfk_1` FOREIGN KEY (`religionId`) REFERENCES `religion` (`religionId`)
) ENGINE=InnoDB AUTO_INCREMENT=207 DEFAULT CHARSET=latin1;
/*!40101 SET character_set_client = @saved_cs_client */;

--
-- Dumping data for table `denomination`
--

LOCK TABLES `denomination` WRITE;
/*!40000 ALTER TABLE `denomination` DISABLE KEYS */;
INSERT INTO `denomination` VALUES (1,'African Methodist Episcopal Zion ',1,NULL,NULL,15),(2,'African Orthodox Church ',1,NULL,NULL,15),(3,'American Baptist Churches USA ',1,NULL,NULL,15),(4,'Amish ',1,NULL,NULL,15),(5,'Anabaptist ',1,NULL,NULL,15),(6,'Anglican Catholic Church',1,NULL,NULL,15),(7,'Anglican Church ',1,NULL,NULL,15),(8,'Antiochian Orthodox',1,NULL,NULL,15),(9,'Armenian Evangelical Church ',1,NULL,NULL,15),(10,'Armenian Orthodox',1,NULL,NULL,15),(11,'Assemblies of God ',1,NULL,NULL,15),(12,'Associated Gospel Churches of Canada',1,NULL,NULL,15),(13,'Association of Vineyard Churches ',1,NULL,NULL,15),(14,'Baptist ',1,NULL,NULL,15),(15,'Baptist Bible Fellowship ',1,NULL,NULL,15),(16,'Branch Davidian ',1,NULL,NULL,15),(17,'Brethren in Christ ',1,NULL,NULL,15),(18,'Bruderhof Communities ',1,NULL,NULL,15),(19,'Byzantine Catholic Church',1,NULL,NULL,15),(20,'Calvary Chapel ',1,NULL,NULL,15),(21,'Calvinist ',1,NULL,NULL,15),(22,'Catholic ',1,NULL,NULL,15),(23,'Cell Church ',1,NULL,NULL,15),(24,'Celtic Orthodox',1,NULL,NULL,15),(25,'Charismatic Episcopal Church ',1,NULL,NULL,15),(26,'Christadelphian ',1,NULL,NULL,15),(27,'Christian and Missionary Alliance ',1,NULL,NULL,15),(28,'Christian Churches of God ',1,NULL,NULL,15),(29,'Christian Identity ',1,NULL,NULL,15),(30,'Christian Reformed Church ',1,NULL,NULL,15),(31,'Christian Science ',1,NULL,NULL,15),(32,'Church of God (Anderson) ',1,NULL,NULL,15),(33,'Church of God (Cleveland) ',1,NULL,NULL,15),(34,'Church of God (Seventh Day) ',1,NULL,NULL,15),(35,'Church of God in Christ ',1,NULL,NULL,15),(36,'Church of God of Prophecy ',1,NULL,NULL,15),(37,'Church of Jesus Christ of Latter-day Saints ',1,NULL,NULL,15),(38,'Church of Scotland',1,NULL,NULL,15),(39,'Church of South India ',1,NULL,NULL,15),(40,'Church of the Brethren ',1,NULL,NULL,15),(41,'Church of the Lutheran Brethren of America ',1,NULL,NULL,15),(42,'Church of the Nazarene ',1,NULL,NULL,15),(43,'Church of the New Jerusalem ',1,NULL,NULL,15),(44,'Church of the United Brethren in Christ ',1,NULL,NULL,15),(45,'Church Universal and Triumphant ',1,NULL,NULL,15),(46,'Churches of Christ ',1,NULL,NULL,15),(47,'Churches of God General Conference ',1,NULL,NULL,15),(48,'Congregational Christian Churches ',1,NULL,NULL,15),(49,'Coptic Orthodox',1,NULL,NULL,15),(50,'Cumberland Presbyterian Church ',1,NULL,NULL,15),(51,'Disciples of Christ ',1,NULL,NULL,15),(52,'Episcopal Church',1,NULL,NULL,15),(53,'Ethiopian Orthodox Tewahedo Church ',1,NULL,NULL,15),(54,'Evangelical Congregational Church ',1,NULL,NULL,15),(55,'Evangelical Covenant Church ',1,NULL,NULL,15),(56,'Evangelical Formosan Church ',1,NULL,NULL,15),(57,'Evangelical Free Church ',1,NULL,NULL,15),(58,'Evangelical Lutheran Church ',1,NULL,NULL,15),(59,'Evangelical Methodist Church ',1,NULL,NULL,15),(60,'Evangelical Presbyterian ',1,NULL,NULL,15),(61,'Family, The (aka Children of God) ',1,NULL,NULL,15),(62,'Fellowship of Christian Assemblies ',1,NULL,NULL,15),(63,'Fellowship of Grace Brethren ',1,NULL,NULL,15),(64,'Fellowship of Independent Evangelical Churches ',1,NULL,NULL,15),(65,'Free Church of Scotland ',1,NULL,NULL,15),(66,'Free Methodist ',1,NULL,NULL,15),(67,'Free Presbyterian ',1,NULL,NULL,15),(68,'Free Will Baptist ',1,NULL,NULL,15),(69,'Gnostic',1,NULL,NULL,15),(70,'Great Commission Association of Churches ',1,NULL,NULL,15),(71,'Greek Orthodox',1,NULL,NULL,15),(72,'Hutterian Brethren ',1,NULL,NULL,15),(73,'Independent Fundamental Churches of America ',1,NULL,NULL,15),(74,'Indian Orthodox',1,NULL,NULL,15),(75,'International Church of the Foursquare Gospel ',1,NULL,NULL,15),(76,'International Churches of Christ ',1,NULL,NULL,15),(77,'Jehovah\'s Witnesses ',1,NULL,NULL,15),(78,'Living Church of God ',1,NULL,NULL,15),(79,'Local Church ',1,NULL,NULL,15),(80,'Lutheran ',1,NULL,NULL,15),(81,'Lutheran Church - Missouri Synod ',1,NULL,NULL,15),(82,'Mar Thoma Syrian Church ',1,NULL,NULL,15),(83,'Mennonite ',1,NULL,NULL,15),(84,'Messianic Judaism',1,NULL,NULL,15),(85,'Methodist ',1,NULL,NULL,15),(86,'Moravian Church ',1,NULL,NULL,15),(87,'Nation of Yahweh ',1,NULL,NULL,15),(88,'New Frontiers International ',1,NULL,NULL,15),(89,'Old Catholic Church',1,NULL,NULL,15),(90,'Orthodox ',1,NULL,NULL,15),(91,'Orthodox Church in America',1,NULL,NULL,15),(92,'Orthodox Presbyterian ',1,NULL,NULL,15),(93,'Pentecostal ',1,NULL,NULL,15),(94,'Plymouth Brethren ',1,NULL,NULL,15),(95,'Presbyterian ',1,NULL,NULL,15),(96,'Presbyterian Church (USA) ',1,NULL,NULL,15),(97,'Presbyterian Church in America ',1,NULL,NULL,15),(98,'Primitive Baptist ',1,NULL,NULL,15),(99,'Protestant Reformed Church ',1,NULL,NULL,15),(100,'Reformed ',1,NULL,NULL,15),(101,'Reformed Baptist ',1,NULL,NULL,15),(102,'Reformed Church in America ',1,NULL,NULL,15),(103,'Reformed Church in the United States ',1,NULL,NULL,15),(104,'Reformed Churches of Australia',1,NULL,NULL,15),(105,'Reformed Episcopal Church',1,NULL,NULL,15),(106,'Reformed Presbyterian Church ',1,NULL,NULL,15),(107,'Reorganized Church of Jesus Christ of Latter Day',1,NULL,NULL,15),(108,'Revival Centres International ',1,NULL,NULL,15),(109,'Romanian Orthodox',1,NULL,NULL,15),(110,'Rosicrucian',1,NULL,NULL,15),(111,'Russian Orthodox',1,NULL,NULL,15),(112,'Serbian Orthodox',1,NULL,NULL,15),(113,'Seventh Day Baptist ',1,NULL,NULL,15),(114,'Seventh-Day Adventist ',1,NULL,NULL,15),(115,'Shaker ',1,NULL,NULL,15),(116,'Society of Friends ',1,NULL,NULL,15),(117,'Southern Baptist Convention ',1,NULL,NULL,15),(118,'Spiritist ',1,NULL,NULL,15),(119,'Syrian Orthodox',1,NULL,NULL,15),(120,'True and Living Church of Jesus Christ of Saints',1,NULL,NULL,15),(121,'Two-by-Twos ',1,NULL,NULL,15),(122,'Unification Church ',1,NULL,NULL,15),(123,'Unitarian-Universalism',1,NULL,NULL,15),(124,'United Church of Canada',1,NULL,NULL,15),(125,'United Church of Christ ',1,NULL,NULL,15),(126,'United Church of God ',1,NULL,NULL,15),(127,'United Free Church of Scotland',1,NULL,NULL,15),(128,'United Methodist Church ',1,NULL,NULL,15),(129,'United Reformed Church ',1,NULL,NULL,15),(130,'Uniting Church in Australia',1,NULL,NULL,15),(131,'Unity Church ',1,NULL,NULL,15),(132,'Unity Fellowship Church ',1,NULL,NULL,15),(133,'Universal Fellowship of Metropolitan Community C',1,NULL,NULL,15),(134,'Virtual Churches ',1,NULL,NULL,15),(135,'Waldensian Church ',1,NULL,NULL,15),(136,'Way International, The ',1,NULL,NULL,15),(137,'Web Directories ',1,NULL,NULL,15),(138,'Wesleyan ',1,NULL,NULL,15),(139,'Wesleyan Methodist',1,NULL,NULL,15),(140,'Worldwide Church of God',1,NULL,NULL,15),(141,'Others',1,NULL,NULL,15),(142,'Hanafi-Sunni',2,NULL,NULL,15),(143,'Hanbali-Sunni',2,NULL,NULL,15),(144,'Maliki-Sunni',2,NULL,NULL,15),(145,'ShafiÃ­-Sunni',2,NULL,NULL,15),(146,'Sunni',2,NULL,NULL,15),(147,'Qaramita-Sevener-Isma\'Ã­lism Shi\'ah',2,NULL,NULL,15),(148,'Sevener-Isma\'ilism Shi\'ah',2,NULL,NULL,15),(149,'Druze-Nizari-Isma\'ilism Shi\'ah',2,NULL,NULL,15),(150,'Nizari-Isma\'ilism Shi\'ah',2,NULL,NULL,15),(151,'Dawoodi Bohras-Tayyibi',2,NULL,NULL,15),(152,'Jafan Bohras-Tayyibi',2,NULL,NULL,15),(153,'Sulaimani Bohras-Tayyibi',2,NULL,NULL,15),(154,'Alavi Bohras-Tayyibi',2,NULL,NULL,15),(155,'Hebitahs Bohras-Tayyibi',2,NULL,NULL,15),(156,'Atba-I Malak Bohras-Tayyibi',2,NULL,NULL,15),(157,'Progressive Dawoodi Bohras-Tayyibi',2,NULL,NULL,15),(158,'Tayyibi-Musta\'li-Isma\'ilism Shi\'ah',2,NULL,NULL,15),(159,'Musta\'li-Isma\'ilism Shi\'ah',2,NULL,NULL,15),(160,'Isma\'ilism Shi\'ah',2,NULL,NULL,15),(161,'Shaykhi-Akbari-Twelver-Jafri-Shi\'ah',2,NULL,NULL,15),(162,'Akbari-Twelver-Jafri-Shi\'ah',2,NULL,NULL,15),(163,'Usuli-Twelver-Jafri-Shi\'ah',2,NULL,NULL,15),(164,'\'Alawi-Jafri-Shi\'ah',2,NULL,NULL,15),(165,'Alevi-Jafri-Shi\'ah',2,NULL,NULL,15),(166,'Zaidiyyah-Shi\'ah',2,NULL,NULL,15),(167,'Shi\'ah',2,NULL,NULL,15),(168,'Ibadiyya-Khawarij',2,NULL,NULL,15),(169,'Khawarij',2,NULL,NULL,15),(170,'Bektashi-Sufi',2,NULL,NULL,15),(171,'Chishti-Sufi',2,NULL,NULL,15),(172,'Mawlawi-Sufi',2,NULL,NULL,15),(173,'Naqshbandi-Sufi',2,NULL,NULL,15),(174,'Oveyssi-Sufi',2,NULL,NULL,15),(175,'Qudiriyyah-Sufi',2,NULL,NULL,15),(176,'Suhrawardiyya-Sufi',2,NULL,NULL,15),(177,'Tijaniyyah-Sufi',2,NULL,NULL,15),(178,'Muridiyya-Sufi',2,NULL,NULL,15),(179,'Shadhil-Sufi',2,NULL,NULL,15),(180,'Sufi',2,NULL,NULL,15),(181,'Others',2,NULL,NULL,15),(182,'Buddhist',3,NULL,NULL,15),(183,'Vaishnavism/Vishnuism',4,NULL,NULL,15),(184,'Shaivism/Shivaism',4,NULL,NULL,15),(185,'Shaktism',4,NULL,NULL,15),(186,'Smartism',4,NULL,NULL,15),(187,'Shrautism',4,NULL,NULL,15),(188,'Suryaism/Saurism',4,NULL,NULL,15),(189,'Ganapatism',4,NULL,NULL,15),(190,'Indonesia Hinduism',4,NULL,NULL,15),(191,'Others',4,NULL,NULL,15),(192,'Ethinic/Indigeneous',5,NULL,NULL,15),(193,'Indigeneous',6,NULL,NULL,15),(194,'Judaism',7,NULL,NULL,15),(195,'Baha\'i',8,NULL,NULL,15),(196,'Irreligious and Atheist',9,NULL,NULL,15),(197,'Sikhism',10,NULL,NULL,15),(198,'Taoists/Confucianists/Chinese tradional religion',11,NULL,NULL,15),(199,'Jainism',12,NULL,NULL,15),(200,'Mormonism',13,NULL,NULL,15),(201,'Spiritism',14,NULL,NULL,15),(202,'Others',15,NULL,NULL,15),(203,'Bareivi',2,NULL,NULL,15),(204,'Deoband movement',2,NULL,NULL,15),(205,'Roman Catholic',1,NULL,NULL,15),(206,'Infinity Glory Ministries',1,NULL,NULL,15);
/*!40000 ALTER TABLE `denomination` ENABLE KEYS */;
UNLOCK TABLES;

--
-- Table structure for table `departments`
--

DROP TABLE IF EXISTS `departments`;
/*!40101 SET @saved_cs_client     = @@character_set_client */;
/*!40101 SET character_set_client = utf8 */;
CREATE TABLE `departments` (
  `departmentId` int(10) unsigned NOT NULL AUTO_INCREMENT,
  `departmentName` varchar(48) NOT NULL,
  `departmentCode` varchar(12) NOT NULL,
  `extraFilter` varchar(32) DEFAULT NULL,
  `extraInformation` varchar(64) DEFAULT NULL,
  `flags` int(5) NOT NULL DEFAULT '15',
  PRIMARY KEY (`departmentId`),
  UNIQUE KEY `departmentName` (`departmentName`)
) ENGINE=InnoDB AUTO_INCREMENT=4 DEFAULT CHARSET=latin1;
/*!40101 SET character_set_client = @saved_cs_client */;

--
-- Dumping data for table `departments`
--

LOCK TABLES `departments` WRITE;
/*!40000 ALTER TABLE `departments` DISABLE KEYS */;
INSERT INTO `departments` VALUES (1,'Testing Department','TESTCODE',NULL,NULL,15),(2,'Geology and Mineral Exploration','GME01','EhtdszDU','',15),(3,'Mining and Mineral Processing Engineering','MMPE','g1HIrcgb','',15);
/*!40000 ALTER TABLE `departments` ENABLE KEYS */;
UNLOCK TABLES;

--
-- Table structure for table `educationLevel`
--

DROP TABLE IF EXISTS `educationLevel`;
/*!40101 SET @saved_cs_client     = @@character_set_client */;
/*!40101 SET character_set_client = utf8 */;
CREATE TABLE `educationLevel` (
  `levelId` int(10) unsigned NOT NULL AUTO_INCREMENT,
  `levelName` varchar(48) NOT NULL,
  `levelCode` int(2) NOT NULL,
  `regularExpression` varchar(64) NOT NULL DEFAULT '^(w|W){2,64}$',
  `expressionMessage` varchar(128) NOT NULL DEFAULT '2 to 64 characters',
  `extraFilter` varchar(32) DEFAULT NULL,
  `extraInformation` varchar(64) DEFAULT NULL,
  `flags` int(5) NOT NULL DEFAULT '15',
  PRIMARY KEY (`levelId`),
  UNIQUE KEY `levelName` (`levelName`)
) ENGINE=InnoDB AUTO_INCREMENT=22 DEFAULT CHARSET=latin1;
/*!40101 SET character_set_client = @saved_cs_client */;

--
-- Dumping data for table `educationLevel`
--

LOCK TABLES `educationLevel` WRITE;
/*!40000 ALTER TABLE `educationLevel` DISABLE KEYS */;
INSERT INTO `educationLevel` VALUES (1,'Certificate of Primary Education',1,'^(w|W){2,64}$','2 to 64 characters',NULL,NULL,15),(2,'National Vocational Certificate I',2,'^(w|W){2,64}$','2 to 64 characters',NULL,NULL,15),(3,'National Vocational Certificate II',3,'^(w|W){2,64}$','2 to 64 characters',NULL,NULL,15),(4,'Certificate of Secondary Education',4,'^(w|W){2,64}$','2 to 64 characters',NULL,NULL,15),(5,'Basic Technician Certificate (NTA Level 4)',4,'^(w|W){2,64}$','2 to 64 characters',NULL,NULL,15),(6,'National Vocational Certificate III',4,'^(w|W){2,64}$','2 to 64 characters',NULL,NULL,15),(7,'Professional Technicial Level I Certificate',4,'^(w|W){2,64}$','2 to 64 characters',NULL,NULL,15),(8,'Advanced Certificate of Secondary Education',5,'^(w|W){2,64}$','2 to 64 characters',NULL,NULL,15),(9,'Technician Certificate (NTA Level 5)',5,'^(w|W){2,64}$','2 to 64 characters',NULL,NULL,15),(10,'Professional Technician Level II Certificate',5,'^(w|W){2,64}$','2 to 64 characters',NULL,NULL,15),(11,'Professional Level I Certificate',6,'^(w|W){2,64}$','2 to 64 characters',NULL,NULL,15),(12,'Ordinary Diploma (NTA Level 6)',6,'^(w|W){2,64}$','2 to 64 characters',NULL,NULL,15),(13,'Higher Diploma',7,'^(w|W){2,64}$','2 to 64 characters',NULL,NULL,15),(14,'Professional Level II Certificate',7,'^(w|W){2,64}$','2 to 64 characters',NULL,NULL,15),(15,'Bachelor Degree',8,'^(w|W){2,64}$','2 to 64 characters',NULL,NULL,15),(16,'Professional Level III Certificate',8,'^(w|W){2,64}$','2 to 64 characters',NULL,NULL,15),(17,'Masters Degree',9,'^(w|W){2,64}$','2 to 64 characters',NULL,NULL,15),(18,'Postgraduate Diploma',9,'^(w|W){2,64}$','2 to 64 characters',NULL,NULL,15),(19,'Postgraduate Certificate',9,'^(w|W){2,64}$','2 to 64 characters',NULL,NULL,15),(20,'Professional Level IV Certificate',9,'^(w|W){2,64}$','2 to 64 characters',NULL,NULL,15),(21,'Doctorate Degree',10,'^(w|W){2,64}$','2 to 64 characters',NULL,NULL,15);
/*!40000 ALTER TABLE `educationLevel` ENABLE KEYS */;
UNLOCK TABLES;

--
-- Table structure for table `entryCriteria`
--

DROP TABLE IF EXISTS `entryCriteria`;
/*!40101 SET @saved_cs_client     = @@character_set_client */;
/*!40101 SET character_set_client = utf8 */;
CREATE TABLE `entryCriteria` (
  `criteriaId` int(10) unsigned NOT NULL AUTO_INCREMENT,
  `courseId` int(10) unsigned NOT NULL,
  `levelCodeList` varchar(108) NOT NULL,
  `extraFilter` varchar(32) DEFAULT NULL,
  `extraInformation` varchar(64) DEFAULT NULL,
  `flags` int(5) NOT NULL DEFAULT '15',
  PRIMARY KEY (`criteriaId`),
  UNIQUE KEY `courseId` (`courseId`),
  CONSTRAINT `entryCriteria_ibfk_1` FOREIGN KEY (`courseId`) REFERENCES `course` (`courseId`)
) ENGINE=InnoDB DEFAULT CHARSET=latin1;
/*!40101 SET character_set_client = @saved_cs_client */;

--
-- Dumping data for table `entryCriteria`
--

LOCK TABLES `entryCriteria` WRITE;
/*!40000 ALTER TABLE `entryCriteria` DISABLE KEYS */;
/*!40000 ALTER TABLE `entryCriteria` ENABLE KEYS */;
UNLOCK TABLES;

--
-- Table structure for table `examination`
--

DROP TABLE IF EXISTS `examination`;
/*!40101 SET @saved_cs_client     = @@character_set_client */;
/*!40101 SET character_set_client = utf8 */;
CREATE TABLE `examination` (
  `examinationId` int(10) unsigned NOT NULL AUTO_INCREMENT,
  `examinationName` varchar(48) NOT NULL,
  `examinationCode` varchar(12) NOT NULL,
  `examinationWeight` int(2) unsigned NOT NULL DEFAULT '1',
  `groupId` int(10) unsigned NOT NULL,
  `semester` int(2) NOT NULL DEFAULT '0',
  `isprimary` tinyint(1) unsigned NOT NULL DEFAULT '1',
  `supplimentary` tinyint(1) unsigned NOT NULL DEFAULT '0',
  `minimumScorePercentage` int(4) NOT NULL DEFAULT '0',
  `extraFilter` varchar(32) DEFAULT NULL,
  `extraInformation` varchar(64) DEFAULT NULL,
  `flags` int(5) NOT NULL DEFAULT '15',
  PRIMARY KEY (`examinationId`),
  UNIQUE KEY `examinationCode` (`examinationCode`,`groupId`),
  KEY `groupId` (`groupId`),
  CONSTRAINT `examination_ibfk_1` FOREIGN KEY (`groupId`) REFERENCES `examinationgroup` (`groupId`)
) ENGINE=InnoDB AUTO_INCREMENT=12 DEFAULT CHARSET=latin1;
/*!40101 SET character_set_client = @saved_cs_client */;

--
-- Dumping data for table `examination`
--

LOCK TABLES `examination` WRITE;
/*!40000 ALTER TABLE `examination` DISABLE KEYS */;
INSERT INTO `examination` VALUES (6,'Continuous Test One','CAT1',40,5,1,1,0,50,'g4rKrS6j','',15),(7,'University Examination One','UE1',60,5,1,1,0,25,'fpI3v6YH','',15),(8,'Supplimentary One','SUP1',1,5,0,0,1,100,'yw3r4BJV','',15),(9,'Continuous Assesment Two','CAT2',40,6,2,1,0,0,'NUhh1Ba2','',15),(10,'University Examination Two','UE2',60,6,2,1,0,25,'oyMuttu5','',15),(11,'Supplimentary Two','SUP2',1,6,0,0,1,0,'6tlqlsYf','',15);
/*!40000 ALTER TABLE `examination` ENABLE KEYS */;
UNLOCK TABLES;

--
-- Table structure for table `examinationGroup`
--

DROP TABLE IF EXISTS `examinationGroup`;
/*!40101 SET @saved_cs_client     = @@character_set_client */;
/*!40101 SET character_set_client = utf8 */;
CREATE TABLE `examinationGroup` (
  `groupId` int(10) unsigned NOT NULL AUTO_INCREMENT,
  `groupName` varchar(48) NOT NULL,
  `levelId` int(10) unsigned NOT NULL,
  `semester` int(2) NOT NULL DEFAULT '0',
  `extraFilter` varchar(32) DEFAULT NULL,
  `extraInformation` varchar(64) DEFAULT NULL,
  `flags` int(5) NOT NULL DEFAULT '15',
  PRIMARY KEY (`groupId`),
  KEY `examinationGroup_ibfk_1` (`levelId`),
  CONSTRAINT `examinationGroup_ibfk_1` FOREIGN KEY (`levelId`) REFERENCES `educationlevel` (`levelId`)
) ENGINE=InnoDB AUTO_INCREMENT=7 DEFAULT CHARSET=latin1;
/*!40101 SET character_set_client = @saved_cs_client */;

--
-- Dumping data for table `examinationGroup`
--

LOCK TABLES `examinationGroup` WRITE;
/*!40000 ALTER TABLE `examinationGroup` DISABLE KEYS */;
INSERT INTO `examinationGroup` VALUES (5,'NTA Level 5 Semester One',9,1,'cmVGbbW1','',15),(6,'NTA Level 5 Semester Two',9,2,'xWbC3nDV','',15);
/*!40000 ALTER TABLE `examinationGroup` ENABLE KEYS */;
UNLOCK TABLES;

--
-- Table structure for table `examinationNumber`
--

DROP TABLE IF EXISTS `examinationNumber`;
/*!40101 SET @saved_cs_client     = @@character_set_client */;
/*!40101 SET character_set_client = utf8 */;
CREATE TABLE `examinationNumber` (
  `numberId` int(10) unsigned NOT NULL AUTO_INCREMENT,
  `examinationId` int(10) unsigned DEFAULT NULL,
  `examinationGroupId` int(10) unsigned DEFAULT NULL,
  `studentId` int(10) unsigned DEFAULT NULL,
  `scopeId` int(10) unsigned DEFAULT NULL,
  `examinationNumber` varchar(64) NOT NULL,
  `extraFilter` varchar(32) DEFAULT NULL,
  `extraInformation` varchar(64) DEFAULT NULL,
  `flags` int(5) NOT NULL DEFAULT '15',
  PRIMARY KEY (`numberId`),
  KEY `examinationId` (`examinationId`),
  KEY `examinationGroupId` (`examinationGroupId`),
  KEY `studentId` (`studentId`),
  KEY `scopeId` (`scopeId`),
  CONSTRAINT `examinationNumber_ibfk_1` FOREIGN KEY (`examinationId`) REFERENCES `examination` (`examinationId`),
  CONSTRAINT `examinationNumber_ibfk_2` FOREIGN KEY (`examinationGroupId`) REFERENCES `examinationgroup` (`groupId`),
  CONSTRAINT `examinationNumber_ibfk_3` FOREIGN KEY (`studentId`) REFERENCES `students` (`studentId`),
  CONSTRAINT `examinationNumber_ibfk_4` FOREIGN KEY (`scopeId`) REFERENCES `examinationnumberscope` (`scopeId`)
) ENGINE=InnoDB AUTO_INCREMENT=10 DEFAULT CHARSET=latin1;
/*!40101 SET character_set_client = @saved_cs_client */;

--
-- Dumping data for table `examinationNumber`
--

LOCK TABLES `examinationNumber` WRITE;
/*!40000 ALTER TABLE `examinationNumber` DISABLE KEYS */;
INSERT INTO `examinationNumber` VALUES (1,NULL,NULL,2,1,'0001MID16',NULL,NULL,15),(2,NULL,NULL,3,1,'0002MID16',NULL,NULL,15),(3,NULL,NULL,4,1,'0003MID16',NULL,NULL,15),(4,NULL,NULL,5,1,'0004MID16',NULL,NULL,15),(5,NULL,NULL,11,1,'0005MID16',NULL,NULL,15),(6,NULL,NULL,7,1,'TZ.NACTE.0098.012',NULL,NULL,15),(7,NULL,NULL,8,1,'TZ..NACTE.TEST.001',NULL,NULL,15),(8,NULL,NULL,9,1,'TZ.NACTE.000008',NULL,NULL,15),(9,NULL,NULL,6,1,'TZ.NACTE.00005',NULL,NULL,15);
/*!40000 ALTER TABLE `examinationNumber` ENABLE KEYS */;
UNLOCK TABLES;

--
-- Table structure for table `examinationNumberScope`
--

DROP TABLE IF EXISTS `examinationNumberScope`;
/*!40101 SET @saved_cs_client     = @@character_set_client */;
/*!40101 SET character_set_client = utf8 */;
CREATE TABLE `examinationNumberScope` (
  `scopeId` int(10) unsigned NOT NULL AUTO_INCREMENT,
  `scopeName` varchar(24) NOT NULL,
  `scopeCode` int(2) NOT NULL,
  `extraFilter` varchar(32) DEFAULT NULL,
  `extraInformation` varchar(64) DEFAULT NULL,
  `flags` int(5) NOT NULL DEFAULT '15',
  PRIMARY KEY (`scopeId`),
  UNIQUE KEY `scopeName` (`scopeName`)
) ENGINE=InnoDB AUTO_INCREMENT=4 DEFAULT CHARSET=latin1;
/*!40101 SET character_set_client = @saved_cs_client */;

--
-- Dumping data for table `examinationNumberScope`
--

LOCK TABLES `examinationNumberScope` WRITE;
/*!40000 ALTER TABLE `examinationNumberScope` DISABLE KEYS */;
INSERT INTO `examinationNumberScope` VALUES (1,'System',1,NULL,NULL,15),(2,'Group',2,NULL,NULL,15),(3,'Examination',3,NULL,NULL,15);
/*!40000 ALTER TABLE `examinationNumberScope` ENABLE KEYS */;
UNLOCK TABLES;

--
-- Table structure for table `feeInvoiceGroup`
--

DROP TABLE IF EXISTS `feeInvoiceGroup`;
/*!40101 SET @saved_cs_client     = @@character_set_client */;
/*!40101 SET character_set_client = utf8 */;
CREATE TABLE `feeInvoiceGroup` (
  `groupId` int(10) unsigned NOT NULL AUTO_INCREMENT,
  `groupName` varchar(48) NOT NULL,
  `courseId` int(10) unsigned NOT NULL,
  `_year` int(2) unsigned NOT NULL DEFAULT '0',
  `generationTime` varchar(19) NOT NULL,
  `structureIdList` varchar(108) NOT NULL,
  `currencyId` int(10) unsigned NOT NULL,
  `invoicePrefix` varchar(24) NOT NULL,
  `paymentPrefix` varchar(24) NOT NULL,
  `extraFilter` varchar(32) DEFAULT NULL,
  `extraInformation` varchar(64) DEFAULT NULL,
  `flags` int(5) NOT NULL DEFAULT '15',
  PRIMARY KEY (`groupId`),
  UNIQUE KEY `invoicePrefix` (`invoicePrefix`),
  UNIQUE KEY `paymentPrefix` (`paymentPrefix`),
  KEY `currencyId` (`currencyId`),
  KEY `courseId` (`courseId`),
  CONSTRAINT `feeInvoiceGroup_ibfk_1` FOREIGN KEY (`currencyId`) REFERENCES `currency` (`currencyId`),
  CONSTRAINT `feeInvoiceGroup_ibfk_2` FOREIGN KEY (`courseId`) REFERENCES `course` (`courseId`)
) ENGINE=InnoDB AUTO_INCREMENT=2 DEFAULT CHARSET=latin1;
/*!40101 SET character_set_client = @saved_cs_client */;

--
-- Dumping data for table `feeInvoiceGroup`
--

LOCK TABLES `feeInvoiceGroup` WRITE;
/*!40000 ALTER TABLE `feeInvoiceGroup` DISABLE KEYS */;
INSERT INTO `feeInvoiceGroup` VALUES (1,'GME5_for_2016_2017',3,1,'2016:08:03:15:18:29','1,2',1,'CBOTZ','RECPT','LnxbNyci','',239);
/*!40000 ALTER TABLE `feeInvoiceGroup` ENABLE KEYS */;
UNLOCK TABLES;

--
-- Table structure for table `feeInvoices`
--

DROP TABLE IF EXISTS `feeInvoices`;
/*!40101 SET @saved_cs_client     = @@character_set_client */;
/*!40101 SET character_set_client = utf8 */;
CREATE TABLE `feeInvoices` (
  `invoiceId` int(10) unsigned NOT NULL AUTO_INCREMENT,
  `invoiceNumber` varchar(48) NOT NULL,
  `groupId` int(10) unsigned NOT NULL,
  `studentId` int(10) unsigned NOT NULL,
  `extraFilter` varchar(32) DEFAULT NULL,
  `extraInformation` varchar(64) DEFAULT NULL,
  `flags` int(5) NOT NULL DEFAULT '15',
  PRIMARY KEY (`invoiceId`),
  UNIQUE KEY `groupId_2` (`groupId`,`studentId`),
  KEY `groupId` (`groupId`),
  KEY `studentId` (`studentId`),
  CONSTRAINT `feeInvoices_ibfk_1` FOREIGN KEY (`groupId`) REFERENCES `feeinvoicegroup` (`groupId`),
  CONSTRAINT `feeInvoices_ibfk_2` FOREIGN KEY (`studentId`) REFERENCES `students` (`studentId`)
) ENGINE=InnoDB AUTO_INCREMENT=10 DEFAULT CHARSET=latin1;
/*!40101 SET character_set_client = @saved_cs_client */;

--
-- Dumping data for table `feeInvoices`
--

LOCK TABLES `feeInvoices` WRITE;
/*!40000 ALTER TABLE `feeInvoices` DISABLE KEYS */;
INSERT INTO `feeInvoices` VALUES (1,'CBOTZ37000002',1,2,NULL,'Please Pay',15),(2,'CBOTZ37000003',1,3,NULL,'Please Pay',15),(3,'CBOTZ37000004',1,4,NULL,'Please Pay',15),(4,'CBOTZ26000005',1,5,NULL,'Attached During Admission Process',15),(5,'CBOTZ64000011',1,11,NULL,'Attached During Admission Process',15),(6,'CBOTZ67000007',1,7,NULL,'Attached During Admission Process',15),(7,'CBOTZ88000008',1,8,NULL,'Attached During Admission Process',15),(8,'CBOTZ79000009',1,9,NULL,'Attached During Admission Process',15),(9,'CBOTZ73000006',1,6,NULL,'Attached During Admission Process',15);
/*!40000 ALTER TABLE `feeInvoices` ENABLE KEYS */;
UNLOCK TABLES;

--
-- Table structure for table `feePayer`
--

DROP TABLE IF EXISTS `feePayer`;
/*!40101 SET @saved_cs_client     = @@character_set_client */;
/*!40101 SET character_set_client = utf8 */;
CREATE TABLE `feePayer` (
  `payerId` int(10) unsigned NOT NULL AUTO_INCREMENT,
  `payerName` varchar(48) NOT NULL,
  `extraFilter` varchar(32) DEFAULT NULL,
  `extraInformation` varchar(64) DEFAULT NULL,
  `flags` int(5) NOT NULL DEFAULT '15',
  PRIMARY KEY (`payerId`),
  UNIQUE KEY `payerName` (`payerName`)
) ENGINE=InnoDB AUTO_INCREMENT=12 DEFAULT CHARSET=latin1;
/*!40101 SET character_set_client = @saved_cs_client */;

--
-- Dumping data for table `feePayer`
--

LOCK TABLES `feePayer` WRITE;
/*!40000 ALTER TABLE `feePayer` DISABLE KEYS */;
INSERT INTO `feePayer` VALUES (1,'Self',NULL,NULL,15),(2,'Loan Board',NULL,NULL,15),(3,'Parent/Guardian',NULL,NULL,15),(4,'Accademic Institution',NULL,NULL,15),(5,'Other Institutions',NULL,NULL,15),(6,'Friend',NULL,NULL,15),(7,'Relative',NULL,NULL,15),(8,'Non Profit Organisation',NULL,NULL,15),(9,'Company',NULL,NULL,15),(10,'Employer',NULL,NULL,15),(11,'Others',NULL,NULL,15);
/*!40000 ALTER TABLE `feePayer` ENABLE KEYS */;
UNLOCK TABLES;

--
-- Table structure for table `feePayments`
--

DROP TABLE IF EXISTS `feePayments`;
/*!40101 SET @saved_cs_client     = @@character_set_client */;
/*!40101 SET character_set_client = utf8 */;
CREATE TABLE `feePayments` (
  `paymentId` int(10) unsigned NOT NULL AUTO_INCREMENT,
  `invoiceId` int(10) unsigned NOT NULL,
  `payerId` int(10) unsigned NOT NULL,
  `paymentNumber` varchar(48) NOT NULL,
  `paymentTime` varchar(19) NOT NULL,
  `amount` varchar(24) NOT NULL,
  `extraFilter` varchar(32) DEFAULT NULL,
  `extraInformation` varchar(64) DEFAULT NULL,
  `flags` int(5) NOT NULL DEFAULT '15',
  PRIMARY KEY (`paymentId`),
  UNIQUE KEY `paymentNumber` (`paymentNumber`),
  KEY `invoiceId` (`invoiceId`),
  KEY `payerId` (`payerId`),
  CONSTRAINT `feePayments_ibfk_1` FOREIGN KEY (`invoiceId`) REFERENCES `feeinvoices` (`invoiceId`),
  CONSTRAINT `feePayments_ibfk_2` FOREIGN KEY (`payerId`) REFERENCES `feepayer` (`payerId`)
) ENGINE=InnoDB AUTO_INCREMENT=3 DEFAULT CHARSET=latin1;
/*!40101 SET character_set_client = @saved_cs_client */;

--
-- Dumping data for table `feePayments`
--

LOCK TABLES `feePayments` WRITE;
/*!40000 ALTER TABLE `feePayments` DISABLE KEYS */;
INSERT INTO `feePayments` VALUES (1,1,2,'RECI011','2016:08:03:15:28:38','17000090',NULL,'',15),(2,2,9,'PPR001','2016:08:14:14:06:39','100000',NULL,'',15);
/*!40000 ALTER TABLE `feePayments` ENABLE KEYS */;
UNLOCK TABLES;

--
-- Table structure for table `feeStructure`
--

DROP TABLE IF EXISTS `feeStructure`;
/*!40101 SET @saved_cs_client     = @@character_set_client */;
/*!40101 SET character_set_client = utf8 */;
CREATE TABLE `feeStructure` (
  `structureId` int(10) unsigned NOT NULL AUTO_INCREMENT,
  `courseId` int(10) unsigned NOT NULL,
  `year` int(2) NOT NULL,
  `validFrom` varchar(19) NOT NULL,
  `amount` varchar(24) NOT NULL,
  `currencyId` int(10) unsigned NOT NULL,
  `citizen` tinyint(1) unsigned NOT NULL,
  `extraFilter` varchar(32) DEFAULT NULL,
  `extraInformation` varchar(64) DEFAULT NULL,
  `flags` int(5) NOT NULL DEFAULT '15',
  PRIMARY KEY (`structureId`),
  KEY `courseId` (`courseId`),
  KEY `currencyId` (`currencyId`),
  CONSTRAINT `feeStructure_ibfk_1` FOREIGN KEY (`courseId`) REFERENCES `course` (`courseId`),
  CONSTRAINT `feeStructure_ibfk_2` FOREIGN KEY (`currencyId`) REFERENCES `currency` (`currencyId`)
) ENGINE=InnoDB AUTO_INCREMENT=3 DEFAULT CHARSET=latin1;
/*!40101 SET character_set_client = @saved_cs_client */;

--
-- Dumping data for table `feeStructure`
--

LOCK TABLES `feeStructure` WRITE;
/*!40000 ALTER TABLE `feeStructure` DISABLE KEYS */;
INSERT INTO `feeStructure` VALUES (1,3,1,'2016:8:6:00:00:00','1000000',1,1,'mkAWQ20F','Meal Allowance',15),(2,3,1,'2016:8:5:00:00:00','23509809',1,1,'vYUXPdwG','Tuition Fee',15);
/*!40000 ALTER TABLE `feeStructure` ENABLE KEYS */;
UNLOCK TABLES;

--
-- Table structure for table `grades`
--

DROP TABLE IF EXISTS `grades`;
/*!40101 SET @saved_cs_client     = @@character_set_client */;
/*!40101 SET character_set_client = utf8 */;
CREATE TABLE `grades` (
  `gradeId` int(10) unsigned NOT NULL AUTO_INCREMENT,
  `gradeName` varchar(4) NOT NULL,
  `gradePoint` int(2) NOT NULL DEFAULT '1',
  `levelId` int(10) unsigned NOT NULL,
  `lowestMarks` int(4) NOT NULL,
  `highestMarks` int(4) NOT NULL,
  `extraFilter` varchar(32) DEFAULT NULL,
  `extraInformation` varchar(64) DEFAULT NULL,
  `flags` int(5) NOT NULL DEFAULT '15',
  PRIMARY KEY (`gradeId`),
  KEY `levelId` (`levelId`),
  CONSTRAINT `grades_ibfk_1` FOREIGN KEY (`levelId`) REFERENCES `educationlevel` (`levelId`)
) ENGINE=InnoDB AUTO_INCREMENT=57 DEFAULT CHARSET=latin1;
/*!40101 SET character_set_client = @saved_cs_client */;

--
-- Dumping data for table `grades`
--

LOCK TABLES `grades` WRITE;
/*!40000 ALTER TABLE `grades` DISABLE KEYS */;
INSERT INTO `grades` VALUES (1,'F',0,4,0,40,'qYtJCbx7','Failure',31),(2,'F',0,5,0,40,NULL,'Failure',31),(3,'F',0,6,0,40,NULL,'Failure',31),(4,'F',0,7,0,40,'jNy6W5Xv','Failure',31),(5,'D',1,4,40,50,NULL,'Poor',15),(6,'D',1,5,40,50,NULL,'Poor',15),(7,'D',1,6,40,50,NULL,'Poor',15),(8,'D',1,7,40,50,NULL,'Poor',15),(9,'C',2,4,50,65,NULL,'Average',15),(10,'C',2,5,50,65,NULL,'Average',15),(11,'C',2,6,50,65,NULL,'Average',15),(12,'C',2,7,50,65,NULL,'Average',15),(13,'B',3,4,65,80,NULL,'Good',15),(14,'B',3,5,65,80,NULL,'Good',15),(15,'B',3,6,65,80,NULL,'Good',15),(16,'B',3,7,65,80,NULL,'Good',15),(17,'A',4,4,80,101,NULL,'Excellent',15),(18,'A',4,5,80,101,NULL,'Excellent',15),(19,'A',4,6,80,101,NULL,'Excellent',15),(20,'A',4,7,80,101,NULL,'Excellent',15),(21,'F',0,8,0,40,NULL,'Failure',31),(22,'F',0,9,0,40,NULL,'Failure',31),(23,'F',0,10,0,40,NULL,'Failure',31),(24,'D',1,8,40,50,NULL,'Poor',15),(25,'D',1,9,40,50,NULL,'Poor',15),(26,'D',1,10,40,50,NULL,'Poor',15),(27,'C',2,8,50,65,NULL,'Average',15),(28,'C',2,9,50,65,NULL,'Average',15),(29,'C',2,10,50,65,NULL,'Average',15),(30,'B',3,8,65,80,NULL,'Good',15),(31,'B',3,9,65,80,NULL,'Good',15),(32,'B',3,10,65,80,NULL,'Good',15),(33,'A',4,8,80,101,NULL,'Excellent',15),(34,'A',4,9,80,101,NULL,'Excellent',15),(35,'A',4,10,80,101,NULL,'Excellent',15),(36,'F',0,11,0,35,NULL,'Failure',31),(37,'F',0,12,0,35,NULL,'Failure',31),(38,'D',1,11,35,45,NULL,'Poor',15),(39,'D',1,12,35,45,NULL,'Poor',15),(40,'C',2,11,45,55,NULL,'Average',15),(41,'C',2,12,45,55,NULL,'Average',15),(42,'B',3,11,55,65,NULL,'Good',15),(43,'B',3,12,55,65,NULL,'Good',15),(44,'B+',4,11,65,75,NULL,'Very Good',15),(45,'B+',4,12,65,75,NULL,'Very Good',15),(46,'A',5,11,75,101,NULL,'Excellent',15),(47,'A',5,12,75,101,NULL,'Excellent',15),(48,'I',0,4,1001,1001,'ynMHZbZl','Incomplete',63),(49,'I',0,5,1001,1001,NULL,'Incomplete',63),(50,'I',0,6,1001,1001,NULL,'Incomplete',63),(51,'I',0,7,1001,1001,'1wV4YIXs','Incomplete',63),(52,'I',0,8,1001,1001,'INZvE9ct','Incomplete',63),(53,'I',0,9,1001,1001,'z5Pe1Dbx','Incomplete',63),(54,'I',0,10,1001,1001,'BV1x2VUB','Incomplete',63),(55,'I',0,11,1001,1001,'IT1a926N','Incomplete',63),(56,'I',0,12,1001,1001,'3IZnYvK6','Incomplete',63);
/*!40000 ALTER TABLE `grades` ENABLE KEYS */;
UNLOCK TABLES;

--
-- Table structure for table `groups`
--

DROP TABLE IF EXISTS `groups`;
/*!40101 SET @saved_cs_client     = @@character_set_client */;
/*!40101 SET character_set_client = utf8 */;
CREATE TABLE `groups` (
  `groupId` int(10) unsigned NOT NULL AUTO_INCREMENT,
  `staticGroupId` int(10) unsigned DEFAULT NULL,
  `groupName` varchar(48) NOT NULL,
  `pId` int(10) unsigned DEFAULT NULL,
  `year` int(2) unsigned NOT NULL DEFAULT '0',
  `semester` int(2) unsigned NOT NULL DEFAULT '0',
  `minimumPoints` int(4) unsigned NOT NULL DEFAULT '10',
  `courseId` int(10) unsigned DEFAULT NULL,
  `context` text NOT NULL,
  `rootGroup` tinyint(1) NOT NULL DEFAULT '0',
  `extraFilter` varchar(32) DEFAULT NULL,
  `extraInformation` varchar(64) DEFAULT NULL,
  `flags` int(5) NOT NULL DEFAULT '15',
  PRIMARY KEY (`groupId`),
  UNIQUE KEY `groupName` (`groupName`),
  KEY `pId` (`pId`),
  KEY `courseId` (`courseId`),
  CONSTRAINT `groups_ibfk_1` FOREIGN KEY (`pId`) REFERENCES `groups` (`groupId`),
  CONSTRAINT `groups_ibfk_2` FOREIGN KEY (`courseId`) REFERENCES `course` (`courseId`)
) ENGINE=InnoDB AUTO_INCREMENT=48 DEFAULT CHARSET=latin1;
/*!40101 SET character_set_client = @saved_cs_client */;

--
-- Dumping data for table `groups`
--

LOCK TABLES `groups` WRITE;
/*!40000 ALTER TABLE `groups` DISABLE KEYS */;
INSERT INTO `groups` VALUES (1,NULL,'System',NULL,0,0,10,NULL,'XXXXXXXXXXXXXXXXXXXXXXXXXXXXXXXXXXXXXXXXXXXXXXXXXXXXXXXXXXXXXXXXXXXXXXXXXXXXXXXXXXXXXXXXXXXXXXXXXXXXXXXXXXXXXXXXXXXXXXXXXXXXXXXXXXXXXXXXXXXXXXXXXXXXXXXXXXXXXXXXXXXXXXXXXXXXXXXXXXXXXXXXXXXXXXXXXXXXXXXXXXXXXXXXXXXXXXXXXXXXXXXXXXXXXXXXXXXXXXXXXXXXXXXXXXXXXXXXXXXXXXXXXXXXXXXXXXXXXXXXXXXXXXXXXXXXXXXXXXXXXXXXXXXXXXXXXXXXXXXXXXXXXXXXXXXXXXXXXXXXXXXXXXXXXXXXXXXXXXXXXXXXXXXXXXXXXXXXXXXXXXXXXXXXXXXXXXXXXXXXXXXXXXXXXXXXXXXXXXXXXXXXXXXXXXXXXXXXXXXXXXXXXXXXXXXXXXXXXXXXXXXXXXXXXXXXXXXXXXXXXXXXXXXXXXXXXXXXXXXXXXXXXXXXXXXX',1,'IIWEyNiL',NULL,15),(2,NULL,'Student',1,0,0,10,NULL,'XXXXXXXXXXXXXXXXXXXXXXXXXXXXXXXXXXXXXXXXXXXXXXXXXXXXXXXXXXXXXXXXXXXXXXXXXXXXXXXXXXXXXXXXXXXXXXXXXXXXXXXXXXXXXXXXXXXXXXXXXXXXXXXXXXXXXXXXXXXXXXXXXXXXXXXXXXXXXXXXXXXXXXXXXXXXXXXXXXXXXXXXXXXXXXXXXXXXXXXXXXXXXXXXXXXXXXXXXXXXXXXXXXXXXXXXXXXXXXXXXXXXXXXXXXXXXXXXXXXXXXXXXXXXXXXXXXXXXXXXXXXXXXXXXXXXXXXXXXXXXXXXXXXXXXXXXXXXXXXXXXXXXXXXXXXXXXXXXXXXXXXXXXXXXXXXXXXXXXXXXXXXXXXXXXXXXXXXXXXXXXXXXXXXXXXXXXXXXXXXXXXXXXXXXXXXXXXXXXXXXXXXXXXXXXXXXXXXXXXXXXXXXXXXXXXXXXXXXXXXXXXXXXXXXXXXXXXXXXXXXXXXXXXXXXXXXXXXXXXXXXXXXXXXXXXX',1,'xZ685kTH',NULL,15),(3,NULL,'Graduation',1,0,0,10,NULL,'XXXXXXXXXXXXXXXXXXXXXXXXXXXXXXXXXXXXXXXXXXXXXXXXXXXXXXXXXXXXXXXXXXXXXXXXXXXXXXXXXXXXXXXXXXXXXXXXXXXXXXXXXXXXXXXXXXXXXXXXXXXXXXXXXXXXXXXXXXXXXXXXXXXXXXXXXXXXXXXXXXXXXXXXXXXXXXXXXXXXXXXXXXXXXXXXXXXXXXXXXXXXXXXXXXXXXXXXXXXXXXXXXXXXXXXXXXXXXXXXXXXXXXXXXXXXXXXXXXXXXXXXXXXXXXXXXXXXXXXXXXXXXXXXXXXXXXXXXXXXXXXXXXXXXXXXXXXXXXXXXXXXXXXXXXXXXXXXXXXXXXXXXXXXXXXXXXXXXXXXXXXXXXXXXXXXXXXXXXXXXXXXXXXXXXXXXXXXXXXXXXXXXXXXXXXXXXXXXXXXXXXXXXXXXXXXXXXXXXXXXXXXXXXXXXXXXXXXXXXXXXXXXXXXXXXXXXXXXXXXXXXXXXXXXXXXXXXXXXXXXXXXXXXXXXXX',1,NULL,NULL,15),(4,NULL,'Testing Course',2,0,0,10,1,'XXXXXXXXXXXXXXXXXXXXXXXXXXXXXXXXXXXXXXXXXXXXXXXXXXXXXXXXXXXXXXXXXXXXXXXXXXXXXXXXXXXXXXXXXXXXXXXXXXXXXXXXXXXXXXXXXXXXXXXXXXXXXXXXXXXXXXXXXXXXXXXXXXXXXXXXXXXXXXXXXXXXXXXXXXXXXXXXXXXXXXXXXXXXXXXXXXXXXXXXXXXXXXXXXXXXXXXXXXXXXXXXXXXXXXXXXXXXXXXXXXXXXXXXXXXXXXXXXXXXXXXXXXXXXXXXXXXXXXXXXXXXXXXXXXXXXXXXXXXXXXXXXXXXXXXXXXXXXXXXXXXXXXXXXXXXXXXXXXXXXXXXXXXXXXXXXXXXXXXXXXXXXXXXXXXXXXXXXXXXXXXXXXXXXXXXXXXXXXXXXXXXXXXXXXXXXXXXXXXXXXXXXXXXXXXXXXXXXXXXXXXXXXXXXXXXXXXXXXXXXXXXXXXXXXXXXXXXXXXXXXXXXXXXXXXXXXXXXXXXXXXXXXXXXXXX',1,NULL,NULL,15),(5,NULL,'TCODE_YEAR_1',4,1,0,10,1,'XXXXXXXXXXXXXXXXXXXXXXXXXXXXXXXXXXXXXXXXXXXXXXXXXXXXXXXXXXXXXXXXXXXXXXXXXXXXXXXXXXXXXXXXXXXXXXXXXXXXXXXXXXXXXXXXXXXXXXXXXXXXXXXXXXXXXXXXXXXXXXXXXXXXXXXXXXXXXXXXXXXXXXXXXXXXXXXXXXXXXXXXXXXXXXXXXXXXXXXXXXXXXXXXXXXXXXXXXXXXXXXXXXXXXXXXXXXXXXXXXXXXXXXXXXXXXXXXXXXXXXXXXXXXXXXXXXXXXXXXXXXXXXXXXXXXXXXXXXXXXXXXXXXXXXXXXXXXXXXXXXXXXXXXXXXXXXXXXXXXXXXXXXXXXXXXXXXXXXXXXXXXXXXXXXXXXXXXXXXXXXXXXXXXXXXXXXXXXXXXXXXXXXXXXXXXXXXXXXXXXXXXXXXXXXXXXXXXXXXXXXXXXXXXXXXXXXXXXXXXXXXXXXXXXXXXXXXXXXXXXXXXXXXXXXXXXXXXXXXXXXXXXXXXXXXX',1,NULL,NULL,15),(6,NULL,'TCODE_1_SEM_1',5,1,1,10,1,'XXXXXXXXXXXXXXXXXXXXXXXXXXXXXXXXXXXXXXXXXXXXXXXXXXXXXXXXXXXXXXXXXXXXXXXXXXXXXXXXXXXXXXXXXXXXXXXXXXXXXXXXXXXXXXXXXXXXXXXXXXXXXXXXXXXXXXXXXXXXXXXXXXXXXXXXXXXXXXXXXXXXXXXXXXXXXXXXXXXXXXXXXXXXXXXXXXXXXXXXXXXXXXXXXXXXXXXXXXXXXXXXXXXXXXXXXXXXXXXXXXXXXXXXXXXXXXXXXXXXXXXXXXXXXXXXXXXXXXXXXXXXXXXXXXXXXXXXXXXXXXXXXXXXXXXXXXXXXXXXXXXXXXXXXXXXXXXXXXXXXXXXXXXXXXXXXXXXXXXXXXXXXXXXXXXXXXXXXXXXXXXXXXXXXXXXXXXXXXXXXXXXXXXXXXXXXXXXXXXXXXXXXXXXXXXXXXXXXXXXXXXXXXXXXXXXXXXXXXXXXXXXXXXXXXXXXXXXXXXXXXXXXXXXXXXXXXXXXXXXXXXXXXXXXXXX',1,NULL,NULL,15),(7,NULL,'TCODE_1_SEM_2',5,1,2,10,1,'XXXXXXXXXXXXXXXXXXXXXXXXXXXXXXXXXXXXXXXXXXXXXXXXXXXXXXXXXXXXXXXXXXXXXXXXXXXXXXXXXXXXXXXXXXXXXXXXXXXXXXXXXXXXXXXXXXXXXXXXXXXXXXXXXXXXXXXXXXXXXXXXXXXXXXXXXXXXXXXXXXXXXXXXXXXXXXXXXXXXXXXXXXXXXXXXXXXXXXXXXXXXXXXXXXXXXXXXXXXXXXXXXXXXXXXXXXXXXXXXXXXXXXXXXXXXXXXXXXXXXXXXXXXXXXXXXXXXXXXXXXXXXXXXXXXXXXXXXXXXXXXXXXXXXXXXXXXXXXXXXXXXXXXXXXXXXXXXXXXXXXXXXXXXXXXXXXXXXXXXXXXXXXXXXXXXXXXXXXXXXXXXXXXXXXXXXXXXXXXXXXXXXXXXXXXXXXXXXXXXXXXXXXXXXXXXXXXXXXXXXXXXXXXXXXXXXXXXXXXXXXXXXXXXXXXXXXXXXXXXXXXXXXXXXXXXXXXXXXXXXXXXXXXXXXXX',1,NULL,NULL,15),(8,NULL,'TCODE_YEAR_2',4,2,0,10,1,'XXXXXXXXXXXXXXXXXXXXXXXXXXXXXXXXXXXXXXXXXXXXXXXXXXXXXXXXXXXXXXXXXXXXXXXXXXXXXXXXXXXXXXXXXXXXXXXXXXXXXXXXXXXXXXXXXXXXXXXXXXXXXXXXXXXXXXXXXXXXXXXXXXXXXXXXXXXXXXXXXXXXXXXXXXXXXXXXXXXXXXXXXXXXXXXXXXXXXXXXXXXXXXXXXXXXXXXXXXXXXXXXXXXXXXXXXXXXXXXXXXXXXXXXXXXXXXXXXXXXXXXXXXXXXXXXXXXXXXXXXXXXXXXXXXXXXXXXXXXXXXXXXXXXXXXXXXXXXXXXXXXXXXXXXXXXXXXXXXXXXXXXXXXXXXXXXXXXXXXXXXXXXXXXXXXXXXXXXXXXXXXXXXXXXXXXXXXXXXXXXXXXXXXXXXXXXXXXXXXXXXXXXXXXXXXXXXXXXXXXXXXXXXXXXXXXXXXXXXXXXXXXXXXXXXXXXXXXXXXXXXXXXXXXXXXXXXXXXXXXXXXXXXXXXXXX',1,NULL,NULL,15),(9,NULL,'TCODE_2_SEM_1',8,2,1,10,1,'XXXXXXXXXXXXXXXXXXXXXXXXXXXXXXXXXXXXXXXXXXXXXXXXXXXXXXXXXXXXXXXXXXXXXXXXXXXXXXXXXXXXXXXXXXXXXXXXXXXXXXXXXXXXXXXXXXXXXXXXXXXXXXXXXXXXXXXXXXXXXXXXXXXXXXXXXXXXXXXXXXXXXXXXXXXXXXXXXXXXXXXXXXXXXXXXXXXXXXXXXXXXXXXXXXXXXXXXXXXXXXXXXXXXXXXXXXXXXXXXXXXXXXXXXXXXXXXXXXXXXXXXXXXXXXXXXXXXXXXXXXXXXXXXXXXXXXXXXXXXXXXXXXXXXXXXXXXXXXXXXXXXXXXXXXXXXXXXXXXXXXXXXXXXXXXXXXXXXXXXXXXXXXXXXXXXXXXXXXXXXXXXXXXXXXXXXXXXXXXXXXXXXXXXXXXXXXXXXXXXXXXXXXXXXXXXXXXXXXXXXXXXXXXXXXXXXXXXXXXXXXXXXXXXXXXXXXXXXXXXXXXXXXXXXXXXXXXXXXXXXXXXXXXXXXXX',1,NULL,NULL,15),(10,NULL,'TCODE_2_SEM_2',8,2,2,10,1,'XXXXXXXXXXXXXXXXXXXXXXXXXXXXXXXXXXXXXXXXXXXXXXXXXXXXXXXXXXXXXXXXXXXXXXXXXXXXXXXXXXXXXXXXXXXXXXXXXXXXXXXXXXXXXXXXXXXXXXXXXXXXXXXXXXXXXXXXXXXXXXXXXXXXXXXXXXXXXXXXXXXXXXXXXXXXXXXXXXXXXXXXXXXXXXXXXXXXXXXXXXXXXXXXXXXXXXXXXXXXXXXXXXXXXXXXXXXXXXXXXXXXXXXXXXXXXXXXXXXXXXXXXXXXXXXXXXXXXXXXXXXXXXXXXXXXXXXXXXXXXXXXXXXXXXXXXXXXXXXXXXXXXXXXXXXXXXXXXXXXXXXXXXXXXXXXXXXXXXXXXXXXXXXXXXXXXXXXXXXXXXXXXXXXXXXXXXXXXXXXXXXXXXXXXXXXXXXXXXXXXXXXXXXXXXXXXXXXXXXXXXXXXXXXXXXXXXXXXXXXXXXXXXXXXXXXXXXXXXXXXXXXXXXXXXXXXXXXXXXXXXXXXXXXXXXX',1,NULL,NULL,15),(11,NULL,'TCODE_YEAR_3',4,3,0,10,1,'XXXXXXXXXXXXXXXXXXXXXXXXXXXXXXXXXXXXXXXXXXXXXXXXXXXXXXXXXXXXXXXXXXXXXXXXXXXXXXXXXXXXXXXXXXXXXXXXXXXXXXXXXXXXXXXXXXXXXXXXXXXXXXXXXXXXXXXXXXXXXXXXXXXXXXXXXXXXXXXXXXXXXXXXXXXXXXXXXXXXXXXXXXXXXXXXXXXXXXXXXXXXXXXXXXXXXXXXXXXXXXXXXXXXXXXXXXXXXXXXXXXXXXXXXXXXXXXXXXXXXXXXXXXXXXXXXXXXXXXXXXXXXXXXXXXXXXXXXXXXXXXXXXXXXXXXXXXXXXXXXXXXXXXXXXXXXXXXXXXXXXXXXXXXXXXXXXXXXXXXXXXXXXXXXXXXXXXXXXXXXXXXXXXXXXXXXXXXXXXXXXXXXXXXXXXXXXXXXXXXXXXXXXXXXXXXXXXXXXXXXXXXXXXXXXXXXXXXXXXXXXXXXXXXXXXXXXXXXXXXXXXXXXXXXXXXXXXXXXXXXXXXXXXXXXXX',1,NULL,NULL,15),(12,NULL,'TCODE_3_SEM_1',11,3,1,10,1,'XXXXXXXXXXXXXXXXXXXXXXXXXXXXXXXXXXXXXXXXXXXXXXXXXXXXXXXXXXXXXXXXXXXXXXXXXXXXXXXXXXXXXXXXXXXXXXXXXXXXXXXXXXXXXXXXXXXXXXXXXXXXXXXXXXXXXXXXXXXXXXXXXXXXXXXXXXXXXXXXXXXXXXXXXXXXXXXXXXXXXXXXXXXXXXXXXXXXXXXXXXXXXXXXXXXXXXXXXXXXXXXXXXXXXXXXXXXXXXXXXXXXXXXXXXXXXXXXXXXXXXXXXXXXXXXXXXXXXXXXXXXXXXXXXXXXXXXXXXXXXXXXXXXXXXXXXXXXXXXXXXXXXXXXXXXXXXXXXXXXXXXXXXXXXXXXXXXXXXXXXXXXXXXXXXXXXXXXXXXXXXXXXXXXXXXXXXXXXXXXXXXXXXXXXXXXXXXXXXXXXXXXXXXXXXXXXXXXXXXXXXXXXXXXXXXXXXXXXXXXXXXXXXXXXXXXXXXXXXXXXXXXXXXXXXXXXXXXXXXXXXXXXXXXXXXX',1,NULL,NULL,15),(13,NULL,'TCODE_3_SEM_2',11,3,2,10,1,'XXXXXXXXXXXXXXXXXXXXXXXXXXXXXXXXXXXXXXXXXXXXXXXXXXXXXXXXXXXXXXXXXXXXXXXXXXXXXXXXXXXXXXXXXXXXXXXXXXXXXXXXXXXXXXXXXXXXXXXXXXXXXXXXXXXXXXXXXXXXXXXXXXXXXXXXXXXXXXXXXXXXXXXXXXXXXXXXXXXXXXXXXXXXXXXXXXXXXXXXXXXXXXXXXXXXXXXXXXXXXXXXXXXXXXXXXXXXXXXXXXXXXXXXXXXXXXXXXXXXXXXXXXXXXXXXXXXXXXXXXXXXXXXXXXXXXXXXXXXXXXXXXXXXXXXXXXXXXXXXXXXXXXXXXXXXXXXXXXXXXXXXXXXXXXXXXXXXXXXXXXXXXXXXXXXXXXXXXXXXXXXXXXXXXXXXXXXXXXXXXXXXXXXXXXXXXXXXXXXXXXXXXXXXXXXXXXXXXXXXXXXXXXXXXXXXXXXXXXXXXXXXXXXXXXXXXXXXXXXXXXXXXXXXXXXXXXXXXXXXXXXXXXXXXXXX',1,NULL,NULL,15),(14,NULL,'Geology and Mineral Exploration (NTA Level 4)',2,0,0,10,2,'XXXXXXXXXXXXXXXXXXXXXXXXXXXXXXXXXXXXXXXXXXXXXXXXXXXXXXXXXXXXXXXXXXXXXXXXXXXXXXXXXXXXXXXXXXXXXXXXXXXXXXXXXXXXXXXXXXXXXXXXXXXXXXXXXXXXXXXXXXXXXXXXXXXXXXXXXXXXXXXXXXXXXXXXXXXXXXXXXXXXXXXXXXXXXXXXXXXXXXXXXXXXXXXXXXXXXXXXXXXXXXXXXXXXXXXXXXXXXXXXXXXXXXXXXXXXXXXXXXXXXXXXXXXXXXXXXXXXXXXXXXXXXXXXXXXXXXXXXXXXXXXXXXXXXXXXXXXXXXXXXXXXXXXXXXXXXXXXXXXXXXXXXXXXXXXXXXXXXXXXXXXXXXXXXXXXXXXXXXXXXXXXXXXXXXXXXXXXXXXXXXXXXXXXXXXXXXXXXXXXXXXXXXXXXXXXXXXXXXXXXXXXXXXXXXXXXXXXXXXXXXXXXXXXXXXXXXXXXXXXXXXXXXXXXXXXXXXXXXXXXXXXXXXXXXXX',1,NULL,NULL,15),(15,NULL,'GME4_YEAR_1',14,1,0,10,2,'XXXXXXXXXXXXXXXXXXXXXXXXXXXXXXXXXXXXXXXXXXXXXXXXXXXXXXXXXXXXXXXXXXXXXXXXXXXXXXXXXXXXXXXXXXXXXXXXXXXXXXXXXXXXXXXXXXXXXXXXXXXXXXXXXXXXXXXXXXXXXXXXXXXXXXXXXXXXXXXXXXXXXXXXXXXXXXXXXXXXXXXXXXXXXXXXXXXXXXXXXXXXXXXXXXXXXXXXXXXXXXXXXXXXXXXXXXXXXXXXXXXXXXXXXXXXXXXXXXXXXXXXXXXXXXXXXXXXXXXXXXXXXXXXXXXXXXXXXXXXXXXXXXXXXXXXXXXXXXXXXXXXXXXXXXXXXXXXXXXXXXXXXXXXXXXXXXXXXXXXXXXXXXXXXXXXXXXXXXXXXXXXXXXXXXXXXXXXXXXXXXXXXXXXXXXXXXXXXXXXXXXXXXXXXXXXXXXXXXXXXXXXXXXXXXXXXXXXXXXXXXXXXXXXXXXXXXXXXXXXXXXXXXXXXXXXXXXXXXXXXXXXXXXXXXXX',1,NULL,NULL,15),(16,NULL,'GME4_1_SEM_1',15,1,1,10,2,'XXXXXXXXXXXXXXXXXXXXXXXXXXXXXXXXXXXXXXXXXXXXXXXXXXXXXXXXXXXXXXXXXXXXXXXXXXXXXXXXXXXXXXXXXXXXXXXXXXXXXXXXXXXXXXXXXXXXXXXXXXXXXXXXXXXXXXXXXXXXXXXXXXXXXXXXXXXXXXXXXXXXXXXXXXXXXXXXXXXXXXXXXXXXXXXXXXXXXXXXXXXXXXXXXXXXXXXXXXXXXXXXXXXXXXXXXXXXXXXXXXXXXXXXXXXXXXXXXXXXXXXXXXXXXXXXXXXXXXXXXXXXXXXXXXXXXXXXXXXXXXXXXXXXXXXXXXXXXXXXXXXXXXXXXXXXXXXXXXXXXXXXXXXXXXXXXXXXXXXXXXXXXXXXXXXXXXXXXXXXXXXXXXXXXXXXXXXXXXXXXXXXXXXXXXXXXXXXXXXXXXXXXXXXXXXXXXXXXXXXXXXXXXXXXXXXXXXXXXXXXXXXXXXXXXXXXXXXXXXXXXXXXXXXXXXXXXXXXXXXXXXXXXXXXXXX',1,NULL,NULL,15),(17,NULL,'GME4_1_SEM_2',15,1,2,10,2,'XXXXXXXXXXXXXXXXXXXXXXXXXXXXXXXXXXXXXXXXXXXXXXXXXXXXXXXXXXXXXXXXXXXXXXXXXXXXXXXXXXXXXXXXXXXXXXXXXXXXXXXXXXXXXXXXXXXXXXXXXXXXXXXXXXXXXXXXXXXXXXXXXXXXXXXXXXXXXXXXXXXXXXXXXXXXXXXXXXXXXXXXXXXXXXXXXXXXXXXXXXXXXXXXXXXXXXXXXXXXXXXXXXXXXXXXXXXXXXXXXXXXXXXXXXXXXXXXXXXXXXXXXXXXXXXXXXXXXXXXXXXXXXXXXXXXXXXXXXXXXXXXXXXXXXXXXXXXXXXXXXXXXXXXXXXXXXXXXXXXXXXXXXXXXXXXXXXXXXXXXXXXXXXXXXXXXXXXXXXXXXXXXXXXXXXXXXXXXXXXXXXXXXXXXXXXXXXXXXXXXXXXXXXXXXXXXXXXXXXXXXXXXXXXXXXXXXXXXXXXXXXXXXXXXXXXXXXXXXXXXXXXXXXXXXXXXXXXXXXXXXXXXXXXXXXX',1,NULL,NULL,15),(18,NULL,'Geology and Mineral Exploration (NTA Level 5)',2,0,0,10,3,'XXXXXXXXXXXXXXXXXXXXXXXXXXXXXXXXXXXXXXXXXXXXXXXXXXXXXXXXXXXXXXXXXXXXXXXXXXXXXXXXXXXXXXXXXXXXXXXXXXXXXXXXXXXXXXXXXXXXXXXXXXXXXXXXXXXXXXXXXXXXXXXXXXXXXXXXXXXXXXXXXXXXXXXXXXXXXXXXXXXXXXXXXXXXXXXXXXXXXXXXXXXXXXXXXXXXXXXXXXXXXXXXXXXXXXXXXXXXXXXXXXXXXXXXXXXXXXXXXXXXXXXXXXXXXXXXXXXXXXXXXXXXXXXXXXXXXXXXXXXXXXXXXXXXXXXXXXXXXXXXXXXXXXXXXXXXXXXXXXXXXXXXXXXXXXXXXXXXXXXXXXXXXXXXXXXXXXXXXXXXXXXXXXXXXXXXXXXXXXXXXXXXXXXXXXXXXXXXXXXXXXXXXXXXXXXXXXXXXXXXXXXXXXXXXXXXXXXXXXXXXXXXXXXXXXXXXXXXXXXXXXXXXXXXXXXXXXXXXXXXXXXXXXXXXXXX',1,NULL,NULL,15),(19,NULL,'GME5_YEAR_1',18,1,0,10,3,'XXXXXXXXXXXXXXXXXXXXXXXXXXXXXXXXXXXXXXXXXXXXXXXXXXXXXXXXXXXXXXXXXXXXXXXXXXXXXXXXXXXXXXXXXXXXXXXXXXXXXXXXXXXXXXXXXXXXXXXXXXXXXXXXXXXXXXXXXXXXXXXXXXXXXXXXXXXXXXXXXXXXXXXXXXXXXXXXXXXXXXXXXXXXXXXXXXXXXXXXXXXXXXXXXXXXXXXXXXXXXXXXXXXXXXXXXXXXXXXXXXXXXXXXXXXXXXXXXXXXXXXXXXXXXXXXXXXXXXXXXXXXXXXXXXXXXXXXXXXXXXXXXXXXXXXXXXXXXXXXXXXXXXXXXXXXXXXXXXXXXXXXXXXXXXXXXXXXXXXXXXXXXXXXXXXXXXXXXXXXXXXXXXXXXXXXXXXXXXXXXXXXXXXXXXXXXXXXXXXXXXXXXXXXXXXXXXXXXXXXXXXXXXXXXXXXXXXXXXXXXXXXXXXXXXXXXXXXXXXXXXXXXXXXXXXXXXXXXXXXXXXXXXXXXXXX',1,NULL,NULL,15),(20,NULL,'GME5_1_SEM_1',19,1,1,10,3,'XXXXXXXXXXXXXXXXXXXXXXXXXXXXXXXXXXXXXXXXXXXXXXXXXXXXXXXXXXXXXXXXXXXXXXXXXXXXXXXXXXXXXXXXXXXXXXXXXXXXXXXXXXXXXXXXXXXXXXXXXXXXXXXXXXXXXXXXXXXXXXXXXXXXXXXXXXXXXXXXXXXXXXXXXXXXXXXXXXXXXXXXXXXXXXXXXXXXXXXXXXXXXXXXXXXXXXXXXXXXXXXXXXXXXXXXXXXXXXXXXXXXXXXXXXXXXXXXXXXXXXXXXXXXXXXXXXXXXXXXXXXXXXXXXXXXXXXXXXXXXXXXXXXXXXXXXXXXXXXXXXXXXXXXXXXXXXXXXXXXXXXXXXXXXXXXXXXXXXXXXXXXXXXXXXXXXXXXXXXXXXXXXXXXXXXXXXXXXXXXXXXXXXXXXXXXXXXXXXXXXXXXXXXXXXXXXXXXXXXXXXXXXXXXXXXXXXXXXXXXXXXXXXXXXXXXXXXXXXXXXXXXXXXXXXXXXXXXXXXXXXXXXXXXXXXX',1,NULL,NULL,15),(21,NULL,'GME5_1_SEM_2',19,1,2,10,3,'XXXXXXXXXXXXXXXXXXXXXXXXXXXXXXXXXXXXXXXXXXXXXXXXXXXXXXXXXXXXXXXXXXXXXXXXXXXXXXXXXXXXXXXXXXXXXXXXXXXXXXXXXXXXXXXXXXXXXXXXXXXXXXXXXXXXXXXXXXXXXXXXXXXXXXXXXXXXXXXXXXXXXXXXXXXXXXXXXXXXXXXXXXXXXXXXXXXXXXXXXXXXXXXXXXXXXXXXXXXXXXXXXXXXXXXXXXXXXXXXXXXXXXXXXXXXXXXXXXXXXXXXXXXXXXXXXXXXXXXXXXXXXXXXXXXXXXXXXXXXXXXXXXXXXXXXXXXXXXXXXXXXXXXXXXXXXXXXXXXXXXXXXXXXXXXXXXXXXXXXXXXXXXXXXXXXXXXXXXXXXXXXXXXXXXXXXXXXXXXXXXXXXXXXXXXXXXXXXXXXXXXXXXXXXXXXXXXXXXXXXXXXXXXXXXXXXXXXXXXXXXXXXXXXXXXXXXXXXXXXXXXXXXXXXXXXXXXXXXXXXXXXXXXXXXXX',1,NULL,NULL,15),(22,NULL,'Geology and Mineral Exploration (NTA Level 6)',2,0,0,10,4,'XXXXXXXXXXXXXXXXXXXXXXXXXXXXXXXXXXXXXXXXXXXXXXXXXXXXXXXXXXXXXXXXXXXXXXXXXXXXXXXXXXXXXXXXXXXXXXXXXXXXXXXXXXXXXXXXXXXXXXXXXXXXXXXXXXXXXXXXXXXXXXXXXXXXXXXXXXXXXXXXXXXXXXXXXXXXXXXXXXXXXXXXXXXXXXXXXXXXXXXXXXXXXXXXXXXXXXXXXXXXXXXXXXXXXXXXXXXXXXXXXXXXXXXXXXXXXXXXXXXXXXXXXXXXXXXXXXXXXXXXXXXXXXXXXXXXXXXXXXXXXXXXXXXXXXXXXXXXXXXXXXXXXXXXXXXXXXXXXXXXXXXXXXXXXXXXXXXXXXXXXXXXXXXXXXXXXXXXXXXXXXXXXXXXXXXXXXXXXXXXXXXXXXXXXXXXXXXXXXXXXXXXXXXXXXXXXXXXXXXXXXXXXXXXXXXXXXXXXXXXXXXXXXXXXXXXXXXXXXXXXXXXXXXXXXXXXXXXXXXXXXXXXXXXXXXX',1,NULL,NULL,15),(23,NULL,'GME6_YEAR_1',22,1,0,10,4,'XXXXXXXXXXXXXXXXXXXXXXXXXXXXXXXXXXXXXXXXXXXXXXXXXXXXXXXXXXXXXXXXXXXXXXXXXXXXXXXXXXXXXXXXXXXXXXXXXXXXXXXXXXXXXXXXXXXXXXXXXXXXXXXXXXXXXXXXXXXXXXXXXXXXXXXXXXXXXXXXXXXXXXXXXXXXXXXXXXXXXXXXXXXXXXXXXXXXXXXXXXXXXXXXXXXXXXXXXXXXXXXXXXXXXXXXXXXXXXXXXXXXXXXXXXXXXXXXXXXXXXXXXXXXXXXXXXXXXXXXXXXXXXXXXXXXXXXXXXXXXXXXXXXXXXXXXXXXXXXXXXXXXXXXXXXXXXXXXXXXXXXXXXXXXXXXXXXXXXXXXXXXXXXXXXXXXXXXXXXXXXXXXXXXXXXXXXXXXXXXXXXXXXXXXXXXXXXXXXXXXXXXXXXXXXXXXXXXXXXXXXXXXXXXXXXXXXXXXXXXXXXXXXXXXXXXXXXXXXXXXXXXXXXXXXXXXXXXXXXXXXXXXXXXXXXX',1,NULL,NULL,15),(24,NULL,'GME6_1_SEM_1',23,1,1,10,4,'XXXXXXXXXXXXXXXXXXXXXXXXXXXXXXXXXXXXXXXXXXXXXXXXXXXXXXXXXXXXXXXXXXXXXXXXXXXXXXXXXXXXXXXXXXXXXXXXXXXXXXXXXXXXXXXXXXXXXXXXXXXXXXXXXXXXXXXXXXXXXXXXXXXXXXXXXXXXXXXXXXXXXXXXXXXXXXXXXXXXXXXXXXXXXXXXXXXXXXXXXXXXXXXXXXXXXXXXXXXXXXXXXXXXXXXXXXXXXXXXXXXXXXXXXXXXXXXXXXXXXXXXXXXXXXXXXXXXXXXXXXXXXXXXXXXXXXXXXXXXXXXXXXXXXXXXXXXXXXXXXXXXXXXXXXXXXXXXXXXXXXXXXXXXXXXXXXXXXXXXXXXXXXXXXXXXXXXXXXXXXXXXXXXXXXXXXXXXXXXXXXXXXXXXXXXXXXXXXXXXXXXXXXXXXXXXXXXXXXXXXXXXXXXXXXXXXXXXXXXXXXXXXXXXXXXXXXXXXXXXXXXXXXXXXXXXXXXXXXXXXXXXXXXXXXXX',1,NULL,NULL,15),(25,NULL,'GME6_1_SEM_2',23,1,2,10,4,'XXXXXXXXXXXXXXXXXXXXXXXXXXXXXXXXXXXXXXXXXXXXXXXXXXXXXXXXXXXXXXXXXXXXXXXXXXXXXXXXXXXXXXXXXXXXXXXXXXXXXXXXXXXXXXXXXXXXXXXXXXXXXXXXXXXXXXXXXXXXXXXXXXXXXXXXXXXXXXXXXXXXXXXXXXXXXXXXXXXXXXXXXXXXXXXXXXXXXXXXXXXXXXXXXXXXXXXXXXXXXXXXXXXXXXXXXXXXXXXXXXXXXXXXXXXXXXXXXXXXXXXXXXXXXXXXXXXXXXXXXXXXXXXXXXXXXXXXXXXXXXXXXXXXXXXXXXXXXXXXXXXXXXXXXXXXXXXXXXXXXXXXXXXXXXXXXXXXXXXXXXXXXXXXXXXXXXXXXXXXXXXXXXXXXXXXXXXXXXXXXXXXXXXXXXXXXXXXXXXXXXXXXXXXXXXXXXXXXXXXXXXXXXXXXXXXXXXXXXXXXXXXXXXXXXXXXXXXXXXXXXXXXXXXXXXXXXXXXXXXXXXXXXXXXXXX',1,NULL,NULL,15),(26,NULL,'Petroleum Geosciences (NTA Level 4)',2,0,0,10,5,'XXXXXXXXXXXXXXXXXXXXXXXXXXXXXXXXXXXXXXXXXXXXXXXXXXXXXXXXXXXXXXXXXXXXXXXXXXXXXXXXXXXXXXXXXXXXXXXXXXXXXXXXXXXXXXXXXXXXXXXXXXXXXXXXXXXXXXXXXXXXXXXXXXXXXXXXXXXXXXXXXXXXXXXXXXXXXXXXXXXXXXXXXXXXXXXXXXXXXXXXXXXXXXXXXXXXXXXXXXXXXXXXXXXXXXXXXXXXXXXXXXXXXXXXXXXXXXXXXXXXXXXXXXXXXXXXXXXXXXXXXXXXXXXXXXXXXXXXXXXXXXXXXXXXXXXXXXXXXXXXXXXXXXXXXXXXXXXXXXXXXXXXXXXXXXXXXXXXXXXXXXXXXXXXXXXXXXXXXXXXXXXXXXXXXXXXXXXXXXXXXXXXXXXXXXXXXXXXXXXXXXXXXXXXXXXXXXXXXXXXXXXXXXXXXXXXXXXXXXXXXXXXXXXXXXXXXXXXXXXXXXXXXXXXXXXXXXXXXXXXXXXXXXXXXXXX',1,NULL,NULL,15),(27,NULL,'PG4_YEAR_1',26,1,0,10,5,'XXXXXXXXXXXXXXXXXXXXXXXXXXXXXXXXXXXXXXXXXXXXXXXXXXXXXXXXXXXXXXXXXXXXXXXXXXXXXXXXXXXXXXXXXXXXXXXXXXXXXXXXXXXXXXXXXXXXXXXXXXXXXXXXXXXXXXXXXXXXXXXXXXXXXXXXXXXXXXXXXXXXXXXXXXXXXXXXXXXXXXXXXXXXXXXXXXXXXXXXXXXXXXXXXXXXXXXXXXXXXXXXXXXXXXXXXXXXXXXXXXXXXXXXXXXXXXXXXXXXXXXXXXXXXXXXXXXXXXXXXXXXXXXXXXXXXXXXXXXXXXXXXXXXXXXXXXXXXXXXXXXXXXXXXXXXXXXXXXXXXXXXXXXXXXXXXXXXXXXXXXXXXXXXXXXXXXXXXXXXXXXXXXXXXXXXXXXXXXXXXXXXXXXXXXXXXXXXXXXXXXXXXXXXXXXXXXXXXXXXXXXXXXXXXXXXXXXXXXXXXXXXXXXXXXXXXXXXXXXXXXXXXXXXXXXXXXXXXXXXXXXXXXXXXXXX',1,NULL,NULL,15),(28,NULL,'PG4_1_SEM_1',27,1,1,10,5,'XXXXXXXXXXXXXXXXXXXXXXXXXXXXXXXXXXXXXXXXXXXXXXXXXXXXXXXXXXXXXXXXXXXXXXXXXXXXXXXXXXXXXXXXXXXXXXXXXXXXXXXXXXXXXXXXXXXXXXXXXXXXXXXXXXXXXXXXXXXXXXXXXXXXXXXXXXXXXXXXXXXXXXXXXXXXXXXXXXXXXXXXXXXXXXXXXXXXXXXXXXXXXXXXXXXXXXXXXXXXXXXXXXXXXXXXXXXXXXXXXXXXXXXXXXXXXXXXXXXXXXXXXXXXXXXXXXXXXXXXXXXXXXXXXXXXXXXXXXXXXXXXXXXXXXXXXXXXXXXXXXXXXXXXXXXXXXXXXXXXXXXXXXXXXXXXXXXXXXXXXXXXXXXXXXXXXXXXXXXXXXXXXXXXXXXXXXXXXXXXXXXXXXXXXXXXXXXXXXXXXXXXXXXXXXXXXXXXXXXXXXXXXXXXXXXXXXXXXXXXXXXXXXXXXXXXXXXXXXXXXXXXXXXXXXXXXXXXXXXXXXXXXXXXXXXX',1,NULL,NULL,15),(29,NULL,'PG4_1_SEM_2',27,1,2,10,5,'XXXXXXXXXXXXXXXXXXXXXXXXXXXXXXXXXXXXXXXXXXXXXXXXXXXXXXXXXXXXXXXXXXXXXXXXXXXXXXXXXXXXXXXXXXXXXXXXXXXXXXXXXXXXXXXXXXXXXXXXXXXXXXXXXXXXXXXXXXXXXXXXXXXXXXXXXXXXXXXXXXXXXXXXXXXXXXXXXXXXXXXXXXXXXXXXXXXXXXXXXXXXXXXXXXXXXXXXXXXXXXXXXXXXXXXXXXXXXXXXXXXXXXXXXXXXXXXXXXXXXXXXXXXXXXXXXXXXXXXXXXXXXXXXXXXXXXXXXXXXXXXXXXXXXXXXXXXXXXXXXXXXXXXXXXXXXXXXXXXXXXXXXXXXXXXXXXXXXXXXXXXXXXXXXXXXXXXXXXXXXXXXXXXXXXXXXXXXXXXXXXXXXXXXXXXXXXXXXXXXXXXXXXXXXXXXXXXXXXXXXXXXXXXXXXXXXXXXXXXXXXXXXXXXXXXXXXXXXXXXXXXXXXXXXXXXXXXXXXXXXXXXXXXXXXXX',1,NULL,NULL,15),(30,NULL,' 	Petroleum Geosciences (NTA Level 5)',2,0,0,10,6,'XXXXXXXXXXXXXXXXXXXXXXXXXXXXXXXXXXXXXXXXXXXXXXXXXXXXXXXXXXXXXXXXXXXXXXXXXXXXXXXXXXXXXXXXXXXXXXXXXXXXXXXXXXXXXXXXXXXXXXXXXXXXXXXXXXXXXXXXXXXXXXXXXXXXXXXXXXXXXXXXXXXXXXXXXXXXXXXXXXXXXXXXXXXXXXXXXXXXXXXXXXXXXXXXXXXXXXXXXXXXXXXXXXXXXXXXXXXXXXXXXXXXXXXXXXXXXXXXXXXXXXXXXXXXXXXXXXXXXXXXXXXXXXXXXXXXXXXXXXXXXXXXXXXXXXXXXXXXXXXXXXXXXXXXXXXXXXXXXXXXXXXXXXXXXXXXXXXXXXXXXXXXXXXXXXXXXXXXXXXXXXXXXXXXXXXXXXXXXXXXXXXXXXXXXXXXXXXXXXXXXXXXXXXXXXXXXXXXXXXXXXXXXXXXXXXXXXXXXXXXXXXXXXXXXXXXXXXXXXXXXXXXXXXXXXXXXXXXXXXXXXXXXXXXXXXX',1,NULL,NULL,15),(31,NULL,'PG5_YEAR_1',30,1,0,10,6,'XXXXXXXXXXXXXXXXXXXXXXXXXXXXXXXXXXXXXXXXXXXXXXXXXXXXXXXXXXXXXXXXXXXXXXXXXXXXXXXXXXXXXXXXXXXXXXXXXXXXXXXXXXXXXXXXXXXXXXXXXXXXXXXXXXXXXXXXXXXXXXXXXXXXXXXXXXXXXXXXXXXXXXXXXXXXXXXXXXXXXXXXXXXXXXXXXXXXXXXXXXXXXXXXXXXXXXXXXXXXXXXXXXXXXXXXXXXXXXXXXXXXXXXXXXXXXXXXXXXXXXXXXXXXXXXXXXXXXXXXXXXXXXXXXXXXXXXXXXXXXXXXXXXXXXXXXXXXXXXXXXXXXXXXXXXXXXXXXXXXXXXXXXXXXXXXXXXXXXXXXXXXXXXXXXXXXXXXXXXXXXXXXXXXXXXXXXXXXXXXXXXXXXXXXXXXXXXXXXXXXXXXXXXXXXXXXXXXXXXXXXXXXXXXXXXXXXXXXXXXXXXXXXXXXXXXXXXXXXXXXXXXXXXXXXXXXXXXXXXXXXXXXXXXXXXX',1,NULL,NULL,15),(32,NULL,'PG5_1_SEM_1',31,1,1,10,6,'XXXXXXXXXXXXXXXXXXXXXXXXXXXXXXXXXXXXXXXXXXXXXXXXXXXXXXXXXXXXXXXXXXXXXXXXXXXXXXXXXXXXXXXXXXXXXXXXXXXXXXXXXXXXXXXXXXXXXXXXXXXXXXXXXXXXXXXXXXXXXXXXXXXXXXXXXXXXXXXXXXXXXXXXXXXXXXXXXXXXXXXXXXXXXXXXXXXXXXXXXXXXXXXXXXXXXXXXXXXXXXXXXXXXXXXXXXXXXXXXXXXXXXXXXXXXXXXXXXXXXXXXXXXXXXXXXXXXXXXXXXXXXXXXXXXXXXXXXXXXXXXXXXXXXXXXXXXXXXXXXXXXXXXXXXXXXXXXXXXXXXXXXXXXXXXXXXXXXXXXXXXXXXXXXXXXXXXXXXXXXXXXXXXXXXXXXXXXXXXXXXXXXXXXXXXXXXXXXXXXXXXXXXXXXXXXXXXXXXXXXXXXXXXXXXXXXXXXXXXXXXXXXXXXXXXXXXXXXXXXXXXXXXXXXXXXXXXXXXXXXXXXXXXXXXXX',1,NULL,NULL,15),(33,NULL,'PG5_1_SEM_2',31,1,2,10,6,'XXXXXXXXXXXXXXXXXXXXXXXXXXXXXXXXXXXXXXXXXXXXXXXXXXXXXXXXXXXXXXXXXXXXXXXXXXXXXXXXXXXXXXXXXXXXXXXXXXXXXXXXXXXXXXXXXXXXXXXXXXXXXXXXXXXXXXXXXXXXXXXXXXXXXXXXXXXXXXXXXXXXXXXXXXXXXXXXXXXXXXXXXXXXXXXXXXXXXXXXXXXXXXXXXXXXXXXXXXXXXXXXXXXXXXXXXXXXXXXXXXXXXXXXXXXXXXXXXXXXXXXXXXXXXXXXXXXXXXXXXXXXXXXXXXXXXXXXXXXXXXXXXXXXXXXXXXXXXXXXXXXXXXXXXXXXXXXXXXXXXXXXXXXXXXXXXXXXXXXXXXXXXXXXXXXXXXXXXXXXXXXXXXXXXXXXXXXXXXXXXXXXXXXXXXXXXXXXXXXXXXXXXXXXXXXXXXXXXXXXXXXXXXXXXXXXXXXXXXXXXXXXXXXXXXXXXXXXXXXXXXXXXXXXXXXXXXXXXXXXXXXXXXXXXXXX',1,NULL,NULL,15),(34,NULL,'Petroleum Geosciences (NTA Level 6)',2,0,0,10,7,'XXXXXXXXXXXXXXXXXXXXXXXXXXXXXXXXXXXXXXXXXXXXXXXXXXXXXXXXXXXXXXXXXXXXXXXXXXXXXXXXXXXXXXXXXXXXXXXXXXXXXXXXXXXXXXXXXXXXXXXXXXXXXXXXXXXXXXXXXXXXXXXXXXXXXXXXXXXXXXXXXXXXXXXXXXXXXXXXXXXXXXXXXXXXXXXXXXXXXXXXXXXXXXXXXXXXXXXXXXXXXXXXXXXXXXXXXXXXXXXXXXXXXXXXXXXXXXXXXXXXXXXXXXXXXXXXXXXXXXXXXXXXXXXXXXXXXXXXXXXXXXXXXXXXXXXXXXXXXXXXXXXXXXXXXXXXXXXXXXXXXXXXXXXXXXXXXXXXXXXXXXXXXXXXXXXXXXXXXXXXXXXXXXXXXXXXXXXXXXXXXXXXXXXXXXXXXXXXXXXXXXXXXXXXXXXXXXXXXXXXXXXXXXXXXXXXXXXXXXXXXXXXXXXXXXXXXXXXXXXXXXXXXXXXXXXXXXXXXXXXXXXXXXXXXXXX',1,NULL,NULL,15),(35,NULL,'PG6_YEAR_1',34,1,0,10,7,'XXXXXXXXXXXXXXXXXXXXXXXXXXXXXXXXXXXXXXXXXXXXXXXXXXXXXXXXXXXXXXXXXXXXXXXXXXXXXXXXXXXXXXXXXXXXXXXXXXXXXXXXXXXXXXXXXXXXXXXXXXXXXXXXXXXXXXXXXXXXXXXXXXXXXXXXXXXXXXXXXXXXXXXXXXXXXXXXXXXXXXXXXXXXXXXXXXXXXXXXXXXXXXXXXXXXXXXXXXXXXXXXXXXXXXXXXXXXXXXXXXXXXXXXXXXXXXXXXXXXXXXXXXXXXXXXXXXXXXXXXXXXXXXXXXXXXXXXXXXXXXXXXXXXXXXXXXXXXXXXXXXXXXXXXXXXXXXXXXXXXXXXXXXXXXXXXXXXXXXXXXXXXXXXXXXXXXXXXXXXXXXXXXXXXXXXXXXXXXXXXXXXXXXXXXXXXXXXXXXXXXXXXXXXXXXXXXXXXXXXXXXXXXXXXXXXXXXXXXXXXXXXXXXXXXXXXXXXXXXXXXXXXXXXXXXXXXXXXXXXXXXXXXXXXXXX',1,NULL,NULL,15),(36,NULL,'PG6_1_SEM_1',35,1,1,10,7,'XXXXXXXXXXXXXXXXXXXXXXXXXXXXXXXXXXXXXXXXXXXXXXXXXXXXXXXXXXXXXXXXXXXXXXXXXXXXXXXXXXXXXXXXXXXXXXXXXXXXXXXXXXXXXXXXXXXXXXXXXXXXXXXXXXXXXXXXXXXXXXXXXXXXXXXXXXXXXXXXXXXXXXXXXXXXXXXXXXXXXXXXXXXXXXXXXXXXXXXXXXXXXXXXXXXXXXXXXXXXXXXXXXXXXXXXXXXXXXXXXXXXXXXXXXXXXXXXXXXXXXXXXXXXXXXXXXXXXXXXXXXXXXXXXXXXXXXXXXXXXXXXXXXXXXXXXXXXXXXXXXXXXXXXXXXXXXXXXXXXXXXXXXXXXXXXXXXXXXXXXXXXXXXXXXXXXXXXXXXXXXXXXXXXXXXXXXXXXXXXXXXXXXXXXXXXXXXXXXXXXXXXXXXXXXXXXXXXXXXXXXXXXXXXXXXXXXXXXXXXXXXXXXXXXXXXXXXXXXXXXXXXXXXXXXXXXXXXXXXXXXXXXXXXXXXX',1,NULL,NULL,15),(37,NULL,'PG6_1_SEM_2',35,1,2,10,7,'XXXXXXXXXXXXXXXXXXXXXXXXXXXXXXXXXXXXXXXXXXXXXXXXXXXXXXXXXXXXXXXXXXXXXXXXXXXXXXXXXXXXXXXXXXXXXXXXXXXXXXXXXXXXXXXXXXXXXXXXXXXXXXXXXXXXXXXXXXXXXXXXXXXXXXXXXXXXXXXXXXXXXXXXXXXXXXXXXXXXXXXXXXXXXXXXXXXXXXXXXXXXXXXXXXXXXXXXXXXXXXXXXXXXXXXXXXXXXXXXXXXXXXXXXXXXXXXXXXXXXXXXXXXXXXXXXXXXXXXXXXXXXXXXXXXXXXXXXXXXXXXXXXXXXXXXXXXXXXXXXXXXXXXXXXXXXXXXXXXXXXXXXXXXXXXXXXXXXXXXXXXXXXXXXXXXXXXXXXXXXXXXXXXXXXXXXXXXXXXXXXXXXXXXXXXXXXXXXXXXXXXXXXXXXXXXXXXXXXXXXXXXXXXXXXXXXXXXXXXXXXXXXXXXXXXXXXXXXXXXXXXXXXXXXXXXXXXXXXXXXXXXXXXXXXXX',1,NULL,NULL,15),(38,NULL,'Mining Engineering (NTA Level 4)',2,0,0,10,8,'XXXXXXXXXXXXXXXXXXXXXXXXXXXXXXXXXXXXXXXXXXXXXXXXXXXXXXXXXXXXXXXXXXXXXXXXXXXXXXXXXXXXXXXXXXXXXXXXXXXXXXXXXXXXXXXXXXXXXXXXXXXXXXXXXXXXXXXXXXXXXXXXXXXXXXXXXXXXXXXXXXXXXXXXXXXXXXXXXXXXXXXXXXXXXXXXXXXXXXXXXXXXXXXXXXXXXXXXXXXXXXXXXXXXXXXXXXXXXXXXXXXXXXXXXXXXXXXXXXXXXXXXXXXXXXXXXXXXXXXXXXXXXXXXXXXXXXXXXXXXXXXXXXXXXXXXXXXXXXXXXXXXXXXXXXXXXXXXXXXXXXXXXXXXXXXXXXXXXXXXXXXXXXXXXXXXXXXXXXXXXXXXXXXXXXXXXXXXXXXXXXXXXXXXXXXXXXXXXXXXXXXXXXXXXXXXXXXXXXXXXXXXXXXXXXXXXXXXXXXXXXXXXXXXXXXXXXXXXXXXXXXXXXXXXXXXXXXXXXXXXXXXXXXXXXXX',1,NULL,NULL,15),(39,NULL,'ME4_YEAR_1',38,1,0,10,8,'XXXXXXXXXXXXXXXXXXXXXXXXXXXXXXXXXXXXXXXXXXXXXXXXXXXXXXXXXXXXXXXXXXXXXXXXXXXXXXXXXXXXXXXXXXXXXXXXXXXXXXXXXXXXXXXXXXXXXXXXXXXXXXXXXXXXXXXXXXXXXXXXXXXXXXXXXXXXXXXXXXXXXXXXXXXXXXXXXXXXXXXXXXXXXXXXXXXXXXXXXXXXXXXXXXXXXXXXXXXXXXXXXXXXXXXXXXXXXXXXXXXXXXXXXXXXXXXXXXXXXXXXXXXXXXXXXXXXXXXXXXXXXXXXXXXXXXXXXXXXXXXXXXXXXXXXXXXXXXXXXXXXXXXXXXXXXXXXXXXXXXXXXXXXXXXXXXXXXXXXXXXXXXXXXXXXXXXXXXXXXXXXXXXXXXXXXXXXXXXXXXXXXXXXXXXXXXXXXXXXXXXXXXXXXXXXXXXXXXXXXXXXXXXXXXXXXXXXXXXXXXXXXXXXXXXXXXXXXXXXXXXXXXXXXXXXXXXXXXXXXXXXXXXXXXXX',1,NULL,NULL,15),(40,NULL,'ME4_1_SEM_1',39,1,1,10,8,'XXXXXXXXXXXXXXXXXXXXXXXXXXXXXXXXXXXXXXXXXXXXXXXXXXXXXXXXXXXXXXXXXXXXXXXXXXXXXXXXXXXXXXXXXXXXXXXXXXXXXXXXXXXXXXXXXXXXXXXXXXXXXXXXXXXXXXXXXXXXXXXXXXXXXXXXXXXXXXXXXXXXXXXXXXXXXXXXXXXXXXXXXXXXXXXXXXXXXXXXXXXXXXXXXXXXXXXXXXXXXXXXXXXXXXXXXXXXXXXXXXXXXXXXXXXXXXXXXXXXXXXXXXXXXXXXXXXXXXXXXXXXXXXXXXXXXXXXXXXXXXXXXXXXXXXXXXXXXXXXXXXXXXXXXXXXXXXXXXXXXXXXXXXXXXXXXXXXXXXXXXXXXXXXXXXXXXXXXXXXXXXXXXXXXXXXXXXXXXXXXXXXXXXXXXXXXXXXXXXXXXXXXXXXXXXXXXXXXXXXXXXXXXXXXXXXXXXXXXXXXXXXXXXXXXXXXXXXXXXXXXXXXXXXXXXXXXXXXXXXXXXXXXXXXXXX',1,NULL,NULL,15),(41,NULL,'ME4_1_SEM_2',39,1,2,10,8,'XXXXXXXXXXXXXXXXXXXXXXXXXXXXXXXXXXXXXXXXXXXXXXXXXXXXXXXXXXXXXXXXXXXXXXXXXXXXXXXXXXXXXXXXXXXXXXXXXXXXXXXXXXXXXXXXXXXXXXXXXXXXXXXXXXXXXXXXXXXXXXXXXXXXXXXXXXXXXXXXXXXXXXXXXXXXXXXXXXXXXXXXXXXXXXXXXXXXXXXXXXXXXXXXXXXXXXXXXXXXXXXXXXXXXXXXXXXXXXXXXXXXXXXXXXXXXXXXXXXXXXXXXXXXXXXXXXXXXXXXXXXXXXXXXXXXXXXXXXXXXXXXXXXXXXXXXXXXXXXXXXXXXXXXXXXXXXXXXXXXXXXXXXXXXXXXXXXXXXXXXXXXXXXXXXXXXXXXXXXXXXXXXXXXXXXXXXXXXXXXXXXXXXXXXXXXXXXXXXXXXXXXXXXXXXXXXXXXXXXXXXXXXXXXXXXXXXXXXXXXXXXXXXXXXXXXXXXXXXXXXXXXXXXXXXXXXXXXXXXXXXXXXXXXXXXX',1,NULL,NULL,15),(42,NULL,' 	Mining Engineering (NTA Level 5)',2,0,0,10,9,'XXXXXXXXXXXXXXXXXXXXXXXXXXXXXXXXXXXXXXXXXXXXXXXXXXXXXXXXXXXXXXXXXXXXXXXXXXXXXXXXXXXXXXXXXXXXXXXXXXXXXXXXXXXXXXXXXXXXXXXXXXXXXXXXXXXXXXXXXXXXXXXXXXXXXXXXXXXXXXXXXXXXXXXXXXXXXXXXXXXXXXXXXXXXXXXXXXXXXXXXXXXXXXXXXXXXXXXXXXXXXXXXXXXXXXXXXXXXXXXXXXXXXXXXXXXXXXXXXXXXXXXXXXXXXXXXXXXXXXXXXXXXXXXXXXXXXXXXXXXXXXXXXXXXXXXXXXXXXXXXXXXXXXXXXXXXXXXXXXXXXXXXXXXXXXXXXXXXXXXXXXXXXXXXXXXXXXXXXXXXXXXXXXXXXXXXXXXXXXXXXXXXXXXXXXXXXXXXXXXXXXXXXXXXXXXXXXXXXXXXXXXXXXXXXXXXXXXXXXXXXXXXXXXXXXXXXXXXXXXXXXXXXXXXXXXXXXXXXXXXXXXXXXXXXXXX',1,NULL,NULL,15),(43,NULL,'ME5_YEAR_1',42,1,0,10,9,'XXXXXXXXXXXXXXXXXXXXXXXXXXXXXXXXXXXXXXXXXXXXXXXXXXXXXXXXXXXXXXXXXXXXXXXXXXXXXXXXXXXXXXXXXXXXXXXXXXXXXXXXXXXXXXXXXXXXXXXXXXXXXXXXXXXXXXXXXXXXXXXXXXXXXXXXXXXXXXXXXXXXXXXXXXXXXXXXXXXXXXXXXXXXXXXXXXXXXXXXXXXXXXXXXXXXXXXXXXXXXXXXXXXXXXXXXXXXXXXXXXXXXXXXXXXXXXXXXXXXXXXXXXXXXXXXXXXXXXXXXXXXXXXXXXXXXXXXXXXXXXXXXXXXXXXXXXXXXXXXXXXXXXXXXXXXXXXXXXXXXXXXXXXXXXXXXXXXXXXXXXXXXXXXXXXXXXXXXXXXXXXXXXXXXXXXXXXXXXXXXXXXXXXXXXXXXXXXXXXXXXXXXXXXXXXXXXXXXXXXXXXXXXXXXXXXXXXXXXXXXXXXXXXXXXXXXXXXXXXXXXXXXXXXXXXXXXXXXXXXXXXXXXXXXXXX',1,NULL,NULL,15),(44,NULL,'ME5_1_SEM_1',43,1,1,10,9,'XXXXXXXXXXXXXXXXXXXXXXXXXXXXXXXXXXXXXXXXXXXXXXXXXXXXXXXXXXXXXXXXXXXXXXXXXXXXXXXXXXXXXXXXXXXXXXXXXXXXXXXXXXXXXXXXXXXXXXXXXXXXXXXXXXXXXXXXXXXXXXXXXXXXXXXXXXXXXXXXXXXXXXXXXXXXXXXXXXXXXXXXXXXXXXXXXXXXXXXXXXXXXXXXXXXXXXXXXXXXXXXXXXXXXXXXXXXXXXXXXXXXXXXXXXXXXXXXXXXXXXXXXXXXXXXXXXXXXXXXXXXXXXXXXXXXXXXXXXXXXXXXXXXXXXXXXXXXXXXXXXXXXXXXXXXXXXXXXXXXXXXXXXXXXXXXXXXXXXXXXXXXXXXXXXXXXXXXXXXXXXXXXXXXXXXXXXXXXXXXXXXXXXXXXXXXXXXXXXXXXXXXXXXXXXXXXXXXXXXXXXXXXXXXXXXXXXXXXXXXXXXXXXXXXXXXXXXXXXXXXXXXXXXXXXXXXXXXXXXXXXXXXXXXXXXX',1,NULL,NULL,15),(45,NULL,'ME5_1_SEM_2',43,1,2,10,9,'XXXXXXXXXXXXXXXXXXXXXXXXXXXXXXXXXXXXXXXXXXXXXXXXXXXXXXXXXXXXXXXXXXXXXXXXXXXXXXXXXXXXXXXXXXXXXXXXXXXXXXXXXXXXXXXXXXXXXXXXXXXXXXXXXXXXXXXXXXXXXXXXXXXXXXXXXXXXXXXXXXXXXXXXXXXXXXXXXXXXXXXXXXXXXXXXXXXXXXXXXXXXXXXXXXXXXXXXXXXXXXXXXXXXXXXXXXXXXXXXXXXXXXXXXXXXXXXXXXXXXXXXXXXXXXXXXXXXXXXXXXXXXXXXXXXXXXXXXXXXXXXXXXXXXXXXXXXXXXXXXXXXXXXXXXXXXXXXXXXXXXXXXXXXXXXXXXXXXXXXXXXXXXXXXXXXXXXXXXXXXXXXXXXXXXXXXXXXXXXXXXXXXXXXXXXXXXXXXXXXXXXXXXXXXXXXXXXXXXXXXXXXXXXXXXXXXXXXXXXXXXXXXXXXXXXXXXXXXXXXXXXXXXXXXXXXXXXXXXXXXXXXXXXXXXXX',1,NULL,NULL,15),(46,NULL,'Little Group',1,0,0,10,NULL,'X0XXXXXXXXXXXXXXXXXXXXXXXXXXXXXXXXXXXXXXXXXXXXXXXXXXXXXXXXXXXXXXXXXXXXXXXXXXXXXXXXXXXXXXXXXXXXXXXXXXXXXXXXXXXXXXXXXXXXXXXXXXXXXXXXXXXXXXXXXXXXXXXXXXXXXXXXXXXXXXXXXXXXXXXXXXXXX100100XXXXXXXXXXXXXXXXXXXXXXXXXXXXXXXXXXXXXXXXXXXXXXXXXXXXXXXXXXXXXXXXXXXXXXXXXXXXXXXXXXXXXXXXXXXXXXXX0001001001XXXXXXXXXXXXXXXXXXXXXXXXXXXXXXXXXXXXXXXXXXXXXXXXXXXXXXXXXXXXXXXXXXXXXXXXXXXXXXXXXXXXXXXXXXXXXXXXXXXXXXXXXXXXXXXXXXXXXXXXXXXXXXXXXXXXXXXXXXXXXXXXXXXXXXXXXXXXXXXXXXXXXXXXXXXXXXXXXXXXXXXXXXXXXXXXXXXXXXXXXXXXXXXXXXXXXXXXXXXXXXXXX',0,'pSxrVDlO','My Testing Group',15),(47,NULL,'COTECH',1,0,0,10,NULL,'XXXXXXXXXXXXXXXXXXXXXXXXXXXXXXXXXXXXXXXXXXXXXXXXXXXXXXXXXXXXXXXXXXXXXXXXXXXXXXXXXXXXXXXXXXXXXXXXXXXXXXXXXXXXXXXXXXXXXXXXXXXXXXXXXXXXXXXXXXXXXXXXXXXXXXXXXXXXXXXXXXXXXXXXXXXXXXXXXXXXXXXXXXXXXXXXXXXXXXXXXXXXXXXXXXXXXXXXXXXXXXXXXXXXXXXXXXXXXXXXXXXXXXXXXXXXXXXXXXXXXXXXXXXXXXXXXXXXXXXXXXXXXXXXXXXXXXXXXXXXXXXXXXXXXXXXXXXXXXXXXXXXXXXXXXXXXXXXXXXXXXXXXXXXXXXXXXXXXXXXXXXXXXXXXXXXXXXXXXXXXXXXXXXXXXXXXXXXXXXXXXXXXXXXXXXXXXXXXXXXXXXXXXXXXXXXXXXXXXXXXXXXXXXXXXXXXXXXXXXXXXXXXXXXXXXXXXXXXXXXXXXXXXXXXXXXXXXXXXXXXXXXXXXXXXXX',0,'zMRnmiSp','Testing',15);
/*!40000 ALTER TABLE `groups` ENABLE KEYS */;
UNLOCK TABLES;

--
-- Table structure for table `holiday`
--

DROP TABLE IF EXISTS `holiday`;
/*!40101 SET @saved_cs_client     = @@character_set_client */;
/*!40101 SET character_set_client = utf8 */;
CREATE TABLE `holiday` (
  `holidayId` int(10) unsigned NOT NULL AUTO_INCREMENT,
  `holidayName` varchar(48) NOT NULL,
  `holidayTime` varchar(19) NOT NULL DEFAULT '*:12:09:*:*:*',
  `textColor` varchar(6) NOT NULL DEFAULT '000000',
  `backgroundColor` varchar(6) NOT NULL DEFAULT 'ffffff',
  `extraFilter` varchar(32) DEFAULT NULL,
  `extraInformation` varchar(64) DEFAULT NULL,
  `flags` int(5) NOT NULL DEFAULT '15',
  PRIMARY KEY (`holidayId`)
) ENGINE=InnoDB DEFAULT CHARSET=latin1;
/*!40101 SET character_set_client = @saved_cs_client */;

--
-- Dumping data for table `holiday`
--

LOCK TABLES `holiday` WRITE;
/*!40000 ALTER TABLE `holiday` DISABLE KEYS */;
/*!40000 ALTER TABLE `holiday` ENABLE KEYS */;
UNLOCK TABLES;

--
-- Table structure for table `jobTitle`
--

DROP TABLE IF EXISTS `jobTitle`;
/*!40101 SET @saved_cs_client     = @@character_set_client */;
/*!40101 SET character_set_client = utf8 */;
CREATE TABLE `jobTitle` (
  `jobId` int(10) unsigned NOT NULL AUTO_INCREMENT,
  `jobName` varchar(48) NOT NULL,
  `context` text NOT NULL,
  `extraFilter` varchar(32) DEFAULT NULL,
  `extraInformation` varchar(64) DEFAULT NULL,
  `flags` int(5) NOT NULL DEFAULT '15',
  PRIMARY KEY (`jobId`),
  UNIQUE KEY `jobName` (`jobName`)
) ENGINE=InnoDB AUTO_INCREMENT=51 DEFAULT CHARSET=latin1;
/*!40101 SET character_set_client = @saved_cs_client */;

--
-- Dumping data for table `jobTitle`
--

LOCK TABLES `jobTitle` WRITE;
/*!40000 ALTER TABLE `jobTitle` DISABLE KEYS */;
INSERT INTO `jobTitle` VALUES (1,'System Administrator','XXXXXXXXXXXXXXXXXXXXXXXXXXXXXXXXXXXXXXXXXXXXXXXXXXXXXXXXXXXXXXXXXXXXXXXXXXXXXXXXXXXXXXXXXXXXXXXXXXXXXXXXXXXXXXXXXXXXXXXXXXXXXXXXXXXXXXXXXXXXXXXXXXXXXXXXXXXXXXXXXXXXXXXXXXXXXXXXXXXXXXXXXXXXXXXXXXXXXXXXXXXXXXXXXXXXXXXXXXXXXXXXXXXXXXXXXXXXXXXXXXXXXXXXXXXXXXXXXXXXXXXXXXXXXXXXXXXXXXXXXXXXXXXXXXXXXXXXXXXXXXXXXXXXXXXXXXXXXXXXXXXXXXXXXXXXXXXXXXXXXXXXXXXXXXXXXXXXXXXXXXXXXXXXXXXXXXXXXXXXXXXXXXXXXXXXXXXXXXXXXXXXXXXXXXXXXXXXXXXXXXXXXXXXXXXXXXXXXXXXXXXXXXXXXXXXXXXXXXXXXXXXXXXXXXXXXXXXXXXXXXXXXXXXXXXXXXXXXXXXXXXXXXXXXXXX',NULL,NULL,31),(2,'Student','XXXXXXXXXXXXXXXXXXXXXXXXXXXXXXXXXXXXXXXXXXXXXXXXXXXXXXXXXXXXXXXXXXXXXXXXXXXXXXXXXXXXXXXXXXXXXXXXXXXXXXXXXXXXXXXXXXXXXXXXXXXXXXXXXXXXXXXXXXXXXXXXXXXXXXXXXXXXXXXXXXXXXXXXXXXXXXXXXXXXXXXXXXXXXXXXXXXXXXXXXXXXXXXXXXXXXXXXXXXXXXXXXXXXXXXXXXXXXXXXXXXXXXXXXXXXXXXXXXXXXXXXXXXXXXXXXXXXXXXXXXXXXXXXXXXXXXXXXXXXXXXXXXXXXXXXXXXXXXXXXXXXXXXXXXXXXXXXXXXXXXXXXXXXXXXXXXXXXXXXXXXXXXXXXXXXXXXXXXXXXXXXXXXXXXXXXXXXXXXXXXXXXXXXXXXXXXXXXXXXXXXXXXXXXXXXXXXXXXXXXXXXXXXXXXXXXXXXXXXXXXXXXXXXXXXXXXXXXXXXXXXXXXXXXXXXXXXXXXXXXXXXXXXXXXXX',NULL,NULL,31),(3,'Admission Officer','XXXXXXXXXXXXXXXXXXXXXXXXXXXXXXXXXXXXXXXXXXXXXXXXXXXXXXXXXXXXXXXXXXXXXXXXXXXXXXXXXXXXXXXXXXXXXXXXXXXXXXXXXXXXXXXXXXXXXXXXXXXXXXXXXXXXXXXXXXXXXXXXXXXXXXXXXXXXXXXXXXXXXXXXXXXXXXXXXXXXXXXXXXXXXXXXXXXXXXXXXXXXXXXXXXXXXXXXXXXXXXXXXXXXXXXXXXXXXXXXXXXXXXXXXXXXXXXXXXXXXXXXXXXXXXXXXXXXXXXXXXXXXXXXXXXXXXXXXXXXXXXXXXXXXXXXXXXXXXXXXXXXXXXXXXXXXXXXXXXXXXXXXXXXXXXXXXXXXXXXXXXXXXXXXXXXXXXXXXXXXXXXXXXXXXXXXXXXXXXXXXXXXXXXXXXXXXXXXXXXXXXXXXXXXXXXXXXXXXXXXXXXXXXXXXXXXXXXXXXXXXXXXXXXXXXXXXXXXXXXXXXXXXXXXXXXXXXXXXXXXXXXXXXXXXXX','YbZXgrIJ','Admission Officer',15),(4,'DPAA','XXXXXXXXXXXXXXXXXXXXXXXXXXXXXXXXXXXXXXXXXXXXXXXXXXXXXXXXXXXXXXXXXXXXXXXXXXXXXXXXXXXXXXXXXXXXXXXXXXXXXXXXXXXXXXXXXXXXXXXXXXXXXXXXXXXXXXXXXXXXXXXXX10X001X010001000XXXXXXXXXXXXXXXXXXXXXXXXXXXXXXXXXXXXXXXXXXXXXXXXXXXXXXXXXXXXXXXXXXXXXXXXXXXXXXXXXXXXXXXXXXXXXXXXXXXXXXXXXXXXXXXXXXXXXXXXXXXXXXXXXXXXXXXXXXXXXXXXXXXXXXXXXXXXXXXXXXXXXXXXXXXXXXXXXXXXXXXXXXXXXXXXXXXXXXXXXXXXXXXXXXXXXXXXXXXXXXXXXXXXXXXXXXXXXXXXXXXXXXXXXXXXXXXXXXXXXXXXXXXXXXXXXXXXXXXXXXXXXXXXXXXXXXXXXXXXXXXXXXXXXXXXXXXXXXXXXXXXXXXXXXXXXXXXXXXXXXXXXXXXXXX','7ZAbsAsN','Deputy Provost for Accademic Affairs',15),(5,'DPA','XXXXXXXXXXXXXXXXXXXXXXXXXXXXXXXXXXXXXXXXXXXXXXXXXXXXXXXXXXXXXXXXXXXXXXXXXXXXXXXXXXXXXXXXXXXXXXXXXXXXXXXXXXXXXXXXXXXXXXXXXXXXXXXXXXXXXXXXXXXXXXXXXXXXXXXXXXXXXXXXXXXXXXXXXXXXXXXXXXXXXXXXXXXXXXXXXXXXXXXXXXXXXXXXXXXXXXXXXXXXXXXXXXXXXXXXXXXXXXXXXXXXXXXXXXXXXXXXXXXXXXXXXXXXXXXXXXXXXXXXXXXXXXXXXXXXXXXXXXXXXXXXXXXXXXXXXXXXXXXXXXXXXXXXXXXXXXXXXXXXXXXXXXXXXXXXXXXXXXXXXXXXXXXXXXXXXXXXXXXXXXXXXXXXXXXXXXXXXXXXXXXXXXXXXXXXXXXXXXXXXXXXXXXXXXXXXXXXXXXXXXXXXXXXXXXXXXXXXXXXXXXXXXXXXXXXXXXXXXXXXXXXXXXXXXXXXXXXXXXXXXXXXXXXXXXX','AGqOusFA','Deputy Provost Administration',15),(6,'Provost','XXXXXXXXXXXXXXXXXXXXXXXXXXXXXXXXXXXXXXXXXXXXXXXXXXXXXXXXXXXXXXXXXXXXXXXXXXXXXXXXXXXXXXXXXXXXXXXXXXXXXXXXXXXXXXXXXXXXXXXXXXXXXXXXXXXXXXXXXXXXXXXXXXXXXXXXXXXXXXXXXXXXXXXXXXXXXXXXXXXXXXXXXXXXXXXXXXXXXXXXXXXXXXXXXXXXXXXXXXXXXXXXXXXXXXXXXXXXXXXXXXXXXXXXXXXXXXXXXXXXXXXXXXXXXXXXXXXXXXXXXXXXXXXXXXXXXXXXXXXXXXXXXXXXXXXXXXXXXXXXXXXXXXXXXXXXXXXXXXXXXXXXXXXXXXXXXXXXXXXXXXXXXXXXXXXXXXXXXXXXXXXXXXXXXXXXXXXXXXXXXXXXXXXXXXXXXXXXXXXXXXXXXXXXXXXXXXXXXXXXXXXXXXXXXXXXXXXXXXXXXXXXXXXXXXXXXXXXXXXXXXXXXXXXXXXXXXXXXXXXXXXXXXXXXXXX','nxuKOzoG','Head of the College',15),(7,'Cotech','XXXXXXXXXXXXXXXXXXXXXXXXXXXXXXXXXXXXXXXXXXXXXXXXXXXXXXXXXXXXXXXXXXXXXXXXXXXXXXXXXXXXXXXXXXXXXXXXXXXXXXXXXXXXXXXXXXXXXXXXXXXXXXXXXXXXXXXXXXXXXXXXXXXXXXXXXXXXXXXXXXXXXXXXXXXXXXXXXXXXXXXXXXXXXXXXXXXXXXXXXXXXXXXXXXXXXXXXXXXXXXXXXXXXXXXXXXXXXXXXXXXXXXXXXXXXXXXXXXXXXXXXXXXXXXXXXXXXXXXXXXXXXXXXXXXXXXXXXXXXXXXXXXXXXXXXXXXXXXXXXXXXXXXXXXXXXXXXXXXXXXXXXXXXXXXXXXXXXXXXXXXXXXXXXXXXXXXXXXXXXXXXXXXXXXXXXXXXXXXXXXXXXXXXXXXXXXXXXXXXXXXXXXXXXXXXXXXXXXXXXXXXXXXXXXXXXXXXXXXXXXXXXXXXXXXXXXXXXXXXXXXXXXXXXXXXXXXXXXXXXXXXXXXXXXXX','YSDZ7RCc','',15),(8,'ICT','XXXXXXXXXXXXXXXXXXXXXXXXXXXXXXXXXXXXXXXXXXXXXXXXXXXXXXXXXXXXXXXXXXXXXXXXXXXXXXXXXXXXXXXXXXXXXXXXXXXXXXXXXXXXXXXXXXXXXXXXXXXXXXXXXXXXXXXXXXXXXXXXXXXXXXXXXXXXXXXXXXXXXXXXXXXXXXXXXXXXXXXXXXXXXXXXXXXXXXXXXXXXXXXXXXXXXXXXXXXXXXXXXXXXXXXXXXXXXXXXXXXXXXXXXXXXXXXXXXXXXXXXXXXXXXXXXXXXXXXXXXXXXXXXXXXXXXXXXXXXXXXXXXXXXXXXXXXXXXXXXXXXXXXXXXXXXXXXXXXXXXXXXXXXXXXXXXXXXXXXXXXXXXXXXXXXXXXXXXXXXXXXXXXXXXXXXXXXXXXXXXXXXXXXXXXXXXXXXXXXXXXXXXXXXXXXXXXXXXXXXXXXXXXXXXXXXXXXXXXXXXXXXXXXXXXXXXXXXXXXXXXXXXXXXXXXXXXXXXXXXXXXXXXXXXXX','5KipbuiA','',15),(9,'Field Training','XXXXXXXXXXXXXXXXXXXXXXXXXXXXXXXXXXXXXXXXXXXXXXXXXXXXXXXXXXXXXXXXXXXXXXXXXXXXXXXXXXXXXXXXXXXXXXXXXXXXXXXXXXXXXXXXXXXXXXXXXXXXXXXXXXXXXXXXXXXXXXXXXXXXXXXXXXXXXXXXXXXXXXXXXXXXXXXXXXXXXXXXXXXXXXXXXXXXXXXXXXXXXXXXXXXXXXXXXXXXXXXXXXXXXXXXXXXXXXXXXXXXXXXXXXXXXXXXXXXXXXXXXXXXXXXXXXXXXXXXXXXXXXXXXXXXXXXXXXXXXXXXXXXXXXXXXXXXXXXXXXXXXXXXXXXXXXXXXXXXXXXXXXXXXXXXXXXXXXXXXXXXXXXXXXXXXXXXXXXXXXXXXXXXXXXXXXXXXXXXXXXXXXXXXXXXXXXXXXXXXXXXXXXXXXXXXXXXXXXXXXXXXXXXXXXXXXXXXXXXXXXXXXXXXXXXXXXXXXXXXXXXXXXXXXXXXXXXXXXXXXXXXXXXXXXX','0PNNq8yX','',15),(10,'PMRI','XXXXXXXXXXXXXXXXXXXXXXXXXXXXXXXXXXXXXXXXXXXXXXXXXXXXXXXXXXXXXXXXXXXXXXXXXXXXXXXXXXXXXXXXXXXXXXXXXXXXXXXXXXXXXXXXXXXXXXXXXXXXXXXXXXXXXXXXXXXXXXXXXXXXXXXXXXXXXXXXXXXXXXXXXXXXXXXXXXXXXXXXXXXXXXXXXXXXXXXXXXXXXXXXXXXXXXXXXXXXXXXXXXXXXXXXXXXXXXXXXXXXXXXXXXXXXXXXXXXXXXXXXXXXXXXXXXXXXXXXXXXXXXXXXXXXXXXXXXXXXXXXXXXXXXXXXXXXXXXXXXXXXXXXXXXXXXXXXXXXXXXXXXXXXXXXXXXXXXXXXXXXXXXXXXXXXXXXXXXXXXXXXXXXXXXXXXXXXXXXXXXXXXXXXXXXXXXXXXXXXXXXXXXXXXXXXXXXXXXXXXXXXXXXXXXXXXXXXXXXXXXXXXXXXXXXXXXXXXXXXXXXXXXXXXXXXXXXXXXXXXXXXXXXXXXX',NULL,NULL,15),(11,'DP ARC','XXXXXXXXXXXXXXXXXXXXXXXXXXXXXXXXXXXXXXXXXXXXXXXXXXXXXXXXXXXXXXXXXXXXXXXXXXXXXXXXXXXXXXXXXXXXXXXXXXXXXXXXXXXXXXXXXXXXXXXXXXXXXXXXXXXXXXXXXXXXXXXXXXXXXXXXXXXXXXXXXXXXXXXXXXXXXXXXXXXXXXXXXXXXXXXXXXXXXXXXXXXXXXXXXXXXXXXXXXXXXXXXXXXXXXXXXXXXXXXXXXXXXXXXXXXXXXXXXXXXXXXXXXXXXXXXXXXXXXXXXXXXXXXXXXXXXXXXXXXXXXXXXXXXXXXXXXXXXXXXXXXXXXXXXXXXXXXXXXXXXXXXXXXXXXXXXXXXXXXXXXXXXXXXXXXXXXXXXXXXXXXXXXXXXXXXXXXXXXXXXXXXXXXXXXXXXXXXXXXXXXXXXXXXXXXXXXXXXXXXXXXXXXXXXXXXXXXXXXXXXXXXXXXXXXXXXXXXXXXXXXXXXXXXXXXXXXXXXXXXXXXXXXXXXXXX',NULL,NULL,15),(12,'DP FA','XXXXXXXXXXXXXXXXXXXXXXXXXXXXXXXXXXXXXXXXXXXXXXXXXXXXXXXXXXXXXXXXXXXXXXXXXXXXXXXXXXXXXXXXXXXXXXXXXXXXXXXXXXXXXXXXXXXXXXXXXXXXXXXXXXXXXXXXXXXXXXXXXXXXXXXXXXXXXXXXXXXXXXXXXXXXXXXXXXXXXXXXXXXXXXXXXXXXXXXXXXXXXXXXXXXXXXXXXXXXXXXXXXXXXXXXXXXXXXXXXXXXXXXXXXXXXXXXXXXXXXXXXXXXXXXXXXXXXXXXXXXXXXXXXXXXXXXXXXXXXXXXXXXXXXXXXXXXXXXXXXXXXXXXXXXXXXXXXXXXXXXXXXXXXXXXXXXXXXXXXXXXXXXXXXXXXXXXXXXXXXXXXXXXXXXXXXXXXXXXXXXXXXXXXXXXXXXXXXXXXXXXXXXXXXXXXXXXXXXXXXXXXXXXXXXXXXXXXXXXXXXXXXXXXXXXXXXXXXXXXXXXXXXXXXXXXXXXXXXXXXXXXXXXXXXX',NULL,NULL,15),(13,'Suppliers Officer','XXXXXXXXXXXXXXXXXXXXXXXXXXXXXXXXXXXXXXXXXXXXXXXXXXXXXXXXXXXXXXXXXXXXXXXXXXXXXXXXXXXXXXXXXXXXXXXXXXXXXXXXXXXXXXXXXXXXXXXXXXXXXXXXXXXXXXXXXXXXXXXXXXXXXXXXXXXXXXXXXXXXXXXXXXXXXXXXXXXXXXXXXXXXXXXXXXXXXXXXXXXXXXXXXXXXXXXXXXXXXXXXXXXXXXXXXXXXXXXXXXXXXXXXXXXXXXXXXXXXXXXXXXXXXXXXXXXXXXXXXXXXXXXXXXXXXXXXXXXXXXXXXXXXXXXXXXXXXXXXXXXXXXXXXXXXXXXXXXXXXXXXXXXXXXXXXXXXXXXXXXXXXXXXXXXXXXXXXXXXXXXXXXXXXXXXXXXXXXXXXXXXXXXXXXXXXXXXXXXXXXXXXXXXXXXXXXXXXXXXXXXXXXXXXXXXXXXXXXXXXXXXXXXXXXXXXXXXXXXXXXXXXXXXXXXXXXXXXXXXXXXXXXXXXXXX',NULL,NULL,15),(14,'Personal Secretary','XXXXXXXXXXXXXXXXXXXXXXXXXXXXXXXXXXXXXXXXXXXXXXXXXXXXXXXXXXXXXXXXXXXXXXXXXXXXXXXXXXXXXXXXXXXXXXXXXXXXXXXXXXXXXXXXXXXXXXXXXXXXXXXXXXXXXXXXXXXXXXXXXXXXXXXXXXXXXXXXXXXXXXXXXXXXXXXXXXXXXXXXXXXXXXXXXXXXXXXXXXXXXXXXXXXXXXXXXXXXXXXXXXXXXXXXXXXXXXXXXXXXXXXXXXXXXXXXXXXXXXXXXXXXXXXXXXXXXXXXXXXXXXXXXXXXXXXXXXXXXXXXXXXXXXXXXXXXXXXXXXXXXXXXXXXXXXXXXXXXXXXXXXXXXXXXXXXXXXXXXXXXXXXXXXXXXXXXXXXXXXXXXXXXXXXXXXXXXXXXXXXXXXXXXXXXXXXXXXXXXXXXXXXXXXXXXXXXXXXXXXXXXXXXXXXXXXXXXXXXXXXXXXXXXXXXXXXXXXXXXXXXXXXXXXXXXXXXXXXXXXXXXXXXXXXX',NULL,NULL,15),(15,'Driver','XXXXXXXXXXXXXXXXXXXXXXXXXXXXXXXXXXXXXXXXXXXXXXXXXXXXXXXXXXXXXXXXXXXXXXXXXXXXXXXXXXXXXXXXXXXXXXXXXXXXXXXXXXXXXXXXXXXXXXXXXXXXXXXXXXXXXXXXXXXXXXXXXXXXXXXXXXXXXXXXXXXXXXXXXXXXXXXXXXXXXXXXXXXXXXXXXXXXXXXXXXXXXXXXXXXXXXXXXXXXXXXXXXXXXXXXXXXXXXXXXXXXXXXXXXXXXXXXXXXXXXXXXXXXXXXXXXXXXXXXXXXXXXXXXXXXXXXXXXXXXXXXXXXXXXXXXXXXXXXXXXXXXXXXXXXXXXXXXXXXXXXXXXXXXXXXXXXXXXXXXXXXXXXXXXXXXXXXXXXXXXXXXXXXXXXXXXXXXXXXXXXXXXXXXXXXXXXXXXXXXXXXXXXXXXXXXXXXXXXXXXXXXXXXXXXXXXXXXXXXXXXXXXXXXXXXXXXXXXXXXXXXXXXXXXXXXXXXXXXXXXXXXXXXXXXX',NULL,NULL,15),(16,'Office Assistant','XXXXXXXXXXXXXXXXXXXXXXXXXXXXXXXXXXXXXXXXXXXXXXXXXXXXXXXXXXXXXXXXXXXXXXXXXXXXXXXXXXXXXXXXXXXXXXXXXXXXXXXXXXXXXXXXXXXXXXXXXXXXXXXXXXXXXXXXXXXXXXXXXXXXXXXXXXXXXXXXXXXXXXXXXXXXXXXXXXXXXXXXXXXXXXXXXXXXXXXXXXXXXXXXXXXXXXXXXXXXXXXXXXXXXXXXXXXXXXXXXXXXXXXXXXXXXXXXXXXXXXXXXXXXXXXXXXXXXXXXXXXXXXXXXXXXXXXXXXXXXXXXXXXXXXXXXXXXXXXXXXXXXXXXXXXXXXXXXXXXXXXXXXXXXXXXXXXXXXXXXXXXXXXXXXXXXXXXXXXXXXXXXXXXXXXXXXXXXXXXXXXXXXXXXXXXXXXXXXXXXXXXXXXXXXXXXXXXXXXXXXXXXXXXXXXXXXXXXXXXXXXXXXXXXXXXXXXXXXXXXXXXXXXXXXXXXXXXXXXXXXXXXXXXXXXX',NULL,NULL,15),(17,'Senior Office Assistant','XXXXXXXXXXXXXXXXXXXXXXXXXXXXXXXXXXXXXXXXXXXXXXXXXXXXXXXXXXXXXXXXXXXXXXXXXXXXXXXXXXXXXXXXXXXXXXXXXXXXXXXXXXXXXXXXXXXXXXXXXXXXXXXXXXXXXXXXXXXXXXXXXXXXXXXXXXXXXXXXXXXXXXXXXXXXXXXXXXXXXXXXXXXXXXXXXXXXXXXXXXXXXXXXXXXXXXXXXXXXXXXXXXXXXXXXXXXXXXXXXXXXXXXXXXXXXXXXXXXXXXXXXXXXXXXXXXXXXXXXXXXXXXXXXXXXXXXXXXXXXXXXXXXXXXXXXXXXXXXXXXXXXXXXXXXXXXXXXXXXXXXXXXXXXXXXXXXXXXXXXXXXXXXXXXXXXXXXXXXXXXXXXXXXXXXXXXXXXXXXXXXXXXXXXXXXXXXXXXXXXXXXXXXXXXXXXXXXXXXXXXXXXXXXXXXXXXXXXXXXXXXXXXXXXXXXXXXXXXXXXXXXXXXXXXXXXXXXXXXXXXXXXXXXXXXX',NULL,NULL,15),(18,'Records Management Assist  II','XXXXXXXXXXXXXXXXXXXXXXXXXXXXXXXXXXXXXXXXXXXXXXXXXXXXXXXXXXXXXXXXXXXXXXXXXXXXXXXXXXXXXXXXXXXXXXXXXXXXXXXXXXXXXXXXXXXXXXXXXXXXXXXXXXXXXXXXXXXXXXXXXXXXXXXXXXXXXXXXXXXXXXXXXXXXXXXXXXXXXXXXXXXXXXXXXXXXXXXXXXXXXXXXXXXXXXXXXXXXXXXXXXXXXXXXXXXXXXXXXXXXXXXXXXXXXXXXXXXXXXXXXXXXXXXXXXXXXXXXXXXXXXXXXXXXXXXXXXXXXXXXXXXXXXXXXXXXXXXXXXXXXXXXXXXXXXXXXXXXXXXXXXXXXXXXXXXXXXXXXXXXXXXXXXXXXXXXXXXXXXXXXXXXXXXXXXXXXXXXXXXXXXXXXXXXXXXXXXXXXXXXXXXXXXXXXXXXXXXXXXXXXXXXXXXXXXXXXXXXXXXXXXXXXXXXXXXXXXXXXXXXXXXXXXXXXXXXXXXXXXXXXXXXXXXX',NULL,NULL,15),(19,'Records Management Assist  I','XXXXXXXXXXXXXXXXXXXXXXXXXXXXXXXXXXXXXXXXXXXXXXXXXXXXXXXXXXXXXXXXXXXXXXXXXXXXXXXXXXXXXXXXXXXXXXXXXXXXXXXXXXXXXXXXXXXXXXXXXXXXXXXXXXXXXXXXXXXXXXXXXXXXXXXXXXXXXXXXXXXXXXXXXXXXXXXXXXXXXXXXXXXXXXXXXXXXXXXXXXXXXXXXXXXXXXXXXXXXXXXXXXXXXXXXXXXXXXXXXXXXXXXXXXXXXXXXXXXXXXXXXXXXXXXXXXXXXXXXXXXXXXXXXXXXXXXXXXXXXXXXXXXXXXXXXXXXXXXXXXXXXXXXXXXXXXXXXXXXXXXXXXXXXXXXXXXXXXXXXXXXXXXXXXXXXXXXXXXXXXXXXXXXXXXXXXXXXXXXXXXXXXXXXXXXXXXXXXXXXXXXXXXXXXXXXXXXXXXXXXXXXXXXXXXXXXXXXXXXXXXXXXXXXXXXXXXXXXXXXXXXXXXXXXXXXXXXXXXXXXXXXXXXXXXX',NULL,NULL,15),(20,'Education Officer II','XXXXXXXXXXXXXXXXXXXXXXXXXXXXXXXXXXXXXXXXXXXXXXXXXXXXXXXXXXXXXXXXXXXXXXXXXXXXXXXXXXXXXXXXXXXXXXXXXXXXXXXXXXXXXXXXXXXXXXXXXXXXXXXXXXXXXXXXXXXXXXXXXXXXXXXXXXXXXXXXXXXXXXXXXXXXXXXXXXXXXXXXXXXXXXXXXXXXXXXXXXXXXXXXXXXXXXXXXXXXXXXXXXXXXXXXXXXXXXXXXXXXXXXXXXXXXXXXXXXXXXXXXXXXXXXXXXXXXXXXXXXXXXXXXXXXXXXXXXXXXXXXXXXXXXXXXXXXXXXXXXXXXXXXXXXXXXXXXXXXXXXXXXXXXXXXXXXXXXXXXXXXXXXXXXXXXXXXXXXXXXXXXXXXXXXXXXXXXXXXXXXXXXXXXXXXXXXXXXXXXXXXXXXXXXXXXXXXXXXXXXXXXXXXXXXXXXXXXXXXXXXXXXXXXXXXXXXXXXXXXXXXXXXXXXXXXXXXXXXXXXXXXXXXXXXX',NULL,NULL,15),(21,'Education Offficer I','XXXXXXXXXXXXXXXXXXXXXXXXXXXXXXXXXXXXXXXXXXXXXXXXXXXXXXXXXXXXXXXXXXXXXXXXXXXXXXXXXXXXXXXXXXXXXXXXXXXXXXXXXXXXXXXXXXXXXXXXXXXXXXXXXXXXXXXXXXXXXXXXXXXXXXXXXXXXXXXXXXXXXXXXXXXXXXXXXXXXXXXXXXXXXXXXXXXXXXXXXXXXXXXXXXXXXXXXXXXXXXXXXXXXXXXXXXXXXXXXXXXXXXXXXXXXXXXXXXXXXXXXXXXXXXXXXXXXXXXXXXXXXXXXXXXXXXXXXXXXXXXXXXXXXXXXXXXXXXXXXXXXXXXXXXXXXXXXXXXXXXXXXXXXXXXXXXXXXXXXXXXXXXXXXXXXXXXXXXXXXXXXXXXXXXXXXXXXXXXXXXXXXXXXXXXXXXXXXXXXXXXXXXXXXXXXXXXXXXXXXXXXXXXXXXXXXXXXXXXXXXXXXXXXXXXXXXXXXXXXXXXXXXXXXXXXXXXXXXXXXXXXXXXXXXXX',NULL,NULL,15),(22,'Senior Education Officer','XXXXXXXXXXXXXXXXXXXXXXXXXXXXXXXXXXXXXXXXXXXXXXXXXXXXXXXXXXXXXXXXXXXXXXXXXXXXXXXXXXXXXXXXXXXXXXXXXXXXXXXXXXXXXXXXXXXXXXXXXXXXXXXXXXXXXXXXXXXXXXXXXXXXXXXXXXXXXXXXXXXXXXXXXXXXXXXXXXXXXXXXXXXXXXXXXXXXXXXXXXXXXXXXXXXXXXXXXXXXXXXXXXXXXXXXXXXXXXXXXXXXXXXXXXXXXXXXXXXXXXXXXXXXXXXXXXXXXXXXXXXXXXXXXXXXXXXXXXXXXXXXXXXXXXXXXXXXXXXXXXXXXXXXXXXXXXXXXXXXXXXXXXXXXXXXXXXXXXXXXXXXXXXXXXXXXXXXXXXXXXXXXXXXXXXXXXXXXXXXXXXXXXXXXXXXXXXXXXXXXXXXXXXXXXXXXXXXXXXXXXXXXXXXXXXXXXXXXXXXXXXXXXXXXXXXXXXXXXXXXXXXXXXXXXXXXXXXXXXXXXXXXXXXXXXX',NULL,NULL,15),(23,'Senior Security Guard','XXXXXXXXXXXXXXXXXXXXXXXXXXXXXXXXXXXXXXXXXXXXXXXXXXXXXXXXXXXXXXXXXXXXXXXXXXXXXXXXXXXXXXXXXXXXXXXXXXXXXXXXXXXXXXXXXXXXXXXXXXXXXXXXXXXXXXXXXXXXXXXXXXXXXXXXXXXXXXXXXXXXXXXXXXXXXXXXXXXXXXXXXXXXXXXXXXXXXXXXXXXXXXXXXXXXXXXXXXXXXXXXXXXXXXXXXXXXXXXXXXXXXXXXXXXXXXXXXXXXXXXXXXXXXXXXXXXXXXXXXXXXXXXXXXXXXXXXXXXXXXXXXXXXXXXXXXXXXXXXXXXXXXXXXXXXXXXXXXXXXXXXXXXXXXXXXXXXXXXXXXXXXXXXXXXXXXXXXXXXXXXXXXXXXXXXXXXXXXXXXXXXXXXXXXXXXXXXXXXXXXXXXXXXXXXXXXXXXXXXXXXXXXXXXXXXXXXXXXXXXXXXXXXXXXXXXXXXXXXXXXXXXXXXXXXXXXXXXXXXXXXXXXXXXXXX',NULL,NULL,15),(28,'Administrative Officer II','XXXXXXXXXXXXXXXXXXXXXXXXXXXXXXXXXXXXXXXXXXXXXXXXXXXXXXXXXXXXXXXXXXXXXXXXXXXXXXXXXXXXXXXXXXXXXXXXXXXXXXXXXXXXXXXXXXXXXXXXXXXXXXXXXXXXXXXXXXXXXXXXXXXXXXXXXXXXXXXXXXXXXXXXXXXXXXXXXXXXXXXXXXXXXXXXXXXXXXXXXXXXXXXXXXXXXXXXXXXXXXXXXXXXXXXXXXXXXXXXXXXXXXXXXXXXXXXXXXXXXXXXXXXXXXXXXXXXXXXXXXXXXXXXXXXXXXXXXXXXXXXXXXXXXXXXXXXXXXXXXXXXXXXXXXXXXXXXXXXXXXXXXXXXXXXXXXXXXXXXXXXXXXXXXXXXXXXXXXXXXXXXXXXXXXXXXXXXXXXXXXXXXXXXXXXXXXXXXXXXXXXXXXXXXXXXXXXXXXXXXXXXXXXXXXXXXXXXXXXXXXXXXXXXXXXXXXXXXXXXXXXXXXXXXXXXXXXXXXXXXXXXXXXXXXXX',NULL,NULL,15),(29,'Administrative Officer I','XXXXXXXXXXXXXXXXXXXXXXXXXXXXXXXXXXXXXXXXXXXXXXXXXXXXXXXXXXXXXXXXXXXXXXXXXXXXXXXXXXXXXXXXXXXXXXXXXXXXXXXXXXXXXXXXXXXXXXXXXXXXXXXXXXXXXXXXXXXXXXXXXXXXXXXXXXXXXXXXXXXXXXXXXXXXXXXXXXXXXXXXXXXXXXXXXXXXXXXXXXXXXXXXXXXXXXXXXXXXXXXXXXXXXXXXXXXXXXXXXXXXXXXXXXXXXXXXXXXXXXXXXXXXXXXXXXXXXXXXXXXXXXXXXXXXXXXXXXXXXXXXXXXXXXXXXXXXXXXXXXXXXXXXXXXXXXXXXXXXXXXXXXXXXXXXXXXXXXXXXXXXXXXXXXXXXXXXXXXXXXXXXXXXXXXXXXXXXXXXXXXXXXXXXXXXXXXXXXXXXXXXXXXXXXXXXXXXXXXXXXXXXXXXXXXXXXXXXXXXXXXXXXXXXXXXXXXXXXXXXXXXXXXXXXXXXXXXXXXXXXXXXXXXXXXX',NULL,NULL,15),(30,'Senior Nurse','XXXXXXXXXXXXXXXXXXXXXXXXXXXXXXXXXXXXXXXXXXXXXXXXXXXXXXXXXXXXXXXXXXXXXXXXXXXXXXXXXXXXXXXXXXXXXXXXXXXXXXXXXXXXXXXXXXXXXXXXXXXXXXXXXXXXXXXXXXXXXXXXXXXXXXXXXXXXXXXXXXXXXXXXXXXXXXXXXXXXXXXXXXXXXXXXXXXXXXXXXXXXXXXXXXXXXXXXXXXXXXXXXXXXXXXXXXXXXXXXXXXXXXXXXXXXXXXXXXXXXXXXXXXXXXXXXXXXXXXXXXXXXXXXXXXXXXXXXXXXXXXXXXXXXXXXXXXXXXXXXXXXXXXXXXXXXXXXXXXXXXXXXXXXXXXXXXXXXXXXXXXXXXXXXXXXXXXXXXXXXXXXXXXXXXXXXXXXXXXXXXXXXXXXXXXXXXXXXXXXXXXXXXXXXXXXXXXXXXXXXXXXXXXXXXXXXXXXXXXXXXXXXXXXXXXXXXXXXXXXXXXXXXXXXXXXXXXXXXXXXXXXXXXXXXXX',NULL,NULL,15),(31,'Clinical Officer II','XXXXXXXXXXXXXXXXXXXXXXXXXXXXXXXXXXXXXXXXXXXXXXXXXXXXXXXXXXXXXXXXXXXXXXXXXXXXXXXXXXXXXXXXXXXXXXXXXXXXXXXXXXXXXXXXXXXXXXXXXXXXXXXXXXXXXXXXXXXXXXXXXXXXXXXXXXXXXXXXXXXXXXXXXXXXXXXXXXXXXXXXXXXXXXXXXXXXXXXXXXXXXXXXXXXXXXXXXXXXXXXXXXXXXXXXXXXXXXXXXXXXXXXXXXXXXXXXXXXXXXXXXXXXXXXXXXXXXXXXXXXXXXXXXXXXXXXXXXXXXXXXXXXXXXXXXXXXXXXXXXXXXXXXXXXXXXXXXXXXXXXXXXXXXXXXXXXXXXXXXXXXXXXXXXXXXXXXXXXXXXXXXXXXXXXXXXXXXXXXXXXXXXXXXXXXXXXXXXXXXXXXXXXXXXXXXXXXXXXXXXXXXXXXXXXXXXXXXXXXXXXXXXXXXXXXXXXXXXXXXXXXXXXXXXXXXXXXXXXXXXXXXXXXXXXX',NULL,NULL,15),(32,'Senior Clinical Officer','XXXXXXXXXXXXXXXXXXXXXXXXXXXXXXXXXXXXXXXXXXXXXXXXXXXXXXXXXXXXXXXXXXXXXXXXXXXXXXXXXXXXXXXXXXXXXXXXXXXXXXXXXXXXXXXXXXXXXXXXXXXXXXXXXXXXXXXXXXXXXXXXXXXXXXXXXXXXXXXXXXXXXXXXXXXXXXXXXXXXXXXXXXXXXXXXXXXXXXXXXXXXXXXXXXXXXXXXXXXXXXXXXXXXXXXXXXXXXXXXXXXXXXXXXXXXXXXXXXXXXXXXXXXXXXXXXXXXXXXXXXXXXXXXXXXXXXXXXXXXXXXXXXXXXXXXXXXXXXXXXXXXXXXXXXXXXXXXXXXXXXXXXXXXXXXXXXXXXXXXXXXXXXXXXXXXXXXXXXXXXXXXXXXXXXXXXXXXXXXXXXXXXXXXXXXXXXXXXXXXXXXXXXXXXXXXXXXXXXXXXXXXXXXXXXXXXXXXXXXXXXXXXXXXXXXXXXXXXXXXXXXXXXXXXXXXXXXXXXXXXXXXXXXXXXXX',NULL,NULL,15),(33,'Mining Engineer II','XXXXXXXXXXXXXXXXXXXXXXXXXXXXXXXXXXXXXXXXXXXXXXXXXXXXXXXXXXXXXXXXXXXXXXXXXXXXXXXXXXXXXXXXXXXXXXXXXXXXXXXXXXXXXXXXXXXXXXXXXXXXXXXXXXXXXXXXXXXXXXXXXXXXXXXXXXXXXXXXXXXXXXXXXXXXXXXXXXXXXXXXXXXXXXXXXXXXXXXXXXXXXXXXXXXXXXXXXXXXXXXXXXXXXXXXXXXXXXXXXXXXXXXXXXXXXXXXXXXXXXXXXXXXXXXXXXXXXXXXXXXXXXXXXXXXXXXXXXXXXXXXXXXXXXXXXXXXXXXXXXXXXXXXXXXXXXXXXXXXXXXXXXXXXXXXXXXXXXXXXXXXXXXXXXXXXXXXXXXXXXXXXXXXXXXXXXXXXXXXXXXXXXXXXXXXXXXXXXXXXXXXXXXXXXXXXXXXXXXXXXXXXXXXXXXXXXXXXXXXXXXXXXXXXXXXXXXXXXXXXXXXXXXXXXXXXXXXXXXXXXXXXXXXXXXX',NULL,NULL,15),(34,'Mining Engineer I','XXXXXXXXXXXXXXXXXXXXXXXXXXXXXXXXXXXXXXXXXXXXXXXXXXXXXXXXXXXXXXXXXXXXXXXXXXXXXXXXXXXXXXXXXXXXXXXXXXXXXXXXXXXXXXXXXXXXXXXXXXXXXXXXXXXXXXXXXXXXXXXXXXXXXXXXXXXXXXXXXXXXXXXXXXXXXXXXXXXXXXXXXXXXXXXXXXXXXXXXXXXXXXXXXXXXXXXXXXXXXXXXXXXXXXXXXXXXXXXXXXXXXXXXXXXXXXXXXXXXXXXXXXXXXXXXXXXXXXXXXXXXXXXXXXXXXXXXXXXXXXXXXXXXXXXXXXXXXXXXXXXXXXXXXXXXXXXXXXXXXXXXXXXXXXXXXXXXXXXXXXXXXXXXXXXXXXXXXXXXXXXXXXXXXXXXXXXXXXXXXXXXXXXXXXXXXXXXXXXXXXXXXXXXXXXXXXXXXXXXXXXXXXXXXXXXXXXXXXXXXXXXXXXXXXXXXXXXXXXXXXXXXXXXXXXXXXXXXXXXXXXXXXXXXXXX',NULL,NULL,15),(35,'Geologist II','XXXXXXXXXXXXXXXXXXXXXXXXXXXXXXXXXXXXXXXXXXXXXXXXXXXXXXXXXXXXXXXXXXXXXXXXXXXXXXXXXXXXXXXXXXXXXXXXXXXXXXXXXXXXXXXXXXXXXXXXXXXXXXXXXXXXXXXXXXXXXXXXXXXXXXXXXXXXXXXXXXXXXXXXXXXXXXXXXXXXXXXXXXXXXXXXXXXXXXXXXXXXXXXXXXXXXXXXXXXXXXXXXXXXXXXXXXXXXXXXXXXXXXXXXXXXXXXXXXXXXXXXXXXXXXXXXXXXXXXXXXXXXXXXXXXXXXXXXXXXXXXXXXXXXXXXXXXXXXXXXXXXXXXXXXXXXXXXXXXXXXXXXXXXXXXXXXXXXXXXXXXXXXXXXXXXXXXXXXXXXXXXXXXXXXXXXXXXXXXXXXXXXXXXXXXXXXXXXXXXXXXXXXXXXXXXXXXXXXXXXXXXXXXXXXXXXXXXXXXXXXXXXXXXXXXXXXXXXXXXXXXXXXXXXXXXXXXXXXXXXXXXXXXXXXXX',NULL,NULL,15),(36,'Geologist I','XXXXXXXXXXXXXXXXXXXXXXXXXXXXXXXXXXXXXXXXXXXXXXXXXXXXXXXXXXXXXXXXXXXXXXXXXXXXXXXXXXXXXXXXXXXXXXXXXXXXXXXXXXXXXXXXXXXXXXXXXXXXXXXXXXXXXXXXXXXXXXXXXXXXXXXXXXXXXXXXXXXXXXXXXXXXXXXXXXXXXXXXXXXXXXXXXXXXXXXXXXXXXXXXXXXXXXXXXXXXXXXXXXXXXXXXXXXXXXXXXXXXXXXXXXXXXXXXXXXXXXXXXXXXXXXXXXXXXXXXXXXXXXXXXXXXXXXXXXXXXXXXXXXXXXXXXXXXXXXXXXXXXXXXXXXXXXXXXXXXXXXXXXXXXXXXXXXXXXXXXXXXXXXXXXXXXXXXXXXXXXXXXXXXXXXXXXXXXXXXXXXXXXXXXXXXXXXXXXXXXXXXXXXXXXXXXXXXXXXXXXXXXXXXXXXXXXXXXXXXXXXXXXXXXXXXXXXXXXXXXXXXXXXXXXXXXXXXXXXXXXXXXXXXXXXX',NULL,NULL,15),(37,'Technician II','XXXXXXXXXXXXXXXXXXXXXXXXXXXXXXXXXXXXXXXXXXXXXXXXXXXXXXXXXXXXXXXXXXXXXXXXXXXXXXXXXXXXXXXXXXXXXXXXXXXXXXXXXXXXXXXXXXXXXXXXXXXXXXXXXXXXXXXXXXXXXXXXXXXXXXXXXXXXXXXXXXXXXXXXXXXXXXXXXXXXXXXXXXXXXXXXXXXXXXXXXXXXXXXXXXXXXXXXXXXXXXXXXXXXXXXXXXXXXXXXXXXXXXXXXXXXXXXXXXXXXXXXXXXXXXXXXXXXXXXXXXXXXXXXXXXXXXXXXXXXXXXXXXXXXXXXXXXXXXXXXXXXXXXXXXXXXXXXXXXXXXXXXXXXXXXXXXXXXXXXXXXXXXXXXXXXXXXXXXXXXXXXXXXXXXXXXXXXXXXXXXXXXXXXXXXXXXXXXXXXXXXXXXXXXXXXXXXXXXXXXXXXXXXXXXXXXXXXXXXXXXXXXXXXXXXXXXXXXXXXXXXXXXXXXXXXXXXXXXXXXXXXXXXXXXXX',NULL,NULL,15),(38,'Technician I','XXXXXXXXXXXXXXXXXXXXXXXXXXXXXXXXXXXXXXXXXXXXXXXXXXXXXXXXXXXXXXXXXXXXXXXXXXXXXXXXXXXXXXXXXXXXXXXXXXXXXXXXXXXXXXXXXXXXXXXXXXXXXXXXXXXXXXXXXXXXXXXXXXXXXXXXXXXXXXXXXXXXXXXXXXXXXXXXXXXXXXXXXXXXXXXXXXXXXXXXXXXXXXXXXXXXXXXXXXXXXXXXXXXXXXXXXXXXXXXXXXXXXXXXXXXXXXXXXXXXXXXXXXXXXXXXXXXXXXXXXXXXXXXXXXXXXXXXXXXXXXXXXXXXXXXXXXXXXXXXXXXXXXXXXXXXXXXXXXXXXXXXXXXXXXXXXXXXXXXXXXXXXXXXXXXXXXXXXXXXXXXXXXXXXXXXXXXXXXXXXXXXXXXXXXXXXXXXXXXXXXXXXXXXXXXXXXXXXXXXXXXXXXXXXXXXXXXXXXXXXXXXXXXXXXXXXXXXXXXXXXXXXXXXXXXXXXXXXXXXXXXXXXXXXXXX',NULL,NULL,15),(39,'Assistant Tutor','XXXXXXXXXXXXXXXXXXXXXXXXXXXXXXXXXXXXXXXXXXXXXXXXXXXXXXXXXXXXXXXXXXXXXXXXXXXXXXXXXXXXXXXXXXXXXXXXXXXXXXXXXXXXXXXXXXXXXXXXXXXXXXXXXXXXXXXXXXXXXXXXXXXXXXXXXXXXXXXXXXXXXXXXXXXXXXXXXXXXXXXXXXXXXXXXXXXXXXXXXXXXXXXXXXXXXXXXXXXXXXXXXXXXXXXXXXXXXXXXXXXXXXXXXXXXXXXXXXXXXXXXXXXXXXXXXXXXXXXXXXXXXXXXXXXXXXXXXXXXXXXXXXXXXXXXXXXXXXXXXXXXXXXXXXXXXXXXXXXXXXXXXXXXXXXXXXXXXXXXXXXXXXXXXXXXXXXXXXXXXXXXXXXXXXXXXXXXXXXXXXXXXXXXXXXXXXXXXXXXXXXXXXXXXXXXXXXXXXXXXXXXXXXXXXXXXXXXXXXXXXXXXXXXXXXXXXXXXXXXXXXXXXXXXXXXXXXXXXXXXXXXXXXXXXXX',NULL,NULL,15),(40,'Accountant II','XXXXXXXXXXXXXXXXXXXXXXXXXXXXXXXXXXXXXXXXXXXXXXXXXXXXXXXXXXXXXXXXXXXXXXXXXXXXXXXXXXXXXXXXXXXXXXXXXXXXXXXXXXXXXXXXXXXXXXXXXXXXXXXXXXXXXXXXXXXXXXXXXXXXXXXXXXXXXXXXXXXXXXXXXXXXXXXXXXXXXXXXXXXXXXXXXXXXXXXXXXXXXXXXXXXXXXXXXXXXXXXXXXXXXXXXXXXXXXXXXXXXXXXXXXXXXXXXXXXXXXXXXXXXXXXXXXXXXXXXXXXXXXXXXXXXXXXXXXXXXXXXXXXXXXXXXXXXXXXXXXXXXXXXXXXXXXXXXXXXXXXXXXXXXXXXXXXXXXXXXXXXXXXXXXXXXXXXXXXXXXXXXXXXXXXXXXXXXXXXXXXXXXXXXXXXXXXXXXXXXXXXXXXXXXXXXXXXXXXXXXXXXXXXXXXXXXXXXXXXXXXXXXXXXXXXXXXXXXXXXXXXXXXXXXXXXXXXXXXXXXXXXXXXXXXX',NULL,NULL,15),(41,'Accountant I','XXXXXXXXXXXXXXXXXXXXXXXXXXXXXXXXXXXXXXXXXXXXXXXXXXXXXXXXXXXXXXXXXXXXXXXXXXXXXXXXXXXXXXXXXXXXXXXXXXXXXXXXXXXXXXXXXXXXXXXXXXXXXXXXXXXXXXXXXXXXXXXXXXXXXXXXXXXXXXXXXXXXXXXXXXXXXXXXXXXXXXXXXXXXXXXXXXXXXXXXXXXXXXXXXXXXXXXXXXXXXXXXXXXXXXXXXXXXXXXXXXXXXXXXXXXXXXXXXXXXXXXXXXXXXXXXXXXXXXXXXXXXXXXXXXXXXXXXXXXXXXXXXXXXXXXXXXXXXXXXXXXXXXXXXXXXXXXXXXXXXXXXXXXXXXXXXXXXXXXXXXXXXXXXXXXXXXXXXXXXXXXXXXXXXXXXXXXXXXXXXXXXXXXXXXXXXXXXXXXXXXXXXXXXXXXXXXXXXXXXXXXXXXXXXXXXXXXXXXXXXXXXXXXXXXXXXXXXXXXXXXXXXXXXXXXXXXXXXXXXXXXXXXXXXXXX',NULL,NULL,15),(42,'Library Assistant II','XXXXXXXXXXXXXXXXXXXXXXXXXXXXXXXXXXXXXXXXXXXXXXXXXXXXXXXXXXXXXXXXXXXXXXXXXXXXXXXXXXXXXXXXXXXXXXXXXXXXXXXXXXXXXXXXXXXXXXXXXXXXXXXXXXXXXXXXXXXXXXXXXXXXXXXXXXXXXXXXXXXXXXXXXXXXXXXXXXXXXXXXXXXXXXXXXXXXXXXXXXXXXXXXXXXXXXXXXXXXXXXXXXXXXXXXXXXXXXXXXXXXXXXXXXXXXXXXXXXXXXXXXXXXXXXXXXXXXXXXXXXXXXXXXXXXXXXXXXXXXXXXXXXXXXXXXXXXXXXXXXXXXXXXXXXXXXXXXXXXXXXXXXXXXXXXXXXXXXXXXXXXXXXXXXXXXXXXXXXXXXXXXXXXXXXXXXXXXXXXXXXXXXXXXXXXXXXXXXXXXXXXXXXXXXXXXXXXXXXXXXXXXXXXXXXXXXXXXXXXXXXXXXXXXXXXXXXXXXXXXXXXXXXXXXXXXXXXXXXXXXXXXXXXXXXX',NULL,NULL,15),(43,'Library Assistant I','XXXXXXXXXXXXXXXXXXXXXXXXXXXXXXXXXXXXXXXXXXXXXXXXXXXXXXXXXXXXXXXXXXXXXXXXXXXXXXXXXXXXXXXXXXXXXXXXXXXXXXXXXXXXXXXXXXXXXXXXXXXXXXXXXXXXXXXXXXXXXXXXXXXXXXXXXXXXXXXXXXXXXXXXXXXXXXXXXXXXXXXXXXXXXXXXXXXXXXXXXXXXXXXXXXXXXXXXXXXXXXXXXXXXXXXXXXXXXXXXXXXXXXXXXXXXXXXXXXXXXXXXXXXXXXXXXXXXXXXXXXXXXXXXXXXXXXXXXXXXXXXXXXXXXXXXXXXXXXXXXXXXXXXXXXXXXXXXXXXXXXXXXXXXXXXXXXXXXXXXXXXXXXXXXXXXXXXXXXXXXXXXXXXXXXXXXXXXXXXXXXXXXXXXXXXXXXXXXXXXXXXXXXXXXXXXXXXXXXXXXXXXXXXXXXXXXXXXXXXXXXXXXXXXXXXXXXXXXXXXXXXXXXXXXXXXXXXXXXXXXXXXXXXXXXXX',NULL,NULL,15),(44,'Librarian II','XXXXXXXXXXXXXXXXXXXXXXXXXXXXXXXXXXXXXXXXXXXXXXXXXXXXXXXXXXXXXXXXXXXXXXXXXXXXXXXXXXXXXXXXXXXXXXXXXXXXXXXXXXXXXXXXXXXXXXXXXXXXXXXXXXXXXXXXXXXXXXXXXXXXXXXXXXXXXXXXXXXXXXXXXXXXXXXXXXXXXXXXXXXXXXXXXXXXXXXXXXXXXXXXXXXXXXXXXXXXXXXXXXXXXXXXXXXXXXXXXXXXXXXXXXXXXXXXXXXXXXXXXXXXXXXXXXXXXXXXXXXXXXXXXXXXXXXXXXXXXXXXXXXXXXXXXXXXXXXXXXXXXXXXXXXXXXXXXXXXXXXXXXXXXXXXXXXXXXXXXXXXXXXXXXXXXXXXXXXXXXXXXXXXXXXXXXXXXXXXXXXXXXXXXXXXXXXXXXXXXXXXXXXXXXXXXXXXXXXXXXXXXXXXXXXXXXXXXXXXXXXXXXXXXXXXXXXXXXXXXXXXXXXXXXXXXXXXXXXXXXXXXXXXXXXX',NULL,NULL,15),(45,'Land Surveyor II','XXXXXXXXXXXXXXXXXXXXXXXXXXXXXXXXXXXXXXXXXXXXXXXXXXXXXXXXXXXXXXXXXXXXXXXXXXXXXXXXXXXXXXXXXXXXXXXXXXXXXXXXXXXXXXXXXXXXXXXXXXXXXXXXXXXXXXXXXXXXXXXXXXXXXXXXXXXXXXXXXXXXXXXXXXXXXXXXXXXXXXXXXXXXXXXXXXXXXXXXXXXXXXXXXXXXXXXXXXXXXXXXXXXXXXXXXXXXXXXXXXXXXXXXXXXXXXXXXXXXXXXXXXXXXXXXXXXXXXXXXXXXXXXXXXXXXXXXXXXXXXXXXXXXXXXXXXXXXXXXXXXXXXXXXXXXXXXXXXXXXXXXXXXXXXXXXXXXXXXXXXXXXXXXXXXXXXXXXXXXXXXXXXXXXXXXXXXXXXXXXXXXXXXXXXXXXXXXXXXXXXXXXXXXXXXXXXXXXXXXXXXXXXXXXXXXXXXXXXXXXXXXXXXXXXXXXXXXXXXXXXXXXXXXXXXXXXXXXXXXXXXXXXXXXXXX',NULL,NULL,15),(46,'Land Surveyor I','XXXXXXXXXXXXXXXXXXXXXXXXXXXXXXXXXXXXXXXXXXXXXXXXXXXXXXXXXXXXXXXXXXXXXXXXXXXXXXXXXXXXXXXXXXXXXXXXXXXXXXXXXXXXXXXXXXXXXXXXXXXXXXXXXXXXXXXXXXXXXXXXXXXXXXXXXXXXXXXXXXXXXXXXXXXXXXXXXXXXXXXXXXXXXXXXXXXXXXXXXXXXXXXXXXXXXXXXXXXXXXXXXXXXXXXXXXXXXXXXXXXXXXXXXXXXXXXXXXXXXXXXXXXXXXXXXXXXXXXXXXXXXXXXXXXXXXXXXXXXXXXXXXXXXXXXXXXXXXXXXXXXXXXXXXXXXXXXXXXXXXXXXXXXXXXXXXXXXXXXXXXXXXXXXXXXXXXXXXXXXXXXXXXXXXXXXXXXXXXXXXXXXXXXXXXXXXXXXXXXXXXXXXXXXXXXXXXXXXXXXXXXXXXXXXXXXXXXXXXXXXXXXXXXXXXXXXXXXXXXXXXXXXXXXXXXXXXXXXXXXXXXXXXXXXXX',NULL,NULL,15),(47,'Minearal Processing Tutor II','XXXXXXXXXXXXXXXXXXXXXXXXXXXXXXXXXXXXXXXXXXXXXXXXXXXXXXXXXXXXXXXXXXXXXXXXXXXXXXXXXXXXXXXXXXXXXXXXXXXXXXXXXXXXXXXXXXXXXXXXXXXXXXXXXXXXXXXXXXXXXXXXXXXXXXXXXXXXXXXXXXXXXXXXXXXXXXXXXXXXXXXXXXXXXXXXXXXXXXXXXXXXXXXXXXXXXXXXXXXXXXXXXXXXXXXXXXXXXXXXXXXXXXXXXXXXXXXXXXXXXXXXXXXXXXXXXXXXXXXXXXXXXXXXXXXXXXXXXXXXXXXXXXXXXXXXXXXXXXXXXXXXXXXXXXXXXXXXXXXXXXXXXXXXXXXXXXXXXXXXXXXXXXXXXXXXXXXXXXXXXXXXXXXXXXXXXXXXXXXXXXXXXXXXXXXXXXXXXXXXXXXXXXXXXXXXXXXXXXXXXXXXXXXXXXXXXXXXXXXXXXXXXXXXXXXXXXXXXXXXXXXXXXXXXXXXXXXXXXXXXXXXXXXXXXXX',NULL,NULL,15),(48,'ICT Officer II','XXXXXXXXXXXXXXXXXXXXXXXXXXXXXXXXXXXXXXXXXXXXXXXXXXXXXXXXXXXXXXXXXXXXXXXXXXXXXXXXXXXXXXXXXXXXXXXXXXXXXXXXXXXXXXXXXXXXXXXXXXXXXXXXXXXXXXXXXXXXXXXXXXXXXXXXXXXXXXXXXXXXXXXXXXXXXXXXXXXXXXXXXXXXXXXXXXXXXXXXXXXXXXXXXXXXXXXXXXXXXXXXXXXXXXXXXXXXXXXXXXXXXXXXXXXXXXXXXXXXXXXXXXXXXXXXXXXXXXXXXXXXXXXXXXXXXXXXXXXXXXXXXXXXXXXXXXXXXXXXXXXXXXXXXXXXXXXXXXXXXXXXXXXXXXXXXXXXXXXXXXXXXXXXXXXXXXXXXXXXXXXXXXXXXXXXXXXXXXXXXXXXXXXXXXXXXXXXXXXXXXXXXXXXXXXXXXXXXXXXXXXXXXXXXXXXXXXXXXXXXXXXXXXXXXXXXXXXXXXXXXXXXXXXXXXXXXXXXXXXXXXXXXXXXXXX',NULL,NULL,15),(49,'Tutor II','XXXXXXXXXXXXXXXXXXXXXXXXXXXXXXXXXXXXXXXXXXXXXXXXXXXXXXXXXXXXXXXXXXXXXXXXXXXXXXXXXXXXXXXXXXXXXXXXXXXXXXXXXXXXXXXXXXXXXXXXXXXXXXXXXXXXXXXXXXXXXXXXXXXXXXXXXXXXXXXXXXXXXXXXXXXXXXXXXXXXXXXXXXXXXXXXXXXXXXXXXXXXXXXXXXXXXXXXXXXXXXXXXXXXXXXXXXXXXXXXXXXXXXXXXXXXXXXXXXXXXXXXXXXXXXXXXXXXXXXXXXXXXXXXXXXXXXXXXXXXXXXXXXXXXXXXXXXXXXXXXXXXXXXXXXXXXXXXXXXXXXXXXXXXXXXXXXXXXXXXXXXXXXXXXXXXXXXXXXXXXXXXXXXXXXXXXXXXXXXXXXXXXXXXXXXXXXXXXXXXXXXXXXXXXXXXXXXXXXXXXXXXXXXXXXXXXXXXXXXXXXXXXXXXXXXXXXXXXXXXXXXXXXXXXXXXXXXXXXXXXXXXXXXXXXXX',NULL,NULL,15),(50,'Tutor I','XXXXXXXXXXXXXXXXXXXXXXXXXXXXXXXXXXXXXXXXXXXXXXXXXXXXXXXXXXXXXXXXXXXXXXXXXXXXXXXXXXXXXXXXXXXXXXXXXXXXXXXXXXXXXXXXXXXXXXXXXXXXXXXXXXXXXXXXXXXXXXXXXXXXXXXXXXXXXXXXXXXXXXXXXXXXXXXXXXXXXXXXXXXXXXXXXXXXXXXXXXXXXXXXXXXXXXXXXXXXXXXXXXXXXXXXXXXXXXXXXXXXXXXXXXXXXXXXXXXXXXXXXXXXXXXXXXXXXXXXXXXXXXXXXXXXXXXXXXXXXXXXXXXXXXXXXXXXXXXXXXXXXXXXXXXXXXXXXXXXXXXXXXXXXXXXXXXXXXXXXXXXXXXXXXXXXXXXXXXXXXXXXXXXXXXXXXXXXXXXXXXXXXXXXXXXXXXXXXXXXXXXXXXXXXXXXXXXXXXXXXXXXXXXXXXXXXXXXXXXXXXXXXXXXXXXXXXXXXXXXXXXXXXXXXXXXXXXXXXXXXXXXXXXXXXX',NULL,NULL,15);
/*!40000 ALTER TABLE `jobTitle` ENABLE KEYS */;
UNLOCK TABLES;

--
-- Table structure for table `leaveApplication`
--

DROP TABLE IF EXISTS `leaveApplication`;
/*!40101 SET @saved_cs_client     = @@character_set_client */;
/*!40101 SET character_set_client = utf8 */;
CREATE TABLE `leaveApplication` (
  `leaveId` int(10) unsigned NOT NULL AUTO_INCREMENT,
  `loginId` int(10) unsigned NOT NULL,
  `groupId` int(10) unsigned NOT NULL,
  `leaveName` varchar(48) NOT NULL,
  `timeOfApplication` varchar(19) DEFAULT NULL,
  `leaveApprovalSchemaList` varchar(108) DEFAULT NULL,
  `timeOfApproval` varchar(19) DEFAULT NULL,
  `startTime` varchar(19) DEFAULT NULL,
  `endTime` varchar(19) DEFAULT NULL,
  `extraFilter` varchar(32) DEFAULT NULL,
  `extraInformation` varchar(64) DEFAULT NULL,
  `flags` int(5) NOT NULL DEFAULT '15',
  PRIMARY KEY (`leaveId`),
  KEY `loginId` (`loginId`),
  KEY `groupId` (`groupId`),
  CONSTRAINT `leaveApplication_ibfk_1` FOREIGN KEY (`loginId`) REFERENCES `login` (`loginId`),
  CONSTRAINT `leaveApplication_ibfk_2` FOREIGN KEY (`groupId`) REFERENCES `leaveapprovalschemagroup` (`groupId`)
) ENGINE=InnoDB DEFAULT CHARSET=latin1;
/*!40101 SET character_set_client = @saved_cs_client */;

--
-- Dumping data for table `leaveApplication`
--

LOCK TABLES `leaveApplication` WRITE;
/*!40000 ALTER TABLE `leaveApplication` DISABLE KEYS */;
/*!40000 ALTER TABLE `leaveApplication` ENABLE KEYS */;
UNLOCK TABLES;

--
-- Table structure for table `leaveApprovalSchema`
--

DROP TABLE IF EXISTS `leaveApprovalSchema`;
/*!40101 SET @saved_cs_client     = @@character_set_client */;
/*!40101 SET character_set_client = utf8 */;
CREATE TABLE `leaveApprovalSchema` (
  `schemaId` int(10) unsigned NOT NULL AUTO_INCREMENT,
  `schemaName` varchar(48) NOT NULL,
  `groupId` int(10) unsigned NOT NULL,
  `sequenceNumber` int(2) NOT NULL DEFAULT '1',
  `jobId` int(10) unsigned NOT NULL,
  `extraFilter` varchar(32) DEFAULT NULL,
  `extraInformation` varchar(64) DEFAULT NULL,
  `flags` int(5) NOT NULL DEFAULT '15',
  PRIMARY KEY (`schemaId`),
  KEY `groupId` (`groupId`),
  KEY `jobId` (`jobId`),
  CONSTRAINT `leaveApprovalSchema_ibfk_1` FOREIGN KEY (`groupId`) REFERENCES `leaveapprovalschemagroup` (`groupId`),
  CONSTRAINT `leaveApprovalSchema_ibfk_2` FOREIGN KEY (`jobId`) REFERENCES `jobtitle` (`jobId`)
) ENGINE=InnoDB DEFAULT CHARSET=latin1;
/*!40101 SET character_set_client = @saved_cs_client */;

--
-- Dumping data for table `leaveApprovalSchema`
--

LOCK TABLES `leaveApprovalSchema` WRITE;
/*!40000 ALTER TABLE `leaveApprovalSchema` DISABLE KEYS */;
/*!40000 ALTER TABLE `leaveApprovalSchema` ENABLE KEYS */;
UNLOCK TABLES;

--
-- Table structure for table `leaveApprovalSchemaGroup`
--

DROP TABLE IF EXISTS `leaveApprovalSchemaGroup`;
/*!40101 SET @saved_cs_client     = @@character_set_client */;
/*!40101 SET character_set_client = utf8 */;
CREATE TABLE `leaveApprovalSchemaGroup` (
  `groupId` int(10) unsigned NOT NULL AUTO_INCREMENT,
  `jobId` int(10) unsigned NOT NULL,
  `typeId` int(10) unsigned NOT NULL,
  `groupName` varchar(48) NOT NULL,
  `extraFilter` varchar(32) DEFAULT NULL,
  `extraInformation` varchar(64) DEFAULT NULL,
  `flags` int(5) NOT NULL DEFAULT '15',
  PRIMARY KEY (`groupId`),
  UNIQUE KEY `groupName` (`groupName`),
  UNIQUE KEY `jobId` (`jobId`,`typeId`),
  KEY `typeId` (`typeId`),
  CONSTRAINT `leaveApprovalSchemaGroup_ibfk_1` FOREIGN KEY (`jobId`) REFERENCES `jobtitle` (`jobId`),
  CONSTRAINT `leaveApprovalSchemaGroup_ibfk_2` FOREIGN KEY (`typeId`) REFERENCES `leavetype` (`typeId`)
) ENGINE=InnoDB DEFAULT CHARSET=latin1;
/*!40101 SET character_set_client = @saved_cs_client */;

--
-- Dumping data for table `leaveApprovalSchemaGroup`
--

LOCK TABLES `leaveApprovalSchemaGroup` WRITE;
/*!40000 ALTER TABLE `leaveApprovalSchemaGroup` DISABLE KEYS */;
/*!40000 ALTER TABLE `leaveApprovalSchemaGroup` ENABLE KEYS */;
UNLOCK TABLES;

--
-- Table structure for table `leaveType`
--

DROP TABLE IF EXISTS `leaveType`;
/*!40101 SET @saved_cs_client     = @@character_set_client */;
/*!40101 SET character_set_client = utf8 */;
CREATE TABLE `leaveType` (
  `typeId` int(10) unsigned NOT NULL AUTO_INCREMENT,
  `typeName` varchar(48) NOT NULL,
  `minDaysNotice` int(2) NOT NULL,
  `maxDaysAllowedPerYear` int(3) NOT NULL,
  `maxContinuousDaysPerLeave` int(3) NOT NULL,
  `numberOfTimesThisLeaveCanBeTakenInAYear` int(2) NOT NULL,
  `extraFilter` varchar(32) DEFAULT NULL,
  `extraInformation` varchar(64) DEFAULT NULL,
  `flags` int(5) NOT NULL DEFAULT '15',
  PRIMARY KEY (`typeId`),
  UNIQUE KEY `typeName` (`typeName`)
) ENGINE=InnoDB DEFAULT CHARSET=latin1;
/*!40101 SET character_set_client = @saved_cs_client */;

--
-- Dumping data for table `leaveType`
--

LOCK TABLES `leaveType` WRITE;
/*!40000 ALTER TABLE `leaveType` DISABLE KEYS */;
/*!40000 ALTER TABLE `leaveType` ENABLE KEYS */;
UNLOCK TABLES;

--
-- Table structure for table `login`
--

DROP TABLE IF EXISTS `login`;
/*!40101 SET @saved_cs_client     = @@character_set_client */;
/*!40101 SET character_set_client = utf8 */;
CREATE TABLE `login` (
  `loginId` int(10) unsigned NOT NULL AUTO_INCREMENT,
  `loginName` varchar(64) DEFAULT NULL,
  `firstname` varchar(32) DEFAULT NULL,
  `middlename` varchar(32) DEFAULT NULL,
  `lastname` varchar(32) DEFAULT NULL,
  `fullname` varchar(64) DEFAULT NULL,
  `statusId` int(10) unsigned DEFAULT NULL,
  `dob` varchar(19) NOT NULL DEFAULT '0000:00:00:00:00:00',
  `sexId` int(10) unsigned DEFAULT NULL,
  `maritalId` int(10) unsigned DEFAULT NULL,
  `jobId` int(10) unsigned DEFAULT NULL,
  `groupId` int(10) unsigned DEFAULT NULL,
  `context` text NOT NULL,
  `typeId` int(10) unsigned DEFAULT NULL,
  `email` varchar(32) DEFAULT NULL,
  `phone` varchar(16) DEFAULT NULL,
  `photo` varchar(64) DEFAULT NULL,
  `password` char(40) DEFAULT NULL,
  `root` tinyint(1) unsigned NOT NULL DEFAULT '0',
  `lastLoginTime` varchar(19) NOT NULL DEFAULT '0000:00:00:00:00:00',
  `admissionTime` varchar(19) NOT NULL DEFAULT '0000:00:00:00:00:00',
  `qnSecurity1` int(10) unsigned DEFAULT NULL,
  `ansSecurity1` varchar(32) DEFAULT NULL,
  `qnSecurity2` int(10) unsigned DEFAULT NULL,
  `ansSecurity2` varchar(32) DEFAULT NULL,
  `themeId` int(10) unsigned DEFAULT NULL,
  `firstDayOfAWeekId` int(10) unsigned DEFAULT NULL,
  `revisionNumber` int(8) unsigned NOT NULL DEFAULT '1',
  `revisionTime` varchar(19) NOT NULL DEFAULT '0000:00:00:00:00:00',
  `admittedBy` varchar(48) DEFAULT NULL,
  `randomNumber` char(32) DEFAULT NULL,
  `virtualizationList` varchar(108) DEFAULT NULL,
  `extraFilter` varchar(32) DEFAULT NULL,
  `extraInformation` varchar(64) DEFAULT NULL,
  `flags` int(5) NOT NULL DEFAULT '15',
  PRIMARY KEY (`loginId`),
  UNIQUE KEY `email` (`email`),
  UNIQUE KEY `phone` (`phone`),
  UNIQUE KEY `loginName` (`loginName`),
  KEY `statusId` (`statusId`),
  KEY `sexId` (`sexId`),
  KEY `maritalId` (`maritalId`),
  KEY `jobId` (`jobId`),
  KEY `groupId` (`groupId`),
  KEY `typeId` (`typeId`),
  KEY `qnSecurity1` (`qnSecurity1`),
  KEY `qnSecurity2` (`qnSecurity2`),
  KEY `themeId` (`themeId`),
  KEY `firstDayOfAWeekId` (`firstDayOfAWeekId`),
  CONSTRAINT `login_ibfk_1` FOREIGN KEY (`statusId`) REFERENCES `userstatus` (`statusId`),
  CONSTRAINT `login_ibfk_10` FOREIGN KEY (`firstDayOfAWeekId`) REFERENCES `daysofaweek` (`dayId`),
  CONSTRAINT `login_ibfk_2` FOREIGN KEY (`sexId`) REFERENCES `sex` (`sexId`),
  CONSTRAINT `login_ibfk_3` FOREIGN KEY (`maritalId`) REFERENCES `marital` (`maritalId`),
  CONSTRAINT `login_ibfk_4` FOREIGN KEY (`jobId`) REFERENCES `jobtitle` (`jobId`),
  CONSTRAINT `login_ibfk_5` FOREIGN KEY (`groupId`) REFERENCES `groups` (`groupId`),
  CONSTRAINT `login_ibfk_6` FOREIGN KEY (`typeId`) REFERENCES `usertype` (`typeId`),
  CONSTRAINT `login_ibfk_7` FOREIGN KEY (`qnSecurity1`) REFERENCES `securityquestion` (`questionId`),
  CONSTRAINT `login_ibfk_8` FOREIGN KEY (`qnSecurity2`) REFERENCES `securityquestion` (`questionId`),
  CONSTRAINT `login_ibfk_9` FOREIGN KEY (`themeId`) REFERENCES `themes` (`themeId`)
) ENGINE=InnoDB AUTO_INCREMENT=218 DEFAULT CHARSET=latin1;
/*!40101 SET character_set_client = @saved_cs_client */;

--
-- Dumping data for table `login`
--

LOCK TABLES `login` WRITE;
/*!40000 ALTER TABLE `login` DISABLE KEYS */;
INSERT INTO `login` VALUES (1,'Ndimangwa','Ndimangwa','Fadhili','Ngoya','Ndimangwa Fadhili Ngoya',1,'1983:5:6:00:00:00',1,2,1,1,'XXXXXXXXXXXXXXXXXXXXXXXXXXXXXXXXXXXXXXXXXXXXXXXXXXXXXXXXXXXXXXXXXXXXXXXXXXXXXXXXXXXXXXXXXXXXXXXXXXXXXXXXXXXXXXXXXXXXXXXXXXXXXXXXXXXXXXXXXXXXXXXXXXXXXXXXXXXXXXXXXXXXXXXXXXXXXXXXXXXXXXXXXXXXXXXXXXXXXXXXXXXXXXXXXXXXXXXXXXXXXXXXXXXXXXXXXXXXXXXXXXXXXXXXXXXXXXXXXXXXXXXXXXXXXXXXXXXXXXXXXXXXXXXXXXXXXXXXXXXXXXXXXXXXXXXXXXXXXXXXXXXXXXXXXXXXXXXXXXXXXXXXXXXXXXXXXXXXXXXXXXXXXXXXXXXXXXXXXXXXXXXXXXXXXXXXXXXXXXXXXXXXXXXXXXXXXXXXXXXXXXXXXXXXXXXXXXXXXXXXXXXXXXXXXXXXXXXXXXXXXXXXXXXXXXXXXXXXXXXXXXXXXXXXXXXXXXXXXXXXXXXXXXXXXXXX',1,'ndimangwa@gmail.com','+255762357591','user_1.JPG','2dd3a550d21daeca8b537e3a4a3c4a97b709583a',1,'2016:08:24:09:27:11','2016:08:11:11:25:15',1,'ke786',2,'church',3,4,1,'0000:00:00:00:00:00',NULL,NULL,NULL,'3RSCSTdY',NULL,95),(2,'ndimangwa.ngoya','Ndimangwa','Fadhili','Ngoya','Ndimangwa Fadhili',1,'1983:5:6:00:00:00',1,2,2,2,'XXXXXXXXXXXXXXXXXXXXXXXXXXXXXXXXXXXXXXXXXXXXXXXXXXXXXXXXXXXXXXXXXXXXXXXXXXXXXXXXXXXXXXXXXXXXXXXXXXXXXXXXXXXXXXXXXXXXXXXXXXXXXXXXXXXXXXXXXXXXXXXXXXXXXXXXXXXXXXXXXXXXXXXXXXXXXXXXXXXXXXXXXXXXXXXXXXXXXXXXXXXXXXXXXXXXXXXXXXXXXXXXXXXXXXXXXXXXXXXXXXXXXXXXXXXXXXXXXXXXXXXXXXXXXXXXXXXXXXXXXXXXXXXXXXXXXXXXXXXXXXXXXXXXXXXXXXXXXXXXXXXXXXXXXXXXXXXXXXXXXXXXXXXXXXXXXXXXXXXXXXXXXXXXXXXXXXXXXXXXXXXXXXXXXXXXXXXXXXXXXXXXXXXXXXXXXXXXXXXXXXXXXXXXXXXXXXXXXXXXXXXXXXXXXXXXXXXXXXXXXXXXXXXXXXXXXXXXXXXXXXXXXXXXXXXXXXXXXXXXXXXXXXXXXXXX',3,'ndimangwa@mri.ac.tz','+255787101808','student_2.jpg','7c222fb2927d828af22f592134e8932480637c0d',0,'0000:00:00:00:00:00','0000:00:00:00:00:00',1,'ke781',12,'e126',NULL,NULL,1,'2016:07:19:10:44:40',NULL,'c7bcacd6ac7a6d41e4ff395343622bb8',NULL,'g3DR',NULL,47),(3,'tz.student1','student1','midname1','lastname1','Test Student 1',1,'1983:5:6:00:00:00',2,1,2,21,'XXXXXXXXXXXXXXXXXXXXXXXXXXXXXXXXXXXXXXXXXXXXXXXXXXXXXXXXXXXXXXXXXXXXXXXXXXXXXXXXXXXXXXXXXXXXXXXXXXXXXXXXXXXXXXXXXXXXXXXXXXXXXXXXXXXXXXXXXXXXXXXXXXXXXXXXXXXXXXXXXXXXXXXXXXXXXXXXXXXXXXXXXXXXXXXXXXXXXXXXXXXXXXXXXXXXXXXXXXXXXXXXXXXXXXXXXXXXXXXXXXXXXXXXXXXXXXXXXXXXXXXXXXXXXXXXXXXXXXXXXXXXXXXXXXXXXXXXXXXXXXXXXXXXXXXXXXXXXXXXXXXXXXXXXXXXXXXXXXXXXXXXXXXXXXXXXXXXXXXXXXXXXXXXXXXXXXXXXXXXXXXXXXXXXXXXXXXXXXXXXXXXXXXXXXXXXXXXXXXXXXXXXXXXXXXXXXXXXXXXXXXXXXXXXXXXXXXXXXXXXXXXXXXXXXXXXXXXXXXXXXXXXXXXXXXXXXXXXXXXXXXXXXXXXXXX',3,'st1@mri.ac.tz','+255791269913','student_2.jpg','7c222fb2927d828af22f592134e8932480637c0d',0,'2016:08:21:23:22:31','2016:07:19:11:59:17',1,'ke781',12,'e126',16,3,1,'2016:07:19:10:44:40',NULL,'c7bcacd6ac7a6d41e4ff395343622bb8',NULL,'gwFlcDa1',NULL,31),(4,'tz.student2','student2','midname2','lastname2','Test Student 2',3,'1983:5:6:00:00:00',1,2,2,21,'XXXXXXXXXXXXXXXXXXXXXXXXXXXXXXXXXXXXXXXXXXXXXXXXXXXXXXXXXXXXXXXXXXXXXXXXXXXXXXXXXXXXXXXXXXXXXXXXXXXXXXXXXXXXXXXXXXXXXXXXXXXXXXXXXXXXXXXXXXXXXXXXXXXXXXXXXXXXXXXXXXXXXXXXXXXXXXXXXXXXXXXXXXXXXXXXXXXXXXXXXXXXXXXXXXXXXXXXXXXXXXXXXXXXXXXXXXXXXXXXXXXXXXXXXXXXXXXXXXXXXXXXXXXXXXXXXXXXXXXXXXXXXXXXXXXXXXXXXXXXXXXXXXXXXXXXXXXXXXXXXXXXXXXXXXXXXXXXXXXXXXXXXXXXXXXXXXXXXXXXXXXXXXXXXXXXXXXXXXXXXXXXXXXXXXXXXXXXXXXXXXXXXXXXXXXXXXXXXXXXXXXXXXXXXXXXXXXXXXXXXXXXXXXXXXXXXXXXXXXXXXXXXXXXXXXXXXXXXXXXXXXXXXXXXXXXXXXXXXXXXXXXXXXXXXXX',3,'st2@mri.ac.tz','+255791260002','student_2.jpg','7c222fb2927d828af22f592134e8932480637c0d',0,'2016:08:21:23:23:04','2016:07:19:11:59:51',1,'ke781',12,'e126',NULL,NULL,1,'2016:07:19:10:44:40',NULL,'c7bcacd6ac7a6d41e4ff395343622bb8',NULL,'pFxGQxK5',NULL,31),(5,'tz.student3','student3','midname3','lastname3','Test Student 3',1,'1983:5:6:00:00:00',2,2,2,20,'XXXXXXXXXXXXXXXXXXXXXXXXXXXXXXXXXXXXXXXXXXXXXXXXXXXXXXXXXXXXXXXXXXXXXXXXXXXXXXXXXXXXXXXXXXXXXXXXXXXXXXXXXXXXXXXXXXXXXXXXXXXXXXXXXXXXXXXXXXXXXXXXXXXXXXXXXXXXXXXXXXXXXXXXXXXXXXXXXXXXXXXXXXXXXXXXXXXXXXXXXXXXXXXXXXXXXXXXXXXXXXXXXXXXXXXXXXXXXXXXXXXXXXXXXXXXXXXXXXXXXXXXXXXXXXXXXXXXXXXXXXXXXXXXXXXXXXXXXXXXXXXXXXXXXXXXXXXXXXXXXXXXXXXXXXXXXXXXXXXXXXXXXXXXXXXXXXXXXXXXXXXXXXXXXXXXXXXXXXXXXXXXXXXXXXXXXXXXXXXXXXXXXXXXXXXXXXXXXXXXXXXXXXXXXXXXXXXXXXXXXXXXXXXXXXXXXXXXXXXXXXXXXXXXXXXXXXXXXXXXXXXXXXXXXXXXXXXXXXXXXXXXXXXXXXXX',3,'st3@mri.ac.tz','+255791260003','student_2.jpg','7c222fb2927d828af22f592134e8932480637c0d',0,'2016:08:24:06:33:58','2016:07:19:12:00:09',1,'ke781',12,'e126',NULL,NULL,1,'2016:07:19:10:44:40',NULL,'c7bcacd6ac7a6d41e4ff395343622bb8',NULL,'g3DR',NULL,31),(6,'tz.student4','student4','midname4','lastname4','Test Student 4',1,'1983:5:6:00:00:00',1,2,2,20,'XXXXXXXXXXXXXXXXXXXXXXXXXXXXXXXXXXXXXXXXXXXXXXXXXXXXXXXXXXXXXXXXXXXXXXXXXXXXXXXXXXXXXXXXXXXXXXXXXXXXXXXXXXXXXXXXXXXXXXXXXXXXXXXXXXXXXXXXXXXXXXXXXXXXXXXXXXXXXXXXXXXXXXXXXXXXXXXXXXXXXXXXXXXXXXXXXXXXXXXXXXXXXXXXXXXXXXXXXXXXXXXXXXXXXXXXXXXXXXXXXXXXXXXXXXXXXXXXXXXXXXXXXXXXXXXXXXXXXXXXXXXXXXXXXXXXXXXXXXXXXXXXXXXXXXXXXXXXXXXXXXXXXXXXXXXXXXXXXXXXXXXXXXXXXXXXXXXXXXXXXXXXXXXXXXXXXXXXXXXXXXXXXXXXXXXXXXXXXXXXXXXXXXXXXXXXXXXXXXXXXXXXXXXXXXXXXXXXXXXXXXXXXXXXXXXXXXXXXXXXXXXXXXXXXXXXXXXXXXXXXXXXXXXXXXXXXXXXXXXXXXXXXXXXXXXX',3,'st4@mri.ac.tz','+255791260004','student_2.jpg','7c222fb2927d828af22f592134e8932480637c0d',0,'0000:00:00:00:00:00','2016:08:03:15:24:08',1,'ke781',12,'e126',NULL,NULL,1,'2016:07:19:10:44:40',NULL,'c7bcacd6ac7a6d41e4ff395343622bb8',NULL,'g3DR',NULL,63),(7,'tz.student5','student5','midname5','lastname5','Test Student 5',1,'1983:5:6:00:00:00',2,2,2,20,'XXXXXXXXXXXXXXXXXXXXXXXXXXXXXXXXXXXXXXXXXXXXXXXXXXXXXXXXXXXXXXXXXXXXXXXXXXXXXXXXXXXXXXXXXXXXXXXXXXXXXXXXXXXXXXXXXXXXXXXXXXXXXXXXXXXXXXXXXXXXXXXXXXXXXXXXXXXXXXXXXXXXXXXXXXXXXXXXXXXXXXXXXXXXXXXXXXXXXXXXXXXXXXXXXXXXXXXXXXXXXXXXXXXXXXXXXXXXXXXXXXXXXXXXXXXXXXXXXXXXXXXXXXXXXXXXXXXXXXXXXXXXXXXXXXXXXXXXXXXXXXXXXXXXXXXXXXXXXXXXXXXXXXXXXXXXXXXXXXXXXXXXXXXXXXXXXXXXXXXXXXXXXXXXXXXXXXXXXXXXXXXXXXXXXXXXXXXXXXXXXXXXXXXXXXXXXXXXXXXXXXXXXXXXXXXXXXXXXXXXXXXXXXXXXXXXXXXXXXXXXXXXXXXXXXXXXXXXXXXXXXXXXXXXXXXXXXXXXXXXXXXXXXXXXXXX',3,'st5@mri.ac.tz','+255791260005','student_2.jpg','7c222fb2927d828af22f592134e8932480637c0d',0,'0000:00:00:00:00:00','2016:08:22:06:59:31',1,'ke781',12,'e126',NULL,NULL,1,'2016:07:19:10:44:40','Raheli Ndimangwa Fadhili','c7bcacd6ac7a6d41e4ff395343622bb8',NULL,'g3DR',NULL,63),(8,'tz.student6','student6','midname6','lastname6','Test Student 6',1,'1983:5:6:00:00:00',1,2,2,20,'XXXXXXXXXXXXXXXXXXXXXXXXXXXXXXXXXXXXXXXXXXXXXXXXXXXXXXXXXXXXXXXXXXXXXXXXXXXXXXXXXXXXXXXXXXXXXXXXXXXXXXXXXXXXXXXXXXXXXXXXXXXXXXXXXXXXXXXXXXXXXXXXXXXXXXXXXXXXXXXXXXXXXXXXXXXXXXXXXXXXXXXXXXXXXXXXXXXXXXXXXXXXXXXXXXXXXXXXXXXXXXXXXXXXXXXXXXXXXXXXXXXXXXXXXXXXXXXXXXXXXXXXXXXXXXXXXXXXXXXXXXXXXXXXXXXXXXXXXXXXXXXXXXXXXXXXXXXXXXXXXXXXXXXXXXXXXXXXXXXXXXXXXXXXXXXXXXXXXXXXXXXXXXXXXXXXXXXXXXXXXXXXXXXXXXXXXXXXXXXXXXXXXXXXXXXXXXXXXXXXXXXXXXXXXXXXXXXXXXXXXXXXXXXXXXXXXXXXXXXXXXXXXXXXXXXXXXXXXXXXXXXXXXXXXXXXXXXXXXXXXXXXXXXXXXXX',3,'st6@mri.ac.tz','+255791260006','student_2.jpg','7c222fb2927d828af22f592134e8932480637c0d',0,'0000:00:00:00:00:00','2016:08:21:09:41:05',1,'ke781',12,'e126',NULL,NULL,1,'2016:07:19:10:44:40',NULL,'c7bcacd6ac7a6d41e4ff395343622bb8',NULL,'g3DR',NULL,63),(9,'tz.student7','student7','midname7','lastname7','Test Student 7',1,'1983:5:6:00:00:00',2,2,2,20,'XXXXXXXXXXXXXXXXXXXXXXXXXXXXXXXXXXXXXXXXXXXXXXXXXXXXXXXXXXXXXXXXXXXXXXXXXXXXXXXXXXXXXXXXXXXXXXXXXXXXXXXXXXXXXXXXXXXXXXXXXXXXXXXXXXXXXXXXXXXXXXXXXXXXXXXXXXXXXXXXXXXXXXXXXXXXXXXXXXXXXXXXXXXXXXXXXXXXXXXXXXXXXXXXXXXXXXXXXXXXXXXXXXXXXXXXXXXXXXXXXXXXXXXXXXXXXXXXXXXXXXXXXXXXXXXXXXXXXXXXXXXXXXXXXXXXXXXXXXXXXXXXXXXXXXXXXXXXXXXXXXXXXXXXXXXXXXXXXXXXXXXXXXXXXXXXXXXXXXXXXXXXXXXXXXXXXXXXXXXXXXXXXXXXXXXXXXXXXXXXXXXXXXXXXXXXXXXXXXXXXXXXXXXXXXXXXXXXXXXXXXXXXXXXXXXXXXXXXXXXXXXXXXXXXXXXXXXXXXXXXXXXXXXXXXXXXXXXXXXXXXXXXXXXXXXX',3,'st7@mri.ac.tz','+255791260007','student_2.jpg','7c222fb2927d828af22f592134e8932480637c0d',0,'0000:00:00:00:00:00','2016:08:21:10:11:43',1,'ke781',12,'e126',NULL,NULL,2,'2016:08:21:10:08:53',NULL,'c7bcacd6ac7a6d41e4ff395343622bb8',NULL,'g3DR',NULL,63),(10,'tz.student8','student8','midname8','lastname8','Test Student 8',1,'1983:5:6:00:00:00',1,2,2,20,'XXXXXXXXXXXXXXXXXXXXXXXXXXXXXXXXXXXXXXXXXXXXXXXXXXXXXXXXXXXXXXXXXXXXXXXXXXXXXXXXXXXXXXXXXXXXXXXXXXXXXXXXXXXXXXXXXXXXXXXXXXXXXXXXXXXXXXXXXXXXXXXXXXXXXXXXXXXXXXXXXXXXXXXXXXXXXXXXXXXXXXXXXXXXXXXXXXXXXXXXXXXXXXXXXXXXXXXXXXXXXXXXXXXXXXXXXXXXXXXXXXXXXXXXXXXXXXXXXXXXXXXXXXXXXXXXXXXXXXXXXXXXXXXXXXXXXXXXXXXXXXXXXXXXXXXXXXXXXXXXXXXXXXXXXXXXXXXXXXXXXXXXXXXXXXXXXXXXXXXXXXXXXXXXXXXXXXXXXXXXXXXXXXXXXXXXXXXXXXXXXXXXXXXXXXXXXXXXXXXXXXXXXXXXXXXXXXXXXXXXXXXXXXXXXXXXXXXXXXXXXXXXXXXXXXXXXXXXXXXXXXXXXXXXXXXXXXXXXXXXXXXXXXXXXXXX',3,'st8@mri.ac.tz','+255791260008','student_2.jpg','7c222fb2927d828af22f592134e8932480637c0d',0,'0000:00:00:00:00:00','2016:08:21:12:38:12',1,'ke781',12,'e126',NULL,NULL,2,'2016:08:21:12:35:33',NULL,'c7bcacd6ac7a6d41e4ff395343622bb8',NULL,'g3DR',NULL,63),(11,'tz.student9','student9','midname9','lastname9','Test Student 9',1,'1983:5:6:00:00:00',2,2,2,2,'XXXXXXXXXXXXXXXXXXXXXXXXXXXXXXXXXXXXXXXXXXXXXXXXXXXXXXXXXXXXXXXXXXXXXXXXXXXXXXXXXXXXXXXXXXXXXXXXXXXXXXXXXXXXXXXXXXXXXXXXXXXXXXXXXXXXXXXXXXXXXXXXXXXXXXXXXXXXXXXXXXXXXXXXXXXXXXXXXXXXXXXXXXXXXXXXXXXXXXXXXXXXXXXXXXXXXXXXXXXXXXXXXXXXXXXXXXXXXXXXXXXXXXXXXXXXXXXXXXXXXXXXXXXXXXXXXXXXXXXXXXXXXXXXXXXXXXXXXXXXXXXXXXXXXXXXXXXXXXXXXXXXXXXXXXXXXXXXXXXXXXXXXXXXXXXXXXXXXXXXXXXXXXXXXXXXXXXXXXXXXXXXXXXXXXXXXXXXXXXXXXXXXXXXXXXXXXXXXXXXXXXXXXXXXXXXXXXXXXXXXXXXXXXXXXXXXXXXXXXXXXXXXXXXXXXXXXXXXXXXXXXXXXXXXXXXXXXXXXXXXXXXXXXXXXXX',3,'st9@mri.ac.tz','+255791260009','student_2.jpg','7c222fb2927d828af22f592134e8932480637c0d',0,'0000:00:00:00:00:00','0000:00:00:00:00:00',1,'ke781',12,'e126',NULL,NULL,1,'2016:07:19:10:44:40',NULL,'c7bcacd6ac7a6d41e4ff395343622bb8',NULL,'g3DR',NULL,47),(12,'tz.student10','student10','midname10','lastname10','Test Student 10',1,'1983:5:6:00:00:00',1,2,2,20,'XXXXXXXXXXXXXXXXXXXXXXXXXXXXXXXXXXXXXXXXXXXXXXXXXXXXXXXXXXXXXXXXXXXXXXXXXXXXXXXXXXXXXXXXXXXXXXXXXXXXXXXXXXXXXXXXXXXXXXXXXXXXXXXXXXXXXXXXXXXXXXXXXXXXXXXXXXXXXXXXXXXXXXXXXXXXXXXXXXXXXXXXXXXXXXXXXXXXXXXXXXXXXXXXXXXXXXXXXXXXXXXXXXXXXXXXXXXXXXXXXXXXXXXXXXXXXXXXXXXXXXXXXXXXXXXXXXXXXXXXXXXXXXXXXXXXXXXXXXXXXXXXXXXXXXXXXXXXXXXXXXXXXXXXXXXXXXXXXXXXXXXXXXXXXXXXXXXXXXXXXXXXXXXXXXXXXXXXXXXXXXXXXXXXXXXXXXXXXXXXXXXXXXXXXXXXXXXXXXXXXXXXXXXXXXXXXXXXXXXXXXXXXXXXXXXXXXXXXXXXXXXXXXXXXXXXXXXXXXXXXXXXXXXXXXXXXXXXXXXXXXXXXXXXXXXX',3,'st10@mri.ac.tz','+255791260010','student_2.jpg','7c222fb2927d828af22f592134e8932480637c0d',0,'0000:00:00:00:00:00','2016:08:09:12:48:50',1,'ke781',12,'e126',NULL,NULL,1,'2016:07:19:10:44:40',NULL,'c7bcacd6ac7a6d41e4ff395343622bb8',NULL,'g3DR',NULL,63),(13,'tz.student11','student11','midname11','lastname11','Test Student 11',1,'1983:5:6:00:00:00',2,2,2,2,'XXXXXXXXXXXXXXXXXXXXXXXXXXXXXXXXXXXXXXXXXXXXXXXXXXXXXXXXXXXXXXXXXXXXXXXXXXXXXXXXXXXXXXXXXXXXXXXXXXXXXXXXXXXXXXXXXXXXXXXXXXXXXXXXXXXXXXXXXXXXXXXXXXXXXXXXXXXXXXXXXXXXXXXXXXXXXXXXXXXXXXXXXXXXXXXXXXXXXXXXXXXXXXXXXXXXXXXXXXXXXXXXXXXXXXXXXXXXXXXXXXXXXXXXXXXXXXXXXXXXXXXXXXXXXXXXXXXXXXXXXXXXXXXXXXXXXXXXXXXXXXXXXXXXXXXXXXXXXXXXXXXXXXXXXXXXXXXXXXXXXXXXXXXXXXXXXXXXXXXXXXXXXXXXXXXXXXXXXXXXXXXXXXXXXXXXXXXXXXXXXXXXXXXXXXXXXXXXXXXXXXXXXXXXXXXXXXXXXXXXXXXXXXXXXXXXXXXXXXXXXXXXXXXXXXXXXXXXXXXXXXXXXXXXXXXXXXXXXXXXXXXXXXXXXXXX',3,'st11@mri.ac.tz','+255791260011','student_2.jpg','7c222fb2927d828af22f592134e8932480637c0d',0,'0000:00:00:00:00:00','0000:00:00:00:00:00',1,'ke781',12,'e126',NULL,NULL,1,'2016:07:19:10:44:40',NULL,'c7bcacd6ac7a6d41e4ff395343622bb8',NULL,'g3DR',NULL,47),(14,'tz.student12','student12','midname12','lastname12','Test Student 12',1,'1983:5:6:00:00:00',1,2,2,2,'XXXXXXXXXXXXXXXXXXXXXXXXXXXXXXXXXXXXXXXXXXXXXXXXXXXXXXXXXXXXXXXXXXXXXXXXXXXXXXXXXXXXXXXXXXXXXXXXXXXXXXXXXXXXXXXXXXXXXXXXXXXXXXXXXXXXXXXXXXXXXXXXXXXXXXXXXXXXXXXXXXXXXXXXXXXXXXXXXXXXXXXXXXXXXXXXXXXXXXXXXXXXXXXXXXXXXXXXXXXXXXXXXXXXXXXXXXXXXXXXXXXXXXXXXXXXXXXXXXXXXXXXXXXXXXXXXXXXXXXXXXXXXXXXXXXXXXXXXXXXXXXXXXXXXXXXXXXXXXXXXXXXXXXXXXXXXXXXXXXXXXXXXXXXXXXXXXXXXXXXXXXXXXXXXXXXXXXXXXXXXXXXXXXXXXXXXXXXXXXXXXXXXXXXXXXXXXXXXXXXXXXXXXXXXXXXXXXXXXXXXXXXXXXXXXXXXXXXXXXXXXXXXXXXXXXXXXXXXXXXXXXXXXXXXXXXXXXXXXXXXXXXXXXXXXXX',3,'st12@mri.ac.tz','+255791260012','student_2.jpg','7c222fb2927d828af22f592134e8932480637c0d',0,'0000:00:00:00:00:00','0000:00:00:00:00:00',1,'ke781',12,'e126',NULL,NULL,1,'2016:07:19:10:44:40',NULL,'c7bcacd6ac7a6d41e4ff395343622bb8',NULL,'g3DR',NULL,47),(15,'tz.student13','student13','midname13','lastname13','Test Student 13',1,'1983:5:6:00:00:00',2,2,2,2,'XXXXXXXXXXXXXXXXXXXXXXXXXXXXXXXXXXXXXXXXXXXXXXXXXXXXXXXXXXXXXXXXXXXXXXXXXXXXXXXXXXXXXXXXXXXXXXXXXXXXXXXXXXXXXXXXXXXXXXXXXXXXXXXXXXXXXXXXXXXXXXXXXXXXXXXXXXXXXXXXXXXXXXXXXXXXXXXXXXXXXXXXXXXXXXXXXXXXXXXXXXXXXXXXXXXXXXXXXXXXXXXXXXXXXXXXXXXXXXXXXXXXXXXXXXXXXXXXXXXXXXXXXXXXXXXXXXXXXXXXXXXXXXXXXXXXXXXXXXXXXXXXXXXXXXXXXXXXXXXXXXXXXXXXXXXXXXXXXXXXXXXXXXXXXXXXXXXXXXXXXXXXXXXXXXXXXXXXXXXXXXXXXXXXXXXXXXXXXXXXXXXXXXXXXXXXXXXXXXXXXXXXXXXXXXXXXXXXXXXXXXXXXXXXXXXXXXXXXXXXXXXXXXXXXXXXXXXXXXXXXXXXXXXXXXXXXXXXXXXXXXXXXXXXXXXX',3,'st13@mri.ac.tz','+255791260013','student_2.jpg','7c222fb2927d828af22f592134e8932480637c0d',0,'0000:00:00:00:00:00','0000:00:00:00:00:00',1,'ke781',12,'e126',NULL,NULL,1,'2016:07:19:10:44:40',NULL,'c7bcacd6ac7a6d41e4ff395343622bb8',NULL,'g3DR',NULL,47),(16,'tz.student14','student14','midname14','lastname14','Test Student 14',1,'1983:5:6:00:00:00',1,2,2,2,'XXXXXXXXXXXXXXXXXXXXXXXXXXXXXXXXXXXXXXXXXXXXXXXXXXXXXXXXXXXXXXXXXXXXXXXXXXXXXXXXXXXXXXXXXXXXXXXXXXXXXXXXXXXXXXXXXXXXXXXXXXXXXXXXXXXXXXXXXXXXXXXXXXXXXXXXXXXXXXXXXXXXXXXXXXXXXXXXXXXXXXXXXXXXXXXXXXXXXXXXXXXXXXXXXXXXXXXXXXXXXXXXXXXXXXXXXXXXXXXXXXXXXXXXXXXXXXXXXXXXXXXXXXXXXXXXXXXXXXXXXXXXXXXXXXXXXXXXXXXXXXXXXXXXXXXXXXXXXXXXXXXXXXXXXXXXXXXXXXXXXXXXXXXXXXXXXXXXXXXXXXXXXXXXXXXXXXXXXXXXXXXXXXXXXXXXXXXXXXXXXXXXXXXXXXXXXXXXXXXXXXXXXXXXXXXXXXXXXXXXXXXXXXXXXXXXXXXXXXXXXXXXXXXXXXXXXXXXXXXXXXXXXXXXXXXXXXXXXXXXXXXXXXXXXXXX',3,'st14@mri.ac.tz','+255791260014','student_2.jpg','7c222fb2927d828af22f592134e8932480637c0d',0,'0000:00:00:00:00:00','0000:00:00:00:00:00',1,'ke781',12,'e126',NULL,NULL,1,'2016:07:19:10:44:40',NULL,'c7bcacd6ac7a6d41e4ff395343622bb8',NULL,'g3DR',NULL,47),(17,'tz.student15','student15','midname15','lastname15','Test Student 15',1,'1983:5:6:00:00:00',2,2,2,2,'XXXXXXXXXXXXXXXXXXXXXXXXXXXXXXXXXXXXXXXXXXXXXXXXXXXXXXXXXXXXXXXXXXXXXXXXXXXXXXXXXXXXXXXXXXXXXXXXXXXXXXXXXXXXXXXXXXXXXXXXXXXXXXXXXXXXXXXXXXXXXXXXXXXXXXXXXXXXXXXXXXXXXXXXXXXXXXXXXXXXXXXXXXXXXXXXXXXXXXXXXXXXXXXXXXXXXXXXXXXXXXXXXXXXXXXXXXXXXXXXXXXXXXXXXXXXXXXXXXXXXXXXXXXXXXXXXXXXXXXXXXXXXXXXXXXXXXXXXXXXXXXXXXXXXXXXXXXXXXXXXXXXXXXXXXXXXXXXXXXXXXXXXXXXXXXXXXXXXXXXXXXXXXXXXXXXXXXXXXXXXXXXXXXXXXXXXXXXXXXXXXXXXXXXXXXXXXXXXXXXXXXXXXXXXXXXXXXXXXXXXXXXXXXXXXXXXXXXXXXXXXXXXXXXXXXXXXXXXXXXXXXXXXXXXXXXXXXXXXXXXXXXXXXXXXXX',3,'st15@mri.ac.tz','+255791260015','student_2.jpg','7c222fb2927d828af22f592134e8932480637c0d',0,'0000:00:00:00:00:00','0000:00:00:00:00:00',1,'ke781',12,'e126',NULL,NULL,1,'2016:07:19:10:44:40',NULL,'c7bcacd6ac7a6d41e4ff395343622bb8',NULL,'g3DR',NULL,47),(18,'tz.student16','student16','midname16','lastname16','Test Student 16',1,'1983:5:6:00:00:00',1,2,2,2,'XXXXXXXXXXXXXXXXXXXXXXXXXXXXXXXXXXXXXXXXXXXXXXXXXXXXXXXXXXXXXXXXXXXXXXXXXXXXXXXXXXXXXXXXXXXXXXXXXXXXXXXXXXXXXXXXXXXXXXXXXXXXXXXXXXXXXXXXXXXXXXXXXXXXXXXXXXXXXXXXXXXXXXXXXXXXXXXXXXXXXXXXXXXXXXXXXXXXXXXXXXXXXXXXXXXXXXXXXXXXXXXXXXXXXXXXXXXXXXXXXXXXXXXXXXXXXXXXXXXXXXXXXXXXXXXXXXXXXXXXXXXXXXXXXXXXXXXXXXXXXXXXXXXXXXXXXXXXXXXXXXXXXXXXXXXXXXXXXXXXXXXXXXXXXXXXXXXXXXXXXXXXXXXXXXXXXXXXXXXXXXXXXXXXXXXXXXXXXXXXXXXXXXXXXXXXXXXXXXXXXXXXXXXXXXXXXXXXXXXXXXXXXXXXXXXXXXXXXXXXXXXXXXXXXXXXXXXXXXXXXXXXXXXXXXXXXXXXXXXXXXXXXXXXXXXX',3,'st16@mri.ac.tz','+255791260016','student_2.jpg','7c222fb2927d828af22f592134e8932480637c0d',0,'0000:00:00:00:00:00','0000:00:00:00:00:00',1,'ke781',12,'e126',NULL,NULL,1,'2016:07:19:10:44:40',NULL,'c7bcacd6ac7a6d41e4ff395343622bb8',NULL,'g3DR',NULL,47),(19,'tz.student17','student17','midname17','lastname17','Test Student 17',1,'1983:5:6:00:00:00',2,2,2,2,'XXXXXXXXXXXXXXXXXXXXXXXXXXXXXXXXXXXXXXXXXXXXXXXXXXXXXXXXXXXXXXXXXXXXXXXXXXXXXXXXXXXXXXXXXXXXXXXXXXXXXXXXXXXXXXXXXXXXXXXXXXXXXXXXXXXXXXXXXXXXXXXXXXXXXXXXXXXXXXXXXXXXXXXXXXXXXXXXXXXXXXXXXXXXXXXXXXXXXXXXXXXXXXXXXXXXXXXXXXXXXXXXXXXXXXXXXXXXXXXXXXXXXXXXXXXXXXXXXXXXXXXXXXXXXXXXXXXXXXXXXXXXXXXXXXXXXXXXXXXXXXXXXXXXXXXXXXXXXXXXXXXXXXXXXXXXXXXXXXXXXXXXXXXXXXXXXXXXXXXXXXXXXXXXXXXXXXXXXXXXXXXXXXXXXXXXXXXXXXXXXXXXXXXXXXXXXXXXXXXXXXXXXXXXXXXXXXXXXXXXXXXXXXXXXXXXXXXXXXXXXXXXXXXXXXXXXXXXXXXXXXXXXXXXXXXXXXXXXXXXXXXXXXXXXXXX',3,'st17@mri.ac.tz','+255791260017','student_2.jpg','7c222fb2927d828af22f592134e8932480637c0d',0,'0000:00:00:00:00:00','0000:00:00:00:00:00',1,'ke781',12,'e126',NULL,NULL,1,'2016:07:19:10:44:40',NULL,'c7bcacd6ac7a6d41e4ff395343622bb8',NULL,'g3DR',NULL,47),(20,'tz.student18','student18','midname18','lastname18','Test Student 18',1,'1983:5:6:00:00:00',1,2,2,2,'XXXXXXXXXXXXXXXXXXXXXXXXXXXXXXXXXXXXXXXXXXXXXXXXXXXXXXXXXXXXXXXXXXXXXXXXXXXXXXXXXXXXXXXXXXXXXXXXXXXXXXXXXXXXXXXXXXXXXXXXXXXXXXXXXXXXXXXXXXXXXXXXXXXXXXXXXXXXXXXXXXXXXXXXXXXXXXXXXXXXXXXXXXXXXXXXXXXXXXXXXXXXXXXXXXXXXXXXXXXXXXXXXXXXXXXXXXXXXXXXXXXXXXXXXXXXXXXXXXXXXXXXXXXXXXXXXXXXXXXXXXXXXXXXXXXXXXXXXXXXXXXXXXXXXXXXXXXXXXXXXXXXXXXXXXXXXXXXXXXXXXXXXXXXXXXXXXXXXXXXXXXXXXXXXXXXXXXXXXXXXXXXXXXXXXXXXXXXXXXXXXXXXXXXXXXXXXXXXXXXXXXXXXXXXXXXXXXXXXXXXXXXXXXXXXXXXXXXXXXXXXXXXXXXXXXXXXXXXXXXXXXXXXXXXXXXXXXXXXXXXXXXXXXXXXXX',3,'st18@mri.ac.tz','+255791260018','student_2.jpg','7c222fb2927d828af22f592134e8932480637c0d',0,'0000:00:00:00:00:00','0000:00:00:00:00:00',1,'ke781',12,'e126',NULL,NULL,1,'2016:07:19:10:44:40',NULL,'c7bcacd6ac7a6d41e4ff395343622bb8',NULL,'g3DR',NULL,47),(21,'tz.student19','student19','midname19','lastname19','Test Student 19',1,'1983:5:6:00:00:00',2,2,2,2,'XXXXXXXXXXXXXXXXXXXXXXXXXXXXXXXXXXXXXXXXXXXXXXXXXXXXXXXXXXXXXXXXXXXXXXXXXXXXXXXXXXXXXXXXXXXXXXXXXXXXXXXXXXXXXXXXXXXXXXXXXXXXXXXXXXXXXXXXXXXXXXXXXXXXXXXXXXXXXXXXXXXXXXXXXXXXXXXXXXXXXXXXXXXXXXXXXXXXXXXXXXXXXXXXXXXXXXXXXXXXXXXXXXXXXXXXXXXXXXXXXXXXXXXXXXXXXXXXXXXXXXXXXXXXXXXXXXXXXXXXXXXXXXXXXXXXXXXXXXXXXXXXXXXXXXXXXXXXXXXXXXXXXXXXXXXXXXXXXXXXXXXXXXXXXXXXXXXXXXXXXXXXXXXXXXXXXXXXXXXXXXXXXXXXXXXXXXXXXXXXXXXXXXXXXXXXXXXXXXXXXXXXXXXXXXXXXXXXXXXXXXXXXXXXXXXXXXXXXXXXXXXXXXXXXXXXXXXXXXXXXXXXXXXXXXXXXXXXXXXXXXXXXXXXXXXX',3,'st19@mri.ac.tz','+255791260019','student_2.jpg','7c222fb2927d828af22f592134e8932480637c0d',0,'0000:00:00:00:00:00','0000:00:00:00:00:00',1,'ke781',12,'e126',NULL,NULL,1,'2016:07:19:10:44:40',NULL,'c7bcacd6ac7a6d41e4ff395343622bb8',NULL,'g3DR',NULL,47),(22,'tz.student20','student20','midname20','lastname20','Test Student 20',1,'1983:5:6:00:00:00',1,2,2,2,'XXXXXXXXXXXXXXXXXXXXXXXXXXXXXXXXXXXXXXXXXXXXXXXXXXXXXXXXXXXXXXXXXXXXXXXXXXXXXXXXXXXXXXXXXXXXXXXXXXXXXXXXXXXXXXXXXXXXXXXXXXXXXXXXXXXXXXXXXXXXXXXXXXXXXXXXXXXXXXXXXXXXXXXXXXXXXXXXXXXXXXXXXXXXXXXXXXXXXXXXXXXXXXXXXXXXXXXXXXXXXXXXXXXXXXXXXXXXXXXXXXXXXXXXXXXXXXXXXXXXXXXXXXXXXXXXXXXXXXXXXXXXXXXXXXXXXXXXXXXXXXXXXXXXXXXXXXXXXXXXXXXXXXXXXXXXXXXXXXXXXXXXXXXXXXXXXXXXXXXXXXXXXXXXXXXXXXXXXXXXXXXXXXXXXXXXXXXXXXXXXXXXXXXXXXXXXXXXXXXXXXXXXXXXXXXXXXXXXXXXXXXXXXXXXXXXXXXXXXXXXXXXXXXXXXXXXXXXXXXXXXXXXXXXXXXXXXXXXXXXXXXXXXXXXXXX',3,'st20@mri.ac.tz','+255791260020','student_2.jpg','7c222fb2927d828af22f592134e8932480637c0d',0,'0000:00:00:00:00:00','0000:00:00:00:00:00',1,'ke781',12,'e126',NULL,NULL,1,'2016:07:19:10:44:40',NULL,'c7bcacd6ac7a6d41e4ff395343622bb8',NULL,'g3DR',NULL,47),(23,'tz.student21','student21','midname21','lastname21','Test Student 21',1,'1983:5:6:00:00:00',2,2,2,2,'XXXXXXXXXXXXXXXXXXXXXXXXXXXXXXXXXXXXXXXXXXXXXXXXXXXXXXXXXXXXXXXXXXXXXXXXXXXXXXXXXXXXXXXXXXXXXXXXXXXXXXXXXXXXXXXXXXXXXXXXXXXXXXXXXXXXXXXXXXXXXXXXXXXXXXXXXXXXXXXXXXXXXXXXXXXXXXXXXXXXXXXXXXXXXXXXXXXXXXXXXXXXXXXXXXXXXXXXXXXXXXXXXXXXXXXXXXXXXXXXXXXXXXXXXXXXXXXXXXXXXXXXXXXXXXXXXXXXXXXXXXXXXXXXXXXXXXXXXXXXXXXXXXXXXXXXXXXXXXXXXXXXXXXXXXXXXXXXXXXXXXXXXXXXXXXXXXXXXXXXXXXXXXXXXXXXXXXXXXXXXXXXXXXXXXXXXXXXXXXXXXXXXXXXXXXXXXXXXXXXXXXXXXXXXXXXXXXXXXXXXXXXXXXXXXXXXXXXXXXXXXXXXXXXXXXXXXXXXXXXXXXXXXXXXXXXXXXXXXXXXXXXXXXXXXXX',3,'st21@mri.ac.tz','+255791260021','student_2.jpg','7c222fb2927d828af22f592134e8932480637c0d',0,'0000:00:00:00:00:00','0000:00:00:00:00:00',1,'ke781',12,'e126',NULL,NULL,1,'2016:07:19:10:44:40',NULL,'c7bcacd6ac7a6d41e4ff395343622bb8',NULL,'g3DR',NULL,47),(24,'tz.student22','student22','midname22','lastname22','Test Student 22',1,'1983:5:6:00:00:00',1,2,2,2,'XXXXXXXXXXXXXXXXXXXXXXXXXXXXXXXXXXXXXXXXXXXXXXXXXXXXXXXXXXXXXXXXXXXXXXXXXXXXXXXXXXXXXXXXXXXXXXXXXXXXXXXXXXXXXXXXXXXXXXXXXXXXXXXXXXXXXXXXXXXXXXXXXXXXXXXXXXXXXXXXXXXXXXXXXXXXXXXXXXXXXXXXXXXXXXXXXXXXXXXXXXXXXXXXXXXXXXXXXXXXXXXXXXXXXXXXXXXXXXXXXXXXXXXXXXXXXXXXXXXXXXXXXXXXXXXXXXXXXXXXXXXXXXXXXXXXXXXXXXXXXXXXXXXXXXXXXXXXXXXXXXXXXXXXXXXXXXXXXXXXXXXXXXXXXXXXXXXXXXXXXXXXXXXXXXXXXXXXXXXXXXXXXXXXXXXXXXXXXXXXXXXXXXXXXXXXXXXXXXXXXXXXXXXXXXXXXXXXXXXXXXXXXXXXXXXXXXXXXXXXXXXXXXXXXXXXXXXXXXXXXXXXXXXXXXXXXXXXXXXXXXXXXXXXXXXX',3,'st22@mri.ac.tz','+255791260022','student_2.jpg','7c222fb2927d828af22f592134e8932480637c0d',0,'0000:00:00:00:00:00','0000:00:00:00:00:00',1,'ke781',12,'e126',NULL,NULL,1,'2016:07:19:10:44:40',NULL,'c7bcacd6ac7a6d41e4ff395343622bb8',NULL,'g3DR',NULL,47),(25,'tz.student23','student23','midname23','lastname23','Test Student 23',1,'1983:5:6:00:00:00',2,2,2,2,'XXXXXXXXXXXXXXXXXXXXXXXXXXXXXXXXXXXXXXXXXXXXXXXXXXXXXXXXXXXXXXXXXXXXXXXXXXXXXXXXXXXXXXXXXXXXXXXXXXXXXXXXXXXXXXXXXXXXXXXXXXXXXXXXXXXXXXXXXXXXXXXXXXXXXXXXXXXXXXXXXXXXXXXXXXXXXXXXXXXXXXXXXXXXXXXXXXXXXXXXXXXXXXXXXXXXXXXXXXXXXXXXXXXXXXXXXXXXXXXXXXXXXXXXXXXXXXXXXXXXXXXXXXXXXXXXXXXXXXXXXXXXXXXXXXXXXXXXXXXXXXXXXXXXXXXXXXXXXXXXXXXXXXXXXXXXXXXXXXXXXXXXXXXXXXXXXXXXXXXXXXXXXXXXXXXXXXXXXXXXXXXXXXXXXXXXXXXXXXXXXXXXXXXXXXXXXXXXXXXXXXXXXXXXXXXXXXXXXXXXXXXXXXXXXXXXXXXXXXXXXXXXXXXXXXXXXXXXXXXXXXXXXXXXXXXXXXXXXXXXXXXXXXXXXXXX',3,'st23@mri.ac.tz','+255791260023','student_2.jpg','7c222fb2927d828af22f592134e8932480637c0d',0,'0000:00:00:00:00:00','0000:00:00:00:00:00',1,'ke781',12,'e126',NULL,NULL,1,'2016:07:19:10:44:40',NULL,'c7bcacd6ac7a6d41e4ff395343622bb8',NULL,'g3DR',NULL,47),(26,'tz.student24','student24','midname24','lastname24','Test Student 24',1,'1983:5:6:00:00:00',1,2,2,2,'XXXXXXXXXXXXXXXXXXXXXXXXXXXXXXXXXXXXXXXXXXXXXXXXXXXXXXXXXXXXXXXXXXXXXXXXXXXXXXXXXXXXXXXXXXXXXXXXXXXXXXXXXXXXXXXXXXXXXXXXXXXXXXXXXXXXXXXXXXXXXXXXXXXXXXXXXXXXXXXXXXXXXXXXXXXXXXXXXXXXXXXXXXXXXXXXXXXXXXXXXXXXXXXXXXXXXXXXXXXXXXXXXXXXXXXXXXXXXXXXXXXXXXXXXXXXXXXXXXXXXXXXXXXXXXXXXXXXXXXXXXXXXXXXXXXXXXXXXXXXXXXXXXXXXXXXXXXXXXXXXXXXXXXXXXXXXXXXXXXXXXXXXXXXXXXXXXXXXXXXXXXXXXXXXXXXXXXXXXXXXXXXXXXXXXXXXXXXXXXXXXXXXXXXXXXXXXXXXXXXXXXXXXXXXXXXXXXXXXXXXXXXXXXXXXXXXXXXXXXXXXXXXXXXXXXXXXXXXXXXXXXXXXXXXXXXXXXXXXXXXXXXXXXXXXXX',3,'st24@mri.ac.tz','+255791260024','student_2.jpg','7c222fb2927d828af22f592134e8932480637c0d',0,'0000:00:00:00:00:00','0000:00:00:00:00:00',1,'ke781',12,'e126',NULL,NULL,1,'2016:07:19:10:44:40',NULL,'c7bcacd6ac7a6d41e4ff395343622bb8',NULL,'g3DR',NULL,47),(27,'tz.student25','student25','midname25','lastname25','Test Student 25',1,'1983:5:6:00:00:00',2,2,2,2,'XXXXXXXXXXXXXXXXXXXXXXXXXXXXXXXXXXXXXXXXXXXXXXXXXXXXXXXXXXXXXXXXXXXXXXXXXXXXXXXXXXXXXXXXXXXXXXXXXXXXXXXXXXXXXXXXXXXXXXXXXXXXXXXXXXXXXXXXXXXXXXXXXXXXXXXXXXXXXXXXXXXXXXXXXXXXXXXXXXXXXXXXXXXXXXXXXXXXXXXXXXXXXXXXXXXXXXXXXXXXXXXXXXXXXXXXXXXXXXXXXXXXXXXXXXXXXXXXXXXXXXXXXXXXXXXXXXXXXXXXXXXXXXXXXXXXXXXXXXXXXXXXXXXXXXXXXXXXXXXXXXXXXXXXXXXXXXXXXXXXXXXXXXXXXXXXXXXXXXXXXXXXXXXXXXXXXXXXXXXXXXXXXXXXXXXXXXXXXXXXXXXXXXXXXXXXXXXXXXXXXXXXXXXXXXXXXXXXXXXXXXXXXXXXXXXXXXXXXXXXXXXXXXXXXXXXXXXXXXXXXXXXXXXXXXXXXXXXXXXXXXXXXXXXXXXX',3,'st25@mri.ac.tz','+255791260025','student_2.jpg','7c222fb2927d828af22f592134e8932480637c0d',0,'0000:00:00:00:00:00','0000:00:00:00:00:00',1,'ke781',12,'e126',NULL,NULL,1,'2016:07:19:10:44:40',NULL,'c7bcacd6ac7a6d41e4ff395343622bb8',NULL,'g3DR',NULL,47),(28,'tz.student26','student26','midname26','lastname26','Test Student 26',1,'1983:5:6:00:00:00',1,2,2,2,'XXXXXXXXXXXXXXXXXXXXXXXXXXXXXXXXXXXXXXXXXXXXXXXXXXXXXXXXXXXXXXXXXXXXXXXXXXXXXXXXXXXXXXXXXXXXXXXXXXXXXXXXXXXXXXXXXXXXXXXXXXXXXXXXXXXXXXXXXXXXXXXXXXXXXXXXXXXXXXXXXXXXXXXXXXXXXXXXXXXXXXXXXXXXXXXXXXXXXXXXXXXXXXXXXXXXXXXXXXXXXXXXXXXXXXXXXXXXXXXXXXXXXXXXXXXXXXXXXXXXXXXXXXXXXXXXXXXXXXXXXXXXXXXXXXXXXXXXXXXXXXXXXXXXXXXXXXXXXXXXXXXXXXXXXXXXXXXXXXXXXXXXXXXXXXXXXXXXXXXXXXXXXXXXXXXXXXXXXXXXXXXXXXXXXXXXXXXXXXXXXXXXXXXXXXXXXXXXXXXXXXXXXXXXXXXXXXXXXXXXXXXXXXXXXXXXXXXXXXXXXXXXXXXXXXXXXXXXXXXXXXXXXXXXXXXXXXXXXXXXXXXXXXXXXXXX',3,'st26@mri.ac.tz','+255791260026','student_2.jpg','7c222fb2927d828af22f592134e8932480637c0d',0,'0000:00:00:00:00:00','0000:00:00:00:00:00',1,'ke781',12,'e126',NULL,NULL,1,'2016:07:19:10:44:40',NULL,'c7bcacd6ac7a6d41e4ff395343622bb8',NULL,'g3DR',NULL,47),(29,'tz.student27','student27','midname27','lastname27','Test Student 27',1,'1983:5:6:00:00:00',2,2,2,2,'XXXXXXXXXXXXXXXXXXXXXXXXXXXXXXXXXXXXXXXXXXXXXXXXXXXXXXXXXXXXXXXXXXXXXXXXXXXXXXXXXXXXXXXXXXXXXXXXXXXXXXXXXXXXXXXXXXXXXXXXXXXXXXXXXXXXXXXXXXXXXXXXXXXXXXXXXXXXXXXXXXXXXXXXXXXXXXXXXXXXXXXXXXXXXXXXXXXXXXXXXXXXXXXXXXXXXXXXXXXXXXXXXXXXXXXXXXXXXXXXXXXXXXXXXXXXXXXXXXXXXXXXXXXXXXXXXXXXXXXXXXXXXXXXXXXXXXXXXXXXXXXXXXXXXXXXXXXXXXXXXXXXXXXXXXXXXXXXXXXXXXXXXXXXXXXXXXXXXXXXXXXXXXXXXXXXXXXXXXXXXXXXXXXXXXXXXXXXXXXXXXXXXXXXXXXXXXXXXXXXXXXXXXXXXXXXXXXXXXXXXXXXXXXXXXXXXXXXXXXXXXXXXXXXXXXXXXXXXXXXXXXXXXXXXXXXXXXXXXXXXXXXXXXXXXXX',3,'st27@mri.ac.tz','+255791260027','student_2.jpg','7c222fb2927d828af22f592134e8932480637c0d',0,'0000:00:00:00:00:00','0000:00:00:00:00:00',1,'ke781',12,'e126',NULL,NULL,1,'2016:07:19:10:44:40',NULL,'c7bcacd6ac7a6d41e4ff395343622bb8',NULL,'g3DR',NULL,47),(30,'tz.student28','student28','midname28','lastname28','Test Student 28',1,'1983:5:6:00:00:00',1,2,2,2,'XXXXXXXXXXXXXXXXXXXXXXXXXXXXXXXXXXXXXXXXXXXXXXXXXXXXXXXXXXXXXXXXXXXXXXXXXXXXXXXXXXXXXXXXXXXXXXXXXXXXXXXXXXXXXXXXXXXXXXXXXXXXXXXXXXXXXXXXXXXXXXXXXXXXXXXXXXXXXXXXXXXXXXXXXXXXXXXXXXXXXXXXXXXXXXXXXXXXXXXXXXXXXXXXXXXXXXXXXXXXXXXXXXXXXXXXXXXXXXXXXXXXXXXXXXXXXXXXXXXXXXXXXXXXXXXXXXXXXXXXXXXXXXXXXXXXXXXXXXXXXXXXXXXXXXXXXXXXXXXXXXXXXXXXXXXXXXXXXXXXXXXXXXXXXXXXXXXXXXXXXXXXXXXXXXXXXXXXXXXXXXXXXXXXXXXXXXXXXXXXXXXXXXXXXXXXXXXXXXXXXXXXXXXXXXXXXXXXXXXXXXXXXXXXXXXXXXXXXXXXXXXXXXXXXXXXXXXXXXXXXXXXXXXXXXXXXXXXXXXXXXXXXXXXXXXX',3,'st28@mri.ac.tz','+255791260028','student_2.jpg','7c222fb2927d828af22f592134e8932480637c0d',0,'0000:00:00:00:00:00','0000:00:00:00:00:00',1,'ke781',12,'e126',NULL,NULL,1,'2016:07:19:10:44:40',NULL,'c7bcacd6ac7a6d41e4ff395343622bb8',NULL,'g3DR',NULL,47),(31,'tz.student29','student29','midname29','lastname29','Test Student 29',1,'1983:5:6:00:00:00',2,2,2,2,'XXXXXXXXXXXXXXXXXXXXXXXXXXXXXXXXXXXXXXXXXXXXXXXXXXXXXXXXXXXXXXXXXXXXXXXXXXXXXXXXXXXXXXXXXXXXXXXXXXXXXXXXXXXXXXXXXXXXXXXXXXXXXXXXXXXXXXXXXXXXXXXXXXXXXXXXXXXXXXXXXXXXXXXXXXXXXXXXXXXXXXXXXXXXXXXXXXXXXXXXXXXXXXXXXXXXXXXXXXXXXXXXXXXXXXXXXXXXXXXXXXXXXXXXXXXXXXXXXXXXXXXXXXXXXXXXXXXXXXXXXXXXXXXXXXXXXXXXXXXXXXXXXXXXXXXXXXXXXXXXXXXXXXXXXXXXXXXXXXXXXXXXXXXXXXXXXXXXXXXXXXXXXXXXXXXXXXXXXXXXXXXXXXXXXXXXXXXXXXXXXXXXXXXXXXXXXXXXXXXXXXXXXXXXXXXXXXXXXXXXXXXXXXXXXXXXXXXXXXXXXXXXXXXXXXXXXXXXXXXXXXXXXXXXXXXXXXXXXXXXXXXXXXXXXXXX',3,'st29@mri.ac.tz','+255791260029','student_2.jpg','7c222fb2927d828af22f592134e8932480637c0d',0,'0000:00:00:00:00:00','0000:00:00:00:00:00',1,'ke781',12,'e126',NULL,NULL,1,'2016:07:19:10:44:40',NULL,'c7bcacd6ac7a6d41e4ff395343622bb8',NULL,'g3DR',NULL,47),(32,'tz.student30','student30','midname30','lastname30','Test Student 30',1,'1983:5:6:00:00:00',1,2,2,2,'XXXXXXXXXXXXXXXXXXXXXXXXXXXXXXXXXXXXXXXXXXXXXXXXXXXXXXXXXXXXXXXXXXXXXXXXXXXXXXXXXXXXXXXXXXXXXXXXXXXXXXXXXXXXXXXXXXXXXXXXXXXXXXXXXXXXXXXXXXXXXXXXXXXXXXXXXXXXXXXXXXXXXXXXXXXXXXXXXXXXXXXXXXXXXXXXXXXXXXXXXXXXXXXXXXXXXXXXXXXXXXXXXXXXXXXXXXXXXXXXXXXXXXXXXXXXXXXXXXXXXXXXXXXXXXXXXXXXXXXXXXXXXXXXXXXXXXXXXXXXXXXXXXXXXXXXXXXXXXXXXXXXXXXXXXXXXXXXXXXXXXXXXXXXXXXXXXXXXXXXXXXXXXXXXXXXXXXXXXXXXXXXXXXXXXXXXXXXXXXXXXXXXXXXXXXXXXXXXXXXXXXXXXXXXXXXXXXXXXXXXXXXXXXXXXXXXXXXXXXXXXXXXXXXXXXXXXXXXXXXXXXXXXXXXXXXXXXXXXXXXXXXXXXXXXXX',3,'st30@mri.ac.tz','+255791260030','student_2.jpg','7c222fb2927d828af22f592134e8932480637c0d',0,'0000:00:00:00:00:00','0000:00:00:00:00:00',1,'ke781',12,'e126',NULL,NULL,1,'2016:07:19:10:44:40',NULL,'c7bcacd6ac7a6d41e4ff395343622bb8',NULL,'g3DR',NULL,47),(33,'tz.student31','student31','midname31','lastname31','Test Student 31',1,'1983:5:6:00:00:00',2,2,2,2,'XXXXXXXXXXXXXXXXXXXXXXXXXXXXXXXXXXXXXXXXXXXXXXXXXXXXXXXXXXXXXXXXXXXXXXXXXXXXXXXXXXXXXXXXXXXXXXXXXXXXXXXXXXXXXXXXXXXXXXXXXXXXXXXXXXXXXXXXXXXXXXXXXXXXXXXXXXXXXXXXXXXXXXXXXXXXXXXXXXXXXXXXXXXXXXXXXXXXXXXXXXXXXXXXXXXXXXXXXXXXXXXXXXXXXXXXXXXXXXXXXXXXXXXXXXXXXXXXXXXXXXXXXXXXXXXXXXXXXXXXXXXXXXXXXXXXXXXXXXXXXXXXXXXXXXXXXXXXXXXXXXXXXXXXXXXXXXXXXXXXXXXXXXXXXXXXXXXXXXXXXXXXXXXXXXXXXXXXXXXXXXXXXXXXXXXXXXXXXXXXXXXXXXXXXXXXXXXXXXXXXXXXXXXXXXXXXXXXXXXXXXXXXXXXXXXXXXXXXXXXXXXXXXXXXXXXXXXXXXXXXXXXXXXXXXXXXXXXXXXXXXXXXXXXXXXX',3,'st31@mri.ac.tz','+255791260031','student_2.jpg','7c222fb2927d828af22f592134e8932480637c0d',0,'0000:00:00:00:00:00','0000:00:00:00:00:00',1,'ke781',12,'e126',NULL,NULL,1,'2016:07:19:10:44:40',NULL,'c7bcacd6ac7a6d41e4ff395343622bb8',NULL,'g3DR',NULL,47),(34,'tz.student32','student32','midname32','lastname32','Test Student 32',1,'1983:5:6:00:00:00',1,2,2,2,'XXXXXXXXXXXXXXXXXXXXXXXXXXXXXXXXXXXXXXXXXXXXXXXXXXXXXXXXXXXXXXXXXXXXXXXXXXXXXXXXXXXXXXXXXXXXXXXXXXXXXXXXXXXXXXXXXXXXXXXXXXXXXXXXXXXXXXXXXXXXXXXXXXXXXXXXXXXXXXXXXXXXXXXXXXXXXXXXXXXXXXXXXXXXXXXXXXXXXXXXXXXXXXXXXXXXXXXXXXXXXXXXXXXXXXXXXXXXXXXXXXXXXXXXXXXXXXXXXXXXXXXXXXXXXXXXXXXXXXXXXXXXXXXXXXXXXXXXXXXXXXXXXXXXXXXXXXXXXXXXXXXXXXXXXXXXXXXXXXXXXXXXXXXXXXXXXXXXXXXXXXXXXXXXXXXXXXXXXXXXXXXXXXXXXXXXXXXXXXXXXXXXXXXXXXXXXXXXXXXXXXXXXXXXXXXXXXXXXXXXXXXXXXXXXXXXXXXXXXXXXXXXXXXXXXXXXXXXXXXXXXXXXXXXXXXXXXXXXXXXXXXXXXXXXXXX',3,'st32@mri.ac.tz','+255791260032','student_2.jpg','7c222fb2927d828af22f592134e8932480637c0d',0,'0000:00:00:00:00:00','0000:00:00:00:00:00',1,'ke781',12,'e126',NULL,NULL,1,'2016:07:19:10:44:40',NULL,'c7bcacd6ac7a6d41e4ff395343622bb8',NULL,'g3DR',NULL,47),(35,'tz.student33','student33','midname33','lastname33','Test Student 33',1,'1983:5:6:00:00:00',2,2,2,2,'XXXXXXXXXXXXXXXXXXXXXXXXXXXXXXXXXXXXXXXXXXXXXXXXXXXXXXXXXXXXXXXXXXXXXXXXXXXXXXXXXXXXXXXXXXXXXXXXXXXXXXXXXXXXXXXXXXXXXXXXXXXXXXXXXXXXXXXXXXXXXXXXXXXXXXXXXXXXXXXXXXXXXXXXXXXXXXXXXXXXXXXXXXXXXXXXXXXXXXXXXXXXXXXXXXXXXXXXXXXXXXXXXXXXXXXXXXXXXXXXXXXXXXXXXXXXXXXXXXXXXXXXXXXXXXXXXXXXXXXXXXXXXXXXXXXXXXXXXXXXXXXXXXXXXXXXXXXXXXXXXXXXXXXXXXXXXXXXXXXXXXXXXXXXXXXXXXXXXXXXXXXXXXXXXXXXXXXXXXXXXXXXXXXXXXXXXXXXXXXXXXXXXXXXXXXXXXXXXXXXXXXXXXXXXXXXXXXXXXXXXXXXXXXXXXXXXXXXXXXXXXXXXXXXXXXXXXXXXXXXXXXXXXXXXXXXXXXXXXXXXXXXXXXXXXXX',3,'st33@mri.ac.tz','+255791260033','student_2.jpg','7c222fb2927d828af22f592134e8932480637c0d',0,'0000:00:00:00:00:00','0000:00:00:00:00:00',1,'ke781',12,'e126',NULL,NULL,1,'2016:07:19:10:44:40',NULL,'c7bcacd6ac7a6d41e4ff395343622bb8',NULL,'g3DR',NULL,47),(36,'tz.student34','student34','midname34','lastname34','Test Student 34',1,'1983:5:6:00:00:00',1,2,2,2,'XXXXXXXXXXXXXXXXXXXXXXXXXXXXXXXXXXXXXXXXXXXXXXXXXXXXXXXXXXXXXXXXXXXXXXXXXXXXXXXXXXXXXXXXXXXXXXXXXXXXXXXXXXXXXXXXXXXXXXXXXXXXXXXXXXXXXXXXXXXXXXXXXXXXXXXXXXXXXXXXXXXXXXXXXXXXXXXXXXXXXXXXXXXXXXXXXXXXXXXXXXXXXXXXXXXXXXXXXXXXXXXXXXXXXXXXXXXXXXXXXXXXXXXXXXXXXXXXXXXXXXXXXXXXXXXXXXXXXXXXXXXXXXXXXXXXXXXXXXXXXXXXXXXXXXXXXXXXXXXXXXXXXXXXXXXXXXXXXXXXXXXXXXXXXXXXXXXXXXXXXXXXXXXXXXXXXXXXXXXXXXXXXXXXXXXXXXXXXXXXXXXXXXXXXXXXXXXXXXXXXXXXXXXXXXXXXXXXXXXXXXXXXXXXXXXXXXXXXXXXXXXXXXXXXXXXXXXXXXXXXXXXXXXXXXXXXXXXXXXXXXXXXXXXXXXX',3,'st34@mri.ac.tz','+255791260034','student_2.jpg','7c222fb2927d828af22f592134e8932480637c0d',0,'0000:00:00:00:00:00','0000:00:00:00:00:00',1,'ke781',12,'e126',NULL,NULL,1,'2016:07:19:10:44:40',NULL,'c7bcacd6ac7a6d41e4ff395343622bb8',NULL,'g3DR',NULL,47),(37,'tz.student35','student35','midname35','lastname35','Test Student 35',1,'1983:5:6:00:00:00',2,2,2,2,'XXXXXXXXXXXXXXXXXXXXXXXXXXXXXXXXXXXXXXXXXXXXXXXXXXXXXXXXXXXXXXXXXXXXXXXXXXXXXXXXXXXXXXXXXXXXXXXXXXXXXXXXXXXXXXXXXXXXXXXXXXXXXXXXXXXXXXXXXXXXXXXXXXXXXXXXXXXXXXXXXXXXXXXXXXXXXXXXXXXXXXXXXXXXXXXXXXXXXXXXXXXXXXXXXXXXXXXXXXXXXXXXXXXXXXXXXXXXXXXXXXXXXXXXXXXXXXXXXXXXXXXXXXXXXXXXXXXXXXXXXXXXXXXXXXXXXXXXXXXXXXXXXXXXXXXXXXXXXXXXXXXXXXXXXXXXXXXXXXXXXXXXXXXXXXXXXXXXXXXXXXXXXXXXXXXXXXXXXXXXXXXXXXXXXXXXXXXXXXXXXXXXXXXXXXXXXXXXXXXXXXXXXXXXXXXXXXXXXXXXXXXXXXXXXXXXXXXXXXXXXXXXXXXXXXXXXXXXXXXXXXXXXXXXXXXXXXXXXXXXXXXXXXXXXXXX',3,'st35@mri.ac.tz','+255791260035','student_2.jpg','7c222fb2927d828af22f592134e8932480637c0d',0,'0000:00:00:00:00:00','0000:00:00:00:00:00',1,'ke781',12,'e126',NULL,NULL,1,'2016:07:19:10:44:40',NULL,'c7bcacd6ac7a6d41e4ff395343622bb8',NULL,'g3DR',NULL,47),(38,'tz.student36','student36','midname36','lastname36','Test Student 36',1,'1983:5:6:00:00:00',1,2,2,2,'XXXXXXXXXXXXXXXXXXXXXXXXXXXXXXXXXXXXXXXXXXXXXXXXXXXXXXXXXXXXXXXXXXXXXXXXXXXXXXXXXXXXXXXXXXXXXXXXXXXXXXXXXXXXXXXXXXXXXXXXXXXXXXXXXXXXXXXXXXXXXXXXXXXXXXXXXXXXXXXXXXXXXXXXXXXXXXXXXXXXXXXXXXXXXXXXXXXXXXXXXXXXXXXXXXXXXXXXXXXXXXXXXXXXXXXXXXXXXXXXXXXXXXXXXXXXXXXXXXXXXXXXXXXXXXXXXXXXXXXXXXXXXXXXXXXXXXXXXXXXXXXXXXXXXXXXXXXXXXXXXXXXXXXXXXXXXXXXXXXXXXXXXXXXXXXXXXXXXXXXXXXXXXXXXXXXXXXXXXXXXXXXXXXXXXXXXXXXXXXXXXXXXXXXXXXXXXXXXXXXXXXXXXXXXXXXXXXXXXXXXXXXXXXXXXXXXXXXXXXXXXXXXXXXXXXXXXXXXXXXXXXXXXXXXXXXXXXXXXXXXXXXXXXXXXXX',3,'st36@mri.ac.tz','+255791260036','student_2.jpg','7c222fb2927d828af22f592134e8932480637c0d',0,'0000:00:00:00:00:00','0000:00:00:00:00:00',1,'ke781',12,'e126',NULL,NULL,1,'2016:07:19:10:44:40',NULL,'c7bcacd6ac7a6d41e4ff395343622bb8',NULL,'g3DR',NULL,47),(39,'tz.student37','student37','midname37','lastname37','Test Student 37',1,'1983:5:6:00:00:00',2,2,2,2,'XXXXXXXXXXXXXXXXXXXXXXXXXXXXXXXXXXXXXXXXXXXXXXXXXXXXXXXXXXXXXXXXXXXXXXXXXXXXXXXXXXXXXXXXXXXXXXXXXXXXXXXXXXXXXXXXXXXXXXXXXXXXXXXXXXXXXXXXXXXXXXXXXXXXXXXXXXXXXXXXXXXXXXXXXXXXXXXXXXXXXXXXXXXXXXXXXXXXXXXXXXXXXXXXXXXXXXXXXXXXXXXXXXXXXXXXXXXXXXXXXXXXXXXXXXXXXXXXXXXXXXXXXXXXXXXXXXXXXXXXXXXXXXXXXXXXXXXXXXXXXXXXXXXXXXXXXXXXXXXXXXXXXXXXXXXXXXXXXXXXXXXXXXXXXXXXXXXXXXXXXXXXXXXXXXXXXXXXXXXXXXXXXXXXXXXXXXXXXXXXXXXXXXXXXXXXXXXXXXXXXXXXXXXXXXXXXXXXXXXXXXXXXXXXXXXXXXXXXXXXXXXXXXXXXXXXXXXXXXXXXXXXXXXXXXXXXXXXXXXXXXXXXXXXXXXX',3,'st37@mri.ac.tz','+255791260037','student_2.jpg','7c222fb2927d828af22f592134e8932480637c0d',0,'0000:00:00:00:00:00','0000:00:00:00:00:00',1,'ke781',12,'e126',NULL,NULL,1,'2016:07:19:10:44:40',NULL,'c7bcacd6ac7a6d41e4ff395343622bb8',NULL,'g3DR',NULL,47),(40,'tz.student38','student38','midname38','lastname38','Test Student 38',1,'1983:5:6:00:00:00',1,2,2,2,'XXXXXXXXXXXXXXXXXXXXXXXXXXXXXXXXXXXXXXXXXXXXXXXXXXXXXXXXXXXXXXXXXXXXXXXXXXXXXXXXXXXXXXXXXXXXXXXXXXXXXXXXXXXXXXXXXXXXXXXXXXXXXXXXXXXXXXXXXXXXXXXXXXXXXXXXXXXXXXXXXXXXXXXXXXXXXXXXXXXXXXXXXXXXXXXXXXXXXXXXXXXXXXXXXXXXXXXXXXXXXXXXXXXXXXXXXXXXXXXXXXXXXXXXXXXXXXXXXXXXXXXXXXXXXXXXXXXXXXXXXXXXXXXXXXXXXXXXXXXXXXXXXXXXXXXXXXXXXXXXXXXXXXXXXXXXXXXXXXXXXXXXXXXXXXXXXXXXXXXXXXXXXXXXXXXXXXXXXXXXXXXXXXXXXXXXXXXXXXXXXXXXXXXXXXXXXXXXXXXXXXXXXXXXXXXXXXXXXXXXXXXXXXXXXXXXXXXXXXXXXXXXXXXXXXXXXXXXXXXXXXXXXXXXXXXXXXXXXXXXXXXXXXXXXXXX',3,'st38@mri.ac.tz','+255791260038','student_2.jpg','7c222fb2927d828af22f592134e8932480637c0d',0,'0000:00:00:00:00:00','0000:00:00:00:00:00',1,'ke781',12,'e126',NULL,NULL,1,'2016:07:19:10:44:40',NULL,'c7bcacd6ac7a6d41e4ff395343622bb8',NULL,'g3DR',NULL,47),(41,'tz.student39','student39','midname39','lastname39','Test Student 39',1,'1983:5:6:00:00:00',2,2,2,2,'XXXXXXXXXXXXXXXXXXXXXXXXXXXXXXXXXXXXXXXXXXXXXXXXXXXXXXXXXXXXXXXXXXXXXXXXXXXXXXXXXXXXXXXXXXXXXXXXXXXXXXXXXXXXXXXXXXXXXXXXXXXXXXXXXXXXXXXXXXXXXXXXXXXXXXXXXXXXXXXXXXXXXXXXXXXXXXXXXXXXXXXXXXXXXXXXXXXXXXXXXXXXXXXXXXXXXXXXXXXXXXXXXXXXXXXXXXXXXXXXXXXXXXXXXXXXXXXXXXXXXXXXXXXXXXXXXXXXXXXXXXXXXXXXXXXXXXXXXXXXXXXXXXXXXXXXXXXXXXXXXXXXXXXXXXXXXXXXXXXXXXXXXXXXXXXXXXXXXXXXXXXXXXXXXXXXXXXXXXXXXXXXXXXXXXXXXXXXXXXXXXXXXXXXXXXXXXXXXXXXXXXXXXXXXXXXXXXXXXXXXXXXXXXXXXXXXXXXXXXXXXXXXXXXXXXXXXXXXXXXXXXXXXXXXXXXXXXXXXXXXXXXXXXXXXXX',3,'st39@mri.ac.tz','+255791260039','student_2.jpg','7c222fb2927d828af22f592134e8932480637c0d',0,'0000:00:00:00:00:00','0000:00:00:00:00:00',1,'ke781',12,'e126',NULL,NULL,1,'2016:07:19:10:44:40',NULL,'c7bcacd6ac7a6d41e4ff395343622bb8',NULL,'g3DR',NULL,47),(42,'tz.student40','student40','midname40','lastname40','Test Student 40',1,'1983:5:6:00:00:00',1,2,2,2,'XXXXXXXXXXXXXXXXXXXXXXXXXXXXXXXXXXXXXXXXXXXXXXXXXXXXXXXXXXXXXXXXXXXXXXXXXXXXXXXXXXXXXXXXXXXXXXXXXXXXXXXXXXXXXXXXXXXXXXXXXXXXXXXXXXXXXXXXXXXXXXXXXXXXXXXXXXXXXXXXXXXXXXXXXXXXXXXXXXXXXXXXXXXXXXXXXXXXXXXXXXXXXXXXXXXXXXXXXXXXXXXXXXXXXXXXXXXXXXXXXXXXXXXXXXXXXXXXXXXXXXXXXXXXXXXXXXXXXXXXXXXXXXXXXXXXXXXXXXXXXXXXXXXXXXXXXXXXXXXXXXXXXXXXXXXXXXXXXXXXXXXXXXXXXXXXXXXXXXXXXXXXXXXXXXXXXXXXXXXXXXXXXXXXXXXXXXXXXXXXXXXXXXXXXXXXXXXXXXXXXXXXXXXXXXXXXXXXXXXXXXXXXXXXXXXXXXXXXXXXXXXXXXXXXXXXXXXXXXXXXXXXXXXXXXXXXXXXXXXXXXXXXXXXXXXX',3,'st40@mri.ac.tz','+255791260040','student_2.jpg','7c222fb2927d828af22f592134e8932480637c0d',0,'0000:00:00:00:00:00','0000:00:00:00:00:00',1,'ke781',12,'e126',NULL,NULL,1,'2016:07:19:10:44:40',NULL,'c7bcacd6ac7a6d41e4ff395343622bb8',NULL,'g3DR',NULL,47),(43,'tz.student41','student41','midname41','lastname41','Test Student 41',1,'1983:5:6:00:00:00',2,2,2,2,'XXXXXXXXXXXXXXXXXXXXXXXXXXXXXXXXXXXXXXXXXXXXXXXXXXXXXXXXXXXXXXXXXXXXXXXXXXXXXXXXXXXXXXXXXXXXXXXXXXXXXXXXXXXXXXXXXXXXXXXXXXXXXXXXXXXXXXXXXXXXXXXXXXXXXXXXXXXXXXXXXXXXXXXXXXXXXXXXXXXXXXXXXXXXXXXXXXXXXXXXXXXXXXXXXXXXXXXXXXXXXXXXXXXXXXXXXXXXXXXXXXXXXXXXXXXXXXXXXXXXXXXXXXXXXXXXXXXXXXXXXXXXXXXXXXXXXXXXXXXXXXXXXXXXXXXXXXXXXXXXXXXXXXXXXXXXXXXXXXXXXXXXXXXXXXXXXXXXXXXXXXXXXXXXXXXXXXXXXXXXXXXXXXXXXXXXXXXXXXXXXXXXXXXXXXXXXXXXXXXXXXXXXXXXXXXXXXXXXXXXXXXXXXXXXXXXXXXXXXXXXXXXXXXXXXXXXXXXXXXXXXXXXXXXXXXXXXXXXXXXXXXXXXXXXXXX',3,'st41@mri.ac.tz','+255791260041','student_2.jpg','7c222fb2927d828af22f592134e8932480637c0d',0,'0000:00:00:00:00:00','0000:00:00:00:00:00',1,'ke781',12,'e126',NULL,NULL,1,'2016:07:19:10:44:40',NULL,'c7bcacd6ac7a6d41e4ff395343622bb8',NULL,'g3DR',NULL,47),(44,'tz.student42','student42','midname42','lastname42','Test Student 42',1,'1983:5:6:00:00:00',1,2,2,2,'XXXXXXXXXXXXXXXXXXXXXXXXXXXXXXXXXXXXXXXXXXXXXXXXXXXXXXXXXXXXXXXXXXXXXXXXXXXXXXXXXXXXXXXXXXXXXXXXXXXXXXXXXXXXXXXXXXXXXXXXXXXXXXXXXXXXXXXXXXXXXXXXXXXXXXXXXXXXXXXXXXXXXXXXXXXXXXXXXXXXXXXXXXXXXXXXXXXXXXXXXXXXXXXXXXXXXXXXXXXXXXXXXXXXXXXXXXXXXXXXXXXXXXXXXXXXXXXXXXXXXXXXXXXXXXXXXXXXXXXXXXXXXXXXXXXXXXXXXXXXXXXXXXXXXXXXXXXXXXXXXXXXXXXXXXXXXXXXXXXXXXXXXXXXXXXXXXXXXXXXXXXXXXXXXXXXXXXXXXXXXXXXXXXXXXXXXXXXXXXXXXXXXXXXXXXXXXXXXXXXXXXXXXXXXXXXXXXXXXXXXXXXXXXXXXXXXXXXXXXXXXXXXXXXXXXXXXXXXXXXXXXXXXXXXXXXXXXXXXXXXXXXXXXXXXXX',3,'st42@mri.ac.tz','+255791260042','student_2.jpg','7c222fb2927d828af22f592134e8932480637c0d',0,'0000:00:00:00:00:00','0000:00:00:00:00:00',1,'ke781',12,'e126',NULL,NULL,1,'2016:07:19:10:44:40',NULL,'c7bcacd6ac7a6d41e4ff395343622bb8',NULL,'g3DR',NULL,47),(45,'tz.student43','student43','midname43','lastname43','Test Student 43',1,'1983:5:6:00:00:00',2,2,2,2,'XXXXXXXXXXXXXXXXXXXXXXXXXXXXXXXXXXXXXXXXXXXXXXXXXXXXXXXXXXXXXXXXXXXXXXXXXXXXXXXXXXXXXXXXXXXXXXXXXXXXXXXXXXXXXXXXXXXXXXXXXXXXXXXXXXXXXXXXXXXXXXXXXXXXXXXXXXXXXXXXXXXXXXXXXXXXXXXXXXXXXXXXXXXXXXXXXXXXXXXXXXXXXXXXXXXXXXXXXXXXXXXXXXXXXXXXXXXXXXXXXXXXXXXXXXXXXXXXXXXXXXXXXXXXXXXXXXXXXXXXXXXXXXXXXXXXXXXXXXXXXXXXXXXXXXXXXXXXXXXXXXXXXXXXXXXXXXXXXXXXXXXXXXXXXXXXXXXXXXXXXXXXXXXXXXXXXXXXXXXXXXXXXXXXXXXXXXXXXXXXXXXXXXXXXXXXXXXXXXXXXXXXXXXXXXXXXXXXXXXXXXXXXXXXXXXXXXXXXXXXXXXXXXXXXXXXXXXXXXXXXXXXXXXXXXXXXXXXXXXXXXXXXXXXXXXX',3,'st43@mri.ac.tz','+255791260043','student_2.jpg','7c222fb2927d828af22f592134e8932480637c0d',0,'0000:00:00:00:00:00','0000:00:00:00:00:00',1,'ke781',12,'e126',NULL,NULL,1,'2016:07:19:10:44:40',NULL,'c7bcacd6ac7a6d41e4ff395343622bb8',NULL,'g3DR',NULL,47),(46,'tz.student44','student44','midname44','lastname44','Test Student 44',1,'1983:5:6:00:00:00',1,2,2,2,'XXXXXXXXXXXXXXXXXXXXXXXXXXXXXXXXXXXXXXXXXXXXXXXXXXXXXXXXXXXXXXXXXXXXXXXXXXXXXXXXXXXXXXXXXXXXXXXXXXXXXXXXXXXXXXXXXXXXXXXXXXXXXXXXXXXXXXXXXXXXXXXXXXXXXXXXXXXXXXXXXXXXXXXXXXXXXXXXXXXXXXXXXXXXXXXXXXXXXXXXXXXXXXXXXXXXXXXXXXXXXXXXXXXXXXXXXXXXXXXXXXXXXXXXXXXXXXXXXXXXXXXXXXXXXXXXXXXXXXXXXXXXXXXXXXXXXXXXXXXXXXXXXXXXXXXXXXXXXXXXXXXXXXXXXXXXXXXXXXXXXXXXXXXXXXXXXXXXXXXXXXXXXXXXXXXXXXXXXXXXXXXXXXXXXXXXXXXXXXXXXXXXXXXXXXXXXXXXXXXXXXXXXXXXXXXXXXXXXXXXXXXXXXXXXXXXXXXXXXXXXXXXXXXXXXXXXXXXXXXXXXXXXXXXXXXXXXXXXXXXXXXXXXXXXXXX',3,'st44@mri.ac.tz','+255791260044','student_2.jpg','7c222fb2927d828af22f592134e8932480637c0d',0,'0000:00:00:00:00:00','0000:00:00:00:00:00',1,'ke781',12,'e126',NULL,NULL,1,'2016:07:19:10:44:40',NULL,'c7bcacd6ac7a6d41e4ff395343622bb8',NULL,'g3DR',NULL,47),(47,'tz.student45','student45','midname45','lastname45','Test Student 45',1,'1983:5:6:00:00:00',2,2,2,2,'XXXXXXXXXXXXXXXXXXXXXXXXXXXXXXXXXXXXXXXXXXXXXXXXXXXXXXXXXXXXXXXXXXXXXXXXXXXXXXXXXXXXXXXXXXXXXXXXXXXXXXXXXXXXXXXXXXXXXXXXXXXXXXXXXXXXXXXXXXXXXXXXXXXXXXXXXXXXXXXXXXXXXXXXXXXXXXXXXXXXXXXXXXXXXXXXXXXXXXXXXXXXXXXXXXXXXXXXXXXXXXXXXXXXXXXXXXXXXXXXXXXXXXXXXXXXXXXXXXXXXXXXXXXXXXXXXXXXXXXXXXXXXXXXXXXXXXXXXXXXXXXXXXXXXXXXXXXXXXXXXXXXXXXXXXXXXXXXXXXXXXXXXXXXXXXXXXXXXXXXXXXXXXXXXXXXXXXXXXXXXXXXXXXXXXXXXXXXXXXXXXXXXXXXXXXXXXXXXXXXXXXXXXXXXXXXXXXXXXXXXXXXXXXXXXXXXXXXXXXXXXXXXXXXXXXXXXXXXXXXXXXXXXXXXXXXXXXXXXXXXXXXXXXXXXXX',3,'st45@mri.ac.tz','+255791260045','student_2.jpg','7c222fb2927d828af22f592134e8932480637c0d',0,'0000:00:00:00:00:00','0000:00:00:00:00:00',1,'ke781',12,'e126',NULL,NULL,1,'2016:07:19:10:44:40',NULL,'c7bcacd6ac7a6d41e4ff395343622bb8',NULL,'g3DR',NULL,47),(48,'tz.student46','student46','midname46','lastname46','Test Student 46',1,'1983:5:6:00:00:00',1,2,2,2,'XXXXXXXXXXXXXXXXXXXXXXXXXXXXXXXXXXXXXXXXXXXXXXXXXXXXXXXXXXXXXXXXXXXXXXXXXXXXXXXXXXXXXXXXXXXXXXXXXXXXXXXXXXXXXXXXXXXXXXXXXXXXXXXXXXXXXXXXXXXXXXXXXXXXXXXXXXXXXXXXXXXXXXXXXXXXXXXXXXXXXXXXXXXXXXXXXXXXXXXXXXXXXXXXXXXXXXXXXXXXXXXXXXXXXXXXXXXXXXXXXXXXXXXXXXXXXXXXXXXXXXXXXXXXXXXXXXXXXXXXXXXXXXXXXXXXXXXXXXXXXXXXXXXXXXXXXXXXXXXXXXXXXXXXXXXXXXXXXXXXXXXXXXXXXXXXXXXXXXXXXXXXXXXXXXXXXXXXXXXXXXXXXXXXXXXXXXXXXXXXXXXXXXXXXXXXXXXXXXXXXXXXXXXXXXXXXXXXXXXXXXXXXXXXXXXXXXXXXXXXXXXXXXXXXXXXXXXXXXXXXXXXXXXXXXXXXXXXXXXXXXXXXXXXXXXX',3,'st46@mri.ac.tz','+255791260046','student_2.jpg','7c222fb2927d828af22f592134e8932480637c0d',0,'0000:00:00:00:00:00','0000:00:00:00:00:00',1,'ke781',12,'e126',NULL,NULL,1,'2016:07:19:10:44:40',NULL,'c7bcacd6ac7a6d41e4ff395343622bb8',NULL,'g3DR',NULL,47),(49,'tz.student47','student47','midname47','lastname47','Test Student 47',1,'1983:5:6:00:00:00',2,2,2,2,'XXXXXXXXXXXXXXXXXXXXXXXXXXXXXXXXXXXXXXXXXXXXXXXXXXXXXXXXXXXXXXXXXXXXXXXXXXXXXXXXXXXXXXXXXXXXXXXXXXXXXXXXXXXXXXXXXXXXXXXXXXXXXXXXXXXXXXXXXXXXXXXXXXXXXXXXXXXXXXXXXXXXXXXXXXXXXXXXXXXXXXXXXXXXXXXXXXXXXXXXXXXXXXXXXXXXXXXXXXXXXXXXXXXXXXXXXXXXXXXXXXXXXXXXXXXXXXXXXXXXXXXXXXXXXXXXXXXXXXXXXXXXXXXXXXXXXXXXXXXXXXXXXXXXXXXXXXXXXXXXXXXXXXXXXXXXXXXXXXXXXXXXXXXXXXXXXXXXXXXXXXXXXXXXXXXXXXXXXXXXXXXXXXXXXXXXXXXXXXXXXXXXXXXXXXXXXXXXXXXXXXXXXXXXXXXXXXXXXXXXXXXXXXXXXXXXXXXXXXXXXXXXXXXXXXXXXXXXXXXXXXXXXXXXXXXXXXXXXXXXXXXXXXXXXXXX',3,'st47@mri.ac.tz','+255791260047','student_2.jpg','7c222fb2927d828af22f592134e8932480637c0d',0,'0000:00:00:00:00:00','0000:00:00:00:00:00',1,'ke781',12,'e126',NULL,NULL,1,'2016:07:19:10:44:40',NULL,'c7bcacd6ac7a6d41e4ff395343622bb8',NULL,'g3DR',NULL,47),(50,'tz.student48','student48','midname48','lastname48','Test Student 48',1,'1983:5:6:00:00:00',1,2,2,2,'XXXXXXXXXXXXXXXXXXXXXXXXXXXXXXXXXXXXXXXXXXXXXXXXXXXXXXXXXXXXXXXXXXXXXXXXXXXXXXXXXXXXXXXXXXXXXXXXXXXXXXXXXXXXXXXXXXXXXXXXXXXXXXXXXXXXXXXXXXXXXXXXXXXXXXXXXXXXXXXXXXXXXXXXXXXXXXXXXXXXXXXXXXXXXXXXXXXXXXXXXXXXXXXXXXXXXXXXXXXXXXXXXXXXXXXXXXXXXXXXXXXXXXXXXXXXXXXXXXXXXXXXXXXXXXXXXXXXXXXXXXXXXXXXXXXXXXXXXXXXXXXXXXXXXXXXXXXXXXXXXXXXXXXXXXXXXXXXXXXXXXXXXXXXXXXXXXXXXXXXXXXXXXXXXXXXXXXXXXXXXXXXXXXXXXXXXXXXXXXXXXXXXXXXXXXXXXXXXXXXXXXXXXXXXXXXXXXXXXXXXXXXXXXXXXXXXXXXXXXXXXXXXXXXXXXXXXXXXXXXXXXXXXXXXXXXXXXXXXXXXXXXXXXXXXXX',3,'st48@mri.ac.tz','+255791260048','student_2.jpg','7c222fb2927d828af22f592134e8932480637c0d',0,'0000:00:00:00:00:00','0000:00:00:00:00:00',1,'ke781',12,'e126',NULL,NULL,1,'2016:07:19:10:44:40',NULL,'c7bcacd6ac7a6d41e4ff395343622bb8',NULL,'g3DR',NULL,47),(51,'tz.student49','student49','midname49','lastname49','Test Student 49',1,'1983:5:6:00:00:00',2,2,2,2,'XXXXXXXXXXXXXXXXXXXXXXXXXXXXXXXXXXXXXXXXXXXXXXXXXXXXXXXXXXXXXXXXXXXXXXXXXXXXXXXXXXXXXXXXXXXXXXXXXXXXXXXXXXXXXXXXXXXXXXXXXXXXXXXXXXXXXXXXXXXXXXXXXXXXXXXXXXXXXXXXXXXXXXXXXXXXXXXXXXXXXXXXXXXXXXXXXXXXXXXXXXXXXXXXXXXXXXXXXXXXXXXXXXXXXXXXXXXXXXXXXXXXXXXXXXXXXXXXXXXXXXXXXXXXXXXXXXXXXXXXXXXXXXXXXXXXXXXXXXXXXXXXXXXXXXXXXXXXXXXXXXXXXXXXXXXXXXXXXXXXXXXXXXXXXXXXXXXXXXXXXXXXXXXXXXXXXXXXXXXXXXXXXXXXXXXXXXXXXXXXXXXXXXXXXXXXXXXXXXXXXXXXXXXXXXXXXXXXXXXXXXXXXXXXXXXXXXXXXXXXXXXXXXXXXXXXXXXXXXXXXXXXXXXXXXXXXXXXXXXXXXXXXXXXXXXX',3,'st49@mri.ac.tz','+255791260049','student_2.jpg','7c222fb2927d828af22f592134e8932480637c0d',0,'0000:00:00:00:00:00','0000:00:00:00:00:00',1,'ke781',12,'e126',NULL,NULL,1,'2016:07:19:10:44:40',NULL,'c7bcacd6ac7a6d41e4ff395343622bb8',NULL,'g3DR',NULL,47),(52,'tz.student50','student50','midname50','lastname50','Test Student 50',1,'1983:5:6:00:00:00',1,2,2,2,'XXXXXXXXXXXXXXXXXXXXXXXXXXXXXXXXXXXXXXXXXXXXXXXXXXXXXXXXXXXXXXXXXXXXXXXXXXXXXXXXXXXXXXXXXXXXXXXXXXXXXXXXXXXXXXXXXXXXXXXXXXXXXXXXXXXXXXXXXXXXXXXXXXXXXXXXXXXXXXXXXXXXXXXXXXXXXXXXXXXXXXXXXXXXXXXXXXXXXXXXXXXXXXXXXXXXXXXXXXXXXXXXXXXXXXXXXXXXXXXXXXXXXXXXXXXXXXXXXXXXXXXXXXXXXXXXXXXXXXXXXXXXXXXXXXXXXXXXXXXXXXXXXXXXXXXXXXXXXXXXXXXXXXXXXXXXXXXXXXXXXXXXXXXXXXXXXXXXXXXXXXXXXXXXXXXXXXXXXXXXXXXXXXXXXXXXXXXXXXXXXXXXXXXXXXXXXXXXXXXXXXXXXXXXXXXXXXXXXXXXXXXXXXXXXXXXXXXXXXXXXXXXXXXXXXXXXXXXXXXXXXXXXXXXXXXXXXXXXXXXXXXXXXXXXXXX',3,'st50@mri.ac.tz','+255791260050','student_2.jpg','7c222fb2927d828af22f592134e8932480637c0d',0,'0000:00:00:00:00:00','0000:00:00:00:00:00',1,'ke781',12,'e126',NULL,NULL,1,'2016:07:19:10:44:40',NULL,'c7bcacd6ac7a6d41e4ff395343622bb8',NULL,'g3DR',NULL,47),(53,'tz.student51','student51','midname51','lastname51','Test Student 51',1,'1983:5:6:00:00:00',2,2,2,2,'XXXXXXXXXXXXXXXXXXXXXXXXXXXXXXXXXXXXXXXXXXXXXXXXXXXXXXXXXXXXXXXXXXXXXXXXXXXXXXXXXXXXXXXXXXXXXXXXXXXXXXXXXXXXXXXXXXXXXXXXXXXXXXXXXXXXXXXXXXXXXXXXXXXXXXXXXXXXXXXXXXXXXXXXXXXXXXXXXXXXXXXXXXXXXXXXXXXXXXXXXXXXXXXXXXXXXXXXXXXXXXXXXXXXXXXXXXXXXXXXXXXXXXXXXXXXXXXXXXXXXXXXXXXXXXXXXXXXXXXXXXXXXXXXXXXXXXXXXXXXXXXXXXXXXXXXXXXXXXXXXXXXXXXXXXXXXXXXXXXXXXXXXXXXXXXXXXXXXXXXXXXXXXXXXXXXXXXXXXXXXXXXXXXXXXXXXXXXXXXXXXXXXXXXXXXXXXXXXXXXXXXXXXXXXXXXXXXXXXXXXXXXXXXXXXXXXXXXXXXXXXXXXXXXXXXXXXXXXXXXXXXXXXXXXXXXXXXXXXXXXXXXXXXXXXXX',3,'st51@mri.ac.tz','+255791260051','student_2.jpg','7c222fb2927d828af22f592134e8932480637c0d',0,'0000:00:00:00:00:00','0000:00:00:00:00:00',1,'ke781',12,'e126',NULL,NULL,1,'2016:07:19:10:44:40',NULL,'c7bcacd6ac7a6d41e4ff395343622bb8',NULL,'g3DR',NULL,47),(54,'tz.student52','student52','midname52','lastname52','Test Student 52',1,'1983:5:6:00:00:00',1,2,2,2,'XXXXXXXXXXXXXXXXXXXXXXXXXXXXXXXXXXXXXXXXXXXXXXXXXXXXXXXXXXXXXXXXXXXXXXXXXXXXXXXXXXXXXXXXXXXXXXXXXXXXXXXXXXXXXXXXXXXXXXXXXXXXXXXXXXXXXXXXXXXXXXXXXXXXXXXXXXXXXXXXXXXXXXXXXXXXXXXXXXXXXXXXXXXXXXXXXXXXXXXXXXXXXXXXXXXXXXXXXXXXXXXXXXXXXXXXXXXXXXXXXXXXXXXXXXXXXXXXXXXXXXXXXXXXXXXXXXXXXXXXXXXXXXXXXXXXXXXXXXXXXXXXXXXXXXXXXXXXXXXXXXXXXXXXXXXXXXXXXXXXXXXXXXXXXXXXXXXXXXXXXXXXXXXXXXXXXXXXXXXXXXXXXXXXXXXXXXXXXXXXXXXXXXXXXXXXXXXXXXXXXXXXXXXXXXXXXXXXXXXXXXXXXXXXXXXXXXXXXXXXXXXXXXXXXXXXXXXXXXXXXXXXXXXXXXXXXXXXXXXXXXXXXXXXXXXX',3,'st52@mri.ac.tz','+255791260052','student_2.jpg','7c222fb2927d828af22f592134e8932480637c0d',0,'0000:00:00:00:00:00','0000:00:00:00:00:00',1,'ke781',12,'e126',NULL,NULL,1,'2016:07:19:10:44:40',NULL,'c7bcacd6ac7a6d41e4ff395343622bb8',NULL,'g3DR',NULL,47),(55,'tz.student53','student53','midname53','lastname53','Test Student 53',1,'1983:5:6:00:00:00',2,2,2,2,'XXXXXXXXXXXXXXXXXXXXXXXXXXXXXXXXXXXXXXXXXXXXXXXXXXXXXXXXXXXXXXXXXXXXXXXXXXXXXXXXXXXXXXXXXXXXXXXXXXXXXXXXXXXXXXXXXXXXXXXXXXXXXXXXXXXXXXXXXXXXXXXXXXXXXXXXXXXXXXXXXXXXXXXXXXXXXXXXXXXXXXXXXXXXXXXXXXXXXXXXXXXXXXXXXXXXXXXXXXXXXXXXXXXXXXXXXXXXXXXXXXXXXXXXXXXXXXXXXXXXXXXXXXXXXXXXXXXXXXXXXXXXXXXXXXXXXXXXXXXXXXXXXXXXXXXXXXXXXXXXXXXXXXXXXXXXXXXXXXXXXXXXXXXXXXXXXXXXXXXXXXXXXXXXXXXXXXXXXXXXXXXXXXXXXXXXXXXXXXXXXXXXXXXXXXXXXXXXXXXXXXXXXXXXXXXXXXXXXXXXXXXXXXXXXXXXXXXXXXXXXXXXXXXXXXXXXXXXXXXXXXXXXXXXXXXXXXXXXXXXXXXXXXXXXXXX',3,'st53@mri.ac.tz','+255791260053','student_2.jpg','7c222fb2927d828af22f592134e8932480637c0d',0,'0000:00:00:00:00:00','0000:00:00:00:00:00',1,'ke781',12,'e126',NULL,NULL,1,'2016:07:19:10:44:40',NULL,'c7bcacd6ac7a6d41e4ff395343622bb8',NULL,'g3DR',NULL,47),(56,'tz.student54','student54','midname54','lastname54','Test Student 54',1,'1983:5:6:00:00:00',1,2,2,2,'XXXXXXXXXXXXXXXXXXXXXXXXXXXXXXXXXXXXXXXXXXXXXXXXXXXXXXXXXXXXXXXXXXXXXXXXXXXXXXXXXXXXXXXXXXXXXXXXXXXXXXXXXXXXXXXXXXXXXXXXXXXXXXXXXXXXXXXXXXXXXXXXXXXXXXXXXXXXXXXXXXXXXXXXXXXXXXXXXXXXXXXXXXXXXXXXXXXXXXXXXXXXXXXXXXXXXXXXXXXXXXXXXXXXXXXXXXXXXXXXXXXXXXXXXXXXXXXXXXXXXXXXXXXXXXXXXXXXXXXXXXXXXXXXXXXXXXXXXXXXXXXXXXXXXXXXXXXXXXXXXXXXXXXXXXXXXXXXXXXXXXXXXXXXXXXXXXXXXXXXXXXXXXXXXXXXXXXXXXXXXXXXXXXXXXXXXXXXXXXXXXXXXXXXXXXXXXXXXXXXXXXXXXXXXXXXXXXXXXXXXXXXXXXXXXXXXXXXXXXXXXXXXXXXXXXXXXXXXXXXXXXXXXXXXXXXXXXXXXXXXXXXXXXXXXXX',3,'st54@mri.ac.tz','+255791260054','student_2.jpg','7c222fb2927d828af22f592134e8932480637c0d',0,'0000:00:00:00:00:00','0000:00:00:00:00:00',1,'ke781',12,'e126',NULL,NULL,1,'2016:07:19:10:44:40',NULL,'c7bcacd6ac7a6d41e4ff395343622bb8',NULL,'g3DR',NULL,47),(57,'tz.student55','student55','midname55','lastname55','Test Student 55',1,'1983:5:6:00:00:00',2,2,2,2,'XXXXXXXXXXXXXXXXXXXXXXXXXXXXXXXXXXXXXXXXXXXXXXXXXXXXXXXXXXXXXXXXXXXXXXXXXXXXXXXXXXXXXXXXXXXXXXXXXXXXXXXXXXXXXXXXXXXXXXXXXXXXXXXXXXXXXXXXXXXXXXXXXXXXXXXXXXXXXXXXXXXXXXXXXXXXXXXXXXXXXXXXXXXXXXXXXXXXXXXXXXXXXXXXXXXXXXXXXXXXXXXXXXXXXXXXXXXXXXXXXXXXXXXXXXXXXXXXXXXXXXXXXXXXXXXXXXXXXXXXXXXXXXXXXXXXXXXXXXXXXXXXXXXXXXXXXXXXXXXXXXXXXXXXXXXXXXXXXXXXXXXXXXXXXXXXXXXXXXXXXXXXXXXXXXXXXXXXXXXXXXXXXXXXXXXXXXXXXXXXXXXXXXXXXXXXXXXXXXXXXXXXXXXXXXXXXXXXXXXXXXXXXXXXXXXXXXXXXXXXXXXXXXXXXXXXXXXXXXXXXXXXXXXXXXXXXXXXXXXXXXXXXXXXXXXX',3,'st55@mri.ac.tz','+255791260055','student_2.jpg','7c222fb2927d828af22f592134e8932480637c0d',0,'0000:00:00:00:00:00','0000:00:00:00:00:00',1,'ke781',12,'e126',NULL,NULL,1,'2016:07:19:10:44:40',NULL,'c7bcacd6ac7a6d41e4ff395343622bb8',NULL,'g3DR',NULL,47),(58,'tz.student56','student56','midname56','lastname56','Test Student 56',1,'1983:5:6:00:00:00',1,2,2,2,'XXXXXXXXXXXXXXXXXXXXXXXXXXXXXXXXXXXXXXXXXXXXXXXXXXXXXXXXXXXXXXXXXXXXXXXXXXXXXXXXXXXXXXXXXXXXXXXXXXXXXXXXXXXXXXXXXXXXXXXXXXXXXXXXXXXXXXXXXXXXXXXXXXXXXXXXXXXXXXXXXXXXXXXXXXXXXXXXXXXXXXXXXXXXXXXXXXXXXXXXXXXXXXXXXXXXXXXXXXXXXXXXXXXXXXXXXXXXXXXXXXXXXXXXXXXXXXXXXXXXXXXXXXXXXXXXXXXXXXXXXXXXXXXXXXXXXXXXXXXXXXXXXXXXXXXXXXXXXXXXXXXXXXXXXXXXXXXXXXXXXXXXXXXXXXXXXXXXXXXXXXXXXXXXXXXXXXXXXXXXXXXXXXXXXXXXXXXXXXXXXXXXXXXXXXXXXXXXXXXXXXXXXXXXXXXXXXXXXXXXXXXXXXXXXXXXXXXXXXXXXXXXXXXXXXXXXXXXXXXXXXXXXXXXXXXXXXXXXXXXXXXXXXXXXXXX',3,'st56@mri.ac.tz','+255791260056','student_2.jpg','7c222fb2927d828af22f592134e8932480637c0d',0,'0000:00:00:00:00:00','0000:00:00:00:00:00',1,'ke781',12,'e126',NULL,NULL,1,'2016:07:19:10:44:40',NULL,'c7bcacd6ac7a6d41e4ff395343622bb8',NULL,'g3DR',NULL,47),(59,'tz.student57','student57','midname57','lastname57','Test Student 57',1,'1983:5:6:00:00:00',2,2,2,2,'XXXXXXXXXXXXXXXXXXXXXXXXXXXXXXXXXXXXXXXXXXXXXXXXXXXXXXXXXXXXXXXXXXXXXXXXXXXXXXXXXXXXXXXXXXXXXXXXXXXXXXXXXXXXXXXXXXXXXXXXXXXXXXXXXXXXXXXXXXXXXXXXXXXXXXXXXXXXXXXXXXXXXXXXXXXXXXXXXXXXXXXXXXXXXXXXXXXXXXXXXXXXXXXXXXXXXXXXXXXXXXXXXXXXXXXXXXXXXXXXXXXXXXXXXXXXXXXXXXXXXXXXXXXXXXXXXXXXXXXXXXXXXXXXXXXXXXXXXXXXXXXXXXXXXXXXXXXXXXXXXXXXXXXXXXXXXXXXXXXXXXXXXXXXXXXXXXXXXXXXXXXXXXXXXXXXXXXXXXXXXXXXXXXXXXXXXXXXXXXXXXXXXXXXXXXXXXXXXXXXXXXXXXXXXXXXXXXXXXXXXXXXXXXXXXXXXXXXXXXXXXXXXXXXXXXXXXXXXXXXXXXXXXXXXXXXXXXXXXXXXXXXXXXXXXXX',3,'st57@mri.ac.tz','+255791260057','student_2.jpg','7c222fb2927d828af22f592134e8932480637c0d',0,'0000:00:00:00:00:00','0000:00:00:00:00:00',1,'ke781',12,'e126',NULL,NULL,1,'2016:07:19:10:44:40',NULL,'c7bcacd6ac7a6d41e4ff395343622bb8',NULL,'g3DR',NULL,47),(60,'tz.student58','student58','midname58','lastname58','Test Student 58',1,'1983:5:6:00:00:00',1,2,2,2,'XXXXXXXXXXXXXXXXXXXXXXXXXXXXXXXXXXXXXXXXXXXXXXXXXXXXXXXXXXXXXXXXXXXXXXXXXXXXXXXXXXXXXXXXXXXXXXXXXXXXXXXXXXXXXXXXXXXXXXXXXXXXXXXXXXXXXXXXXXXXXXXXXXXXXXXXXXXXXXXXXXXXXXXXXXXXXXXXXXXXXXXXXXXXXXXXXXXXXXXXXXXXXXXXXXXXXXXXXXXXXXXXXXXXXXXXXXXXXXXXXXXXXXXXXXXXXXXXXXXXXXXXXXXXXXXXXXXXXXXXXXXXXXXXXXXXXXXXXXXXXXXXXXXXXXXXXXXXXXXXXXXXXXXXXXXXXXXXXXXXXXXXXXXXXXXXXXXXXXXXXXXXXXXXXXXXXXXXXXXXXXXXXXXXXXXXXXXXXXXXXXXXXXXXXXXXXXXXXXXXXXXXXXXXXXXXXXXXXXXXXXXXXXXXXXXXXXXXXXXXXXXXXXXXXXXXXXXXXXXXXXXXXXXXXXXXXXXXXXXXXXXXXXXXXXXX',3,'st58@mri.ac.tz','+255791260058','student_2.jpg','7c222fb2927d828af22f592134e8932480637c0d',0,'0000:00:00:00:00:00','0000:00:00:00:00:00',1,'ke781',12,'e126',NULL,NULL,1,'2016:07:19:10:44:40',NULL,'c7bcacd6ac7a6d41e4ff395343622bb8',NULL,'g3DR',NULL,47),(61,'tz.student59','student59','midname59','lastname59','Test Student 59',1,'1983:5:6:00:00:00',2,2,2,2,'XXXXXXXXXXXXXXXXXXXXXXXXXXXXXXXXXXXXXXXXXXXXXXXXXXXXXXXXXXXXXXXXXXXXXXXXXXXXXXXXXXXXXXXXXXXXXXXXXXXXXXXXXXXXXXXXXXXXXXXXXXXXXXXXXXXXXXXXXXXXXXXXXXXXXXXXXXXXXXXXXXXXXXXXXXXXXXXXXXXXXXXXXXXXXXXXXXXXXXXXXXXXXXXXXXXXXXXXXXXXXXXXXXXXXXXXXXXXXXXXXXXXXXXXXXXXXXXXXXXXXXXXXXXXXXXXXXXXXXXXXXXXXXXXXXXXXXXXXXXXXXXXXXXXXXXXXXXXXXXXXXXXXXXXXXXXXXXXXXXXXXXXXXXXXXXXXXXXXXXXXXXXXXXXXXXXXXXXXXXXXXXXXXXXXXXXXXXXXXXXXXXXXXXXXXXXXXXXXXXXXXXXXXXXXXXXXXXXXXXXXXXXXXXXXXXXXXXXXXXXXXXXXXXXXXXXXXXXXXXXXXXXXXXXXXXXXXXXXXXXXXXXXXXXXXXX',3,'st59@mri.ac.tz','+255791260059','student_2.jpg','7c222fb2927d828af22f592134e8932480637c0d',0,'0000:00:00:00:00:00','0000:00:00:00:00:00',1,'ke781',12,'e126',NULL,NULL,1,'2016:07:19:10:44:40',NULL,'c7bcacd6ac7a6d41e4ff395343622bb8',NULL,'g3DR',NULL,47),(62,'tz.student60','student60','midname60','lastname60','Test Student 60',1,'1983:5:6:00:00:00',1,2,2,2,'XXXXXXXXXXXXXXXXXXXXXXXXXXXXXXXXXXXXXXXXXXXXXXXXXXXXXXXXXXXXXXXXXXXXXXXXXXXXXXXXXXXXXXXXXXXXXXXXXXXXXXXXXXXXXXXXXXXXXXXXXXXXXXXXXXXXXXXXXXXXXXXXXXXXXXXXXXXXXXXXXXXXXXXXXXXXXXXXXXXXXXXXXXXXXXXXXXXXXXXXXXXXXXXXXXXXXXXXXXXXXXXXXXXXXXXXXXXXXXXXXXXXXXXXXXXXXXXXXXXXXXXXXXXXXXXXXXXXXXXXXXXXXXXXXXXXXXXXXXXXXXXXXXXXXXXXXXXXXXXXXXXXXXXXXXXXXXXXXXXXXXXXXXXXXXXXXXXXXXXXXXXXXXXXXXXXXXXXXXXXXXXXXXXXXXXXXXXXXXXXXXXXXXXXXXXXXXXXXXXXXXXXXXXXXXXXXXXXXXXXXXXXXXXXXXXXXXXXXXXXXXXXXXXXXXXXXXXXXXXXXXXXXXXXXXXXXXXXXXXXXXXXXXXXXXXX',3,'st60@mri.ac.tz','+255791260060','student_2.jpg','7c222fb2927d828af22f592134e8932480637c0d',0,'0000:00:00:00:00:00','0000:00:00:00:00:00',1,'ke781',12,'e126',NULL,NULL,1,'2016:07:19:10:44:40',NULL,'c7bcacd6ac7a6d41e4ff395343622bb8',NULL,'g3DR',NULL,47),(63,'tz.student61','student61','midname61','lastname61','Test Student 61',1,'1983:5:6:00:00:00',2,2,2,2,'XXXXXXXXXXXXXXXXXXXXXXXXXXXXXXXXXXXXXXXXXXXXXXXXXXXXXXXXXXXXXXXXXXXXXXXXXXXXXXXXXXXXXXXXXXXXXXXXXXXXXXXXXXXXXXXXXXXXXXXXXXXXXXXXXXXXXXXXXXXXXXXXXXXXXXXXXXXXXXXXXXXXXXXXXXXXXXXXXXXXXXXXXXXXXXXXXXXXXXXXXXXXXXXXXXXXXXXXXXXXXXXXXXXXXXXXXXXXXXXXXXXXXXXXXXXXXXXXXXXXXXXXXXXXXXXXXXXXXXXXXXXXXXXXXXXXXXXXXXXXXXXXXXXXXXXXXXXXXXXXXXXXXXXXXXXXXXXXXXXXXXXXXXXXXXXXXXXXXXXXXXXXXXXXXXXXXXXXXXXXXXXXXXXXXXXXXXXXXXXXXXXXXXXXXXXXXXXXXXXXXXXXXXXXXXXXXXXXXXXXXXXXXXXXXXXXXXXXXXXXXXXXXXXXXXXXXXXXXXXXXXXXXXXXXXXXXXXXXXXXXXXXXXXXXXXX',3,'st61@mri.ac.tz','+255791260061','student_2.jpg','7c222fb2927d828af22f592134e8932480637c0d',0,'0000:00:00:00:00:00','0000:00:00:00:00:00',1,'ke781',12,'e126',NULL,NULL,1,'2016:07:19:10:44:40',NULL,'c7bcacd6ac7a6d41e4ff395343622bb8',NULL,'g3DR',NULL,47),(64,'tz.student62','student62','midname62','lastname62','Test Student 62',1,'1983:5:6:00:00:00',1,2,2,2,'XXXXXXXXXXXXXXXXXXXXXXXXXXXXXXXXXXXXXXXXXXXXXXXXXXXXXXXXXXXXXXXXXXXXXXXXXXXXXXXXXXXXXXXXXXXXXXXXXXXXXXXXXXXXXXXXXXXXXXXXXXXXXXXXXXXXXXXXXXXXXXXXXXXXXXXXXXXXXXXXXXXXXXXXXXXXXXXXXXXXXXXXXXXXXXXXXXXXXXXXXXXXXXXXXXXXXXXXXXXXXXXXXXXXXXXXXXXXXXXXXXXXXXXXXXXXXXXXXXXXXXXXXXXXXXXXXXXXXXXXXXXXXXXXXXXXXXXXXXXXXXXXXXXXXXXXXXXXXXXXXXXXXXXXXXXXXXXXXXXXXXXXXXXXXXXXXXXXXXXXXXXXXXXXXXXXXXXXXXXXXXXXXXXXXXXXXXXXXXXXXXXXXXXXXXXXXXXXXXXXXXXXXXXXXXXXXXXXXXXXXXXXXXXXXXXXXXXXXXXXXXXXXXXXXXXXXXXXXXXXXXXXXXXXXXXXXXXXXXXXXXXXXXXXXXXX',3,'st62@mri.ac.tz','+255791260062','student_2.jpg','7c222fb2927d828af22f592134e8932480637c0d',0,'0000:00:00:00:00:00','0000:00:00:00:00:00',1,'ke781',12,'e126',NULL,NULL,1,'2016:07:19:10:44:40',NULL,'c7bcacd6ac7a6d41e4ff395343622bb8',NULL,'g3DR',NULL,47),(65,'tz.student63','student63','midname63','lastname63','Test Student 63',1,'1983:5:6:00:00:00',2,2,2,2,'XXXXXXXXXXXXXXXXXXXXXXXXXXXXXXXXXXXXXXXXXXXXXXXXXXXXXXXXXXXXXXXXXXXXXXXXXXXXXXXXXXXXXXXXXXXXXXXXXXXXXXXXXXXXXXXXXXXXXXXXXXXXXXXXXXXXXXXXXXXXXXXXXXXXXXXXXXXXXXXXXXXXXXXXXXXXXXXXXXXXXXXXXXXXXXXXXXXXXXXXXXXXXXXXXXXXXXXXXXXXXXXXXXXXXXXXXXXXXXXXXXXXXXXXXXXXXXXXXXXXXXXXXXXXXXXXXXXXXXXXXXXXXXXXXXXXXXXXXXXXXXXXXXXXXXXXXXXXXXXXXXXXXXXXXXXXXXXXXXXXXXXXXXXXXXXXXXXXXXXXXXXXXXXXXXXXXXXXXXXXXXXXXXXXXXXXXXXXXXXXXXXXXXXXXXXXXXXXXXXXXXXXXXXXXXXXXXXXXXXXXXXXXXXXXXXXXXXXXXXXXXXXXXXXXXXXXXXXXXXXXXXXXXXXXXXXXXXXXXXXXXXXXXXXXXXX',3,'st63@mri.ac.tz','+255791260063','student_2.jpg','7c222fb2927d828af22f592134e8932480637c0d',0,'0000:00:00:00:00:00','0000:00:00:00:00:00',1,'ke781',12,'e126',NULL,NULL,1,'2016:07:19:10:44:40',NULL,'c7bcacd6ac7a6d41e4ff395343622bb8',NULL,'g3DR',NULL,47),(66,'tz.student64','student64','midname64','lastname64','Test Student 64',1,'1983:5:6:00:00:00',1,2,2,2,'XXXXXXXXXXXXXXXXXXXXXXXXXXXXXXXXXXXXXXXXXXXXXXXXXXXXXXXXXXXXXXXXXXXXXXXXXXXXXXXXXXXXXXXXXXXXXXXXXXXXXXXXXXXXXXXXXXXXXXXXXXXXXXXXXXXXXXXXXXXXXXXXXXXXXXXXXXXXXXXXXXXXXXXXXXXXXXXXXXXXXXXXXXXXXXXXXXXXXXXXXXXXXXXXXXXXXXXXXXXXXXXXXXXXXXXXXXXXXXXXXXXXXXXXXXXXXXXXXXXXXXXXXXXXXXXXXXXXXXXXXXXXXXXXXXXXXXXXXXXXXXXXXXXXXXXXXXXXXXXXXXXXXXXXXXXXXXXXXXXXXXXXXXXXXXXXXXXXXXXXXXXXXXXXXXXXXXXXXXXXXXXXXXXXXXXXXXXXXXXXXXXXXXXXXXXXXXXXXXXXXXXXXXXXXXXXXXXXXXXXXXXXXXXXXXXXXXXXXXXXXXXXXXXXXXXXXXXXXXXXXXXXXXXXXXXXXXXXXXXXXXXXXXXXXXXX',3,'st64@mri.ac.tz','+255791260064','student_2.jpg','7c222fb2927d828af22f592134e8932480637c0d',0,'0000:00:00:00:00:00','0000:00:00:00:00:00',1,'ke781',12,'e126',NULL,NULL,1,'2016:07:19:10:44:40',NULL,'c7bcacd6ac7a6d41e4ff395343622bb8',NULL,'g3DR',NULL,47),(67,'tz.student65','student65','midname65','lastname65','Test Student 65',1,'1983:5:6:00:00:00',2,2,2,2,'XXXXXXXXXXXXXXXXXXXXXXXXXXXXXXXXXXXXXXXXXXXXXXXXXXXXXXXXXXXXXXXXXXXXXXXXXXXXXXXXXXXXXXXXXXXXXXXXXXXXXXXXXXXXXXXXXXXXXXXXXXXXXXXXXXXXXXXXXXXXXXXXXXXXXXXXXXXXXXXXXXXXXXXXXXXXXXXXXXXXXXXXXXXXXXXXXXXXXXXXXXXXXXXXXXXXXXXXXXXXXXXXXXXXXXXXXXXXXXXXXXXXXXXXXXXXXXXXXXXXXXXXXXXXXXXXXXXXXXXXXXXXXXXXXXXXXXXXXXXXXXXXXXXXXXXXXXXXXXXXXXXXXXXXXXXXXXXXXXXXXXXXXXXXXXXXXXXXXXXXXXXXXXXXXXXXXXXXXXXXXXXXXXXXXXXXXXXXXXXXXXXXXXXXXXXXXXXXXXXXXXXXXXXXXXXXXXXXXXXXXXXXXXXXXXXXXXXXXXXXXXXXXXXXXXXXXXXXXXXXXXXXXXXXXXXXXXXXXXXXXXXXXXXXXXXX',3,'st65@mri.ac.tz','+255791260065','student_2.jpg','7c222fb2927d828af22f592134e8932480637c0d',0,'0000:00:00:00:00:00','0000:00:00:00:00:00',1,'ke781',12,'e126',NULL,NULL,1,'2016:07:19:10:44:40',NULL,'c7bcacd6ac7a6d41e4ff395343622bb8',NULL,'g3DR',NULL,47),(68,'tz.student66','student66','midname66','lastname66','Test Student 66',1,'1983:5:6:00:00:00',1,2,2,2,'XXXXXXXXXXXXXXXXXXXXXXXXXXXXXXXXXXXXXXXXXXXXXXXXXXXXXXXXXXXXXXXXXXXXXXXXXXXXXXXXXXXXXXXXXXXXXXXXXXXXXXXXXXXXXXXXXXXXXXXXXXXXXXXXXXXXXXXXXXXXXXXXXXXXXXXXXXXXXXXXXXXXXXXXXXXXXXXXXXXXXXXXXXXXXXXXXXXXXXXXXXXXXXXXXXXXXXXXXXXXXXXXXXXXXXXXXXXXXXXXXXXXXXXXXXXXXXXXXXXXXXXXXXXXXXXXXXXXXXXXXXXXXXXXXXXXXXXXXXXXXXXXXXXXXXXXXXXXXXXXXXXXXXXXXXXXXXXXXXXXXXXXXXXXXXXXXXXXXXXXXXXXXXXXXXXXXXXXXXXXXXXXXXXXXXXXXXXXXXXXXXXXXXXXXXXXXXXXXXXXXXXXXXXXXXXXXXXXXXXXXXXXXXXXXXXXXXXXXXXXXXXXXXXXXXXXXXXXXXXXXXXXXXXXXXXXXXXXXXXXXXXXXXXXXXXX',3,'st66@mri.ac.tz','+255791260066','student_2.jpg','7c222fb2927d828af22f592134e8932480637c0d',0,'0000:00:00:00:00:00','0000:00:00:00:00:00',1,'ke781',12,'e126',NULL,NULL,1,'2016:07:19:10:44:40',NULL,'c7bcacd6ac7a6d41e4ff395343622bb8',NULL,'g3DR',NULL,47),(69,'tz.student67','student67','midname67','lastname67','Test Student 67',1,'1983:5:6:00:00:00',2,2,2,2,'XXXXXXXXXXXXXXXXXXXXXXXXXXXXXXXXXXXXXXXXXXXXXXXXXXXXXXXXXXXXXXXXXXXXXXXXXXXXXXXXXXXXXXXXXXXXXXXXXXXXXXXXXXXXXXXXXXXXXXXXXXXXXXXXXXXXXXXXXXXXXXXXXXXXXXXXXXXXXXXXXXXXXXXXXXXXXXXXXXXXXXXXXXXXXXXXXXXXXXXXXXXXXXXXXXXXXXXXXXXXXXXXXXXXXXXXXXXXXXXXXXXXXXXXXXXXXXXXXXXXXXXXXXXXXXXXXXXXXXXXXXXXXXXXXXXXXXXXXXXXXXXXXXXXXXXXXXXXXXXXXXXXXXXXXXXXXXXXXXXXXXXXXXXXXXXXXXXXXXXXXXXXXXXXXXXXXXXXXXXXXXXXXXXXXXXXXXXXXXXXXXXXXXXXXXXXXXXXXXXXXXXXXXXXXXXXXXXXXXXXXXXXXXXXXXXXXXXXXXXXXXXXXXXXXXXXXXXXXXXXXXXXXXXXXXXXXXXXXXXXXXXXXXXXXXXX',3,'st67@mri.ac.tz','+255791260067','student_2.jpg','7c222fb2927d828af22f592134e8932480637c0d',0,'0000:00:00:00:00:00','0000:00:00:00:00:00',1,'ke781',12,'e126',NULL,NULL,1,'2016:07:19:10:44:40',NULL,'c7bcacd6ac7a6d41e4ff395343622bb8',NULL,'g3DR',NULL,47),(70,'tz.student68','student68','midname68','lastname68','Test Student 68',1,'1983:5:6:00:00:00',1,2,2,2,'XXXXXXXXXXXXXXXXXXXXXXXXXXXXXXXXXXXXXXXXXXXXXXXXXXXXXXXXXXXXXXXXXXXXXXXXXXXXXXXXXXXXXXXXXXXXXXXXXXXXXXXXXXXXXXXXXXXXXXXXXXXXXXXXXXXXXXXXXXXXXXXXXXXXXXXXXXXXXXXXXXXXXXXXXXXXXXXXXXXXXXXXXXXXXXXXXXXXXXXXXXXXXXXXXXXXXXXXXXXXXXXXXXXXXXXXXXXXXXXXXXXXXXXXXXXXXXXXXXXXXXXXXXXXXXXXXXXXXXXXXXXXXXXXXXXXXXXXXXXXXXXXXXXXXXXXXXXXXXXXXXXXXXXXXXXXXXXXXXXXXXXXXXXXXXXXXXXXXXXXXXXXXXXXXXXXXXXXXXXXXXXXXXXXXXXXXXXXXXXXXXXXXXXXXXXXXXXXXXXXXXXXXXXXXXXXXXXXXXXXXXXXXXXXXXXXXXXXXXXXXXXXXXXXXXXXXXXXXXXXXXXXXXXXXXXXXXXXXXXXXXXXXXXXXXXX',3,'st68@mri.ac.tz','+255791260068','student_2.jpg','7c222fb2927d828af22f592134e8932480637c0d',0,'0000:00:00:00:00:00','0000:00:00:00:00:00',1,'ke781',12,'e126',NULL,NULL,1,'2016:07:19:10:44:40',NULL,'c7bcacd6ac7a6d41e4ff395343622bb8',NULL,'g3DR',NULL,47),(71,'tz.student69','student69','midname69','lastname69','Test Student 69',1,'1983:5:6:00:00:00',2,2,2,2,'XXXXXXXXXXXXXXXXXXXXXXXXXXXXXXXXXXXXXXXXXXXXXXXXXXXXXXXXXXXXXXXXXXXXXXXXXXXXXXXXXXXXXXXXXXXXXXXXXXXXXXXXXXXXXXXXXXXXXXXXXXXXXXXXXXXXXXXXXXXXXXXXXXXXXXXXXXXXXXXXXXXXXXXXXXXXXXXXXXXXXXXXXXXXXXXXXXXXXXXXXXXXXXXXXXXXXXXXXXXXXXXXXXXXXXXXXXXXXXXXXXXXXXXXXXXXXXXXXXXXXXXXXXXXXXXXXXXXXXXXXXXXXXXXXXXXXXXXXXXXXXXXXXXXXXXXXXXXXXXXXXXXXXXXXXXXXXXXXXXXXXXXXXXXXXXXXXXXXXXXXXXXXXXXXXXXXXXXXXXXXXXXXXXXXXXXXXXXXXXXXXXXXXXXXXXXXXXXXXXXXXXXXXXXXXXXXXXXXXXXXXXXXXXXXXXXXXXXXXXXXXXXXXXXXXXXXXXXXXXXXXXXXXXXXXXXXXXXXXXXXXXXXXXXXXXX',3,'st69@mri.ac.tz','+255791260069','student_2.jpg','7c222fb2927d828af22f592134e8932480637c0d',0,'0000:00:00:00:00:00','0000:00:00:00:00:00',1,'ke781',12,'e126',NULL,NULL,1,'2016:07:19:10:44:40',NULL,'c7bcacd6ac7a6d41e4ff395343622bb8',NULL,'g3DR',NULL,47),(72,'tz.student70','student70','midname70','lastname70','Test Student 70',1,'1983:5:6:00:00:00',1,2,2,2,'XXXXXXXXXXXXXXXXXXXXXXXXXXXXXXXXXXXXXXXXXXXXXXXXXXXXXXXXXXXXXXXXXXXXXXXXXXXXXXXXXXXXXXXXXXXXXXXXXXXXXXXXXXXXXXXXXXXXXXXXXXXXXXXXXXXXXXXXXXXXXXXXXXXXXXXXXXXXXXXXXXXXXXXXXXXXXXXXXXXXXXXXXXXXXXXXXXXXXXXXXXXXXXXXXXXXXXXXXXXXXXXXXXXXXXXXXXXXXXXXXXXXXXXXXXXXXXXXXXXXXXXXXXXXXXXXXXXXXXXXXXXXXXXXXXXXXXXXXXXXXXXXXXXXXXXXXXXXXXXXXXXXXXXXXXXXXXXXXXXXXXXXXXXXXXXXXXXXXXXXXXXXXXXXXXXXXXXXXXXXXXXXXXXXXXXXXXXXXXXXXXXXXXXXXXXXXXXXXXXXXXXXXXXXXXXXXXXXXXXXXXXXXXXXXXXXXXXXXXXXXXXXXXXXXXXXXXXXXXXXXXXXXXXXXXXXXXXXXXXXXXXXXXXXXXXX',3,'st70@mri.ac.tz','+255791260070','student_2.jpg','7c222fb2927d828af22f592134e8932480637c0d',0,'0000:00:00:00:00:00','0000:00:00:00:00:00',1,'ke781',12,'e126',NULL,NULL,1,'2016:07:19:10:44:40',NULL,'c7bcacd6ac7a6d41e4ff395343622bb8',NULL,'g3DR',NULL,47),(73,'tz.student71','student71','midname71','lastname71','Test Student 71',1,'1983:5:6:00:00:00',2,2,2,2,'XXXXXXXXXXXXXXXXXXXXXXXXXXXXXXXXXXXXXXXXXXXXXXXXXXXXXXXXXXXXXXXXXXXXXXXXXXXXXXXXXXXXXXXXXXXXXXXXXXXXXXXXXXXXXXXXXXXXXXXXXXXXXXXXXXXXXXXXXXXXXXXXXXXXXXXXXXXXXXXXXXXXXXXXXXXXXXXXXXXXXXXXXXXXXXXXXXXXXXXXXXXXXXXXXXXXXXXXXXXXXXXXXXXXXXXXXXXXXXXXXXXXXXXXXXXXXXXXXXXXXXXXXXXXXXXXXXXXXXXXXXXXXXXXXXXXXXXXXXXXXXXXXXXXXXXXXXXXXXXXXXXXXXXXXXXXXXXXXXXXXXXXXXXXXXXXXXXXXXXXXXXXXXXXXXXXXXXXXXXXXXXXXXXXXXXXXXXXXXXXXXXXXXXXXXXXXXXXXXXXXXXXXXXXXXXXXXXXXXXXXXXXXXXXXXXXXXXXXXXXXXXXXXXXXXXXXXXXXXXXXXXXXXXXXXXXXXXXXXXXXXXXXXXXXXXX',3,'st71@mri.ac.tz','+255791260071','student_2.jpg','7c222fb2927d828af22f592134e8932480637c0d',0,'0000:00:00:00:00:00','0000:00:00:00:00:00',1,'ke781',12,'e126',NULL,NULL,1,'2016:07:19:10:44:40',NULL,'c7bcacd6ac7a6d41e4ff395343622bb8',NULL,'g3DR',NULL,47),(74,'tz.student72','student72','midname72','lastname72','Test Student 72',1,'1983:5:6:00:00:00',1,2,2,2,'XXXXXXXXXXXXXXXXXXXXXXXXXXXXXXXXXXXXXXXXXXXXXXXXXXXXXXXXXXXXXXXXXXXXXXXXXXXXXXXXXXXXXXXXXXXXXXXXXXXXXXXXXXXXXXXXXXXXXXXXXXXXXXXXXXXXXXXXXXXXXXXXXXXXXXXXXXXXXXXXXXXXXXXXXXXXXXXXXXXXXXXXXXXXXXXXXXXXXXXXXXXXXXXXXXXXXXXXXXXXXXXXXXXXXXXXXXXXXXXXXXXXXXXXXXXXXXXXXXXXXXXXXXXXXXXXXXXXXXXXXXXXXXXXXXXXXXXXXXXXXXXXXXXXXXXXXXXXXXXXXXXXXXXXXXXXXXXXXXXXXXXXXXXXXXXXXXXXXXXXXXXXXXXXXXXXXXXXXXXXXXXXXXXXXXXXXXXXXXXXXXXXXXXXXXXXXXXXXXXXXXXXXXXXXXXXXXXXXXXXXXXXXXXXXXXXXXXXXXXXXXXXXXXXXXXXXXXXXXXXXXXXXXXXXXXXXXXXXXXXXXXXXXXXXXXX',3,'st72@mri.ac.tz','+255791260072','student_2.jpg','7c222fb2927d828af22f592134e8932480637c0d',0,'0000:00:00:00:00:00','0000:00:00:00:00:00',1,'ke781',12,'e126',NULL,NULL,1,'2016:07:19:10:44:40',NULL,'c7bcacd6ac7a6d41e4ff395343622bb8',NULL,'g3DR',NULL,47),(75,'tz.student73','student73','midname73','lastname73','Test Student 73',1,'1983:5:6:00:00:00',2,2,2,2,'XXXXXXXXXXXXXXXXXXXXXXXXXXXXXXXXXXXXXXXXXXXXXXXXXXXXXXXXXXXXXXXXXXXXXXXXXXXXXXXXXXXXXXXXXXXXXXXXXXXXXXXXXXXXXXXXXXXXXXXXXXXXXXXXXXXXXXXXXXXXXXXXXXXXXXXXXXXXXXXXXXXXXXXXXXXXXXXXXXXXXXXXXXXXXXXXXXXXXXXXXXXXXXXXXXXXXXXXXXXXXXXXXXXXXXXXXXXXXXXXXXXXXXXXXXXXXXXXXXXXXXXXXXXXXXXXXXXXXXXXXXXXXXXXXXXXXXXXXXXXXXXXXXXXXXXXXXXXXXXXXXXXXXXXXXXXXXXXXXXXXXXXXXXXXXXXXXXXXXXXXXXXXXXXXXXXXXXXXXXXXXXXXXXXXXXXXXXXXXXXXXXXXXXXXXXXXXXXXXXXXXXXXXXXXXXXXXXXXXXXXXXXXXXXXXXXXXXXXXXXXXXXXXXXXXXXXXXXXXXXXXXXXXXXXXXXXXXXXXXXXXXXXXXXXXXX',3,'st73@mri.ac.tz','+255791260073','student_2.jpg','7c222fb2927d828af22f592134e8932480637c0d',0,'0000:00:00:00:00:00','0000:00:00:00:00:00',1,'ke781',12,'e126',NULL,NULL,1,'2016:07:19:10:44:40',NULL,'c7bcacd6ac7a6d41e4ff395343622bb8',NULL,'g3DR',NULL,47),(76,'tz.student74','student74','midname74','lastname74','Test Student 74',1,'1983:5:6:00:00:00',1,2,2,2,'XXXXXXXXXXXXXXXXXXXXXXXXXXXXXXXXXXXXXXXXXXXXXXXXXXXXXXXXXXXXXXXXXXXXXXXXXXXXXXXXXXXXXXXXXXXXXXXXXXXXXXXXXXXXXXXXXXXXXXXXXXXXXXXXXXXXXXXXXXXXXXXXXXXXXXXXXXXXXXXXXXXXXXXXXXXXXXXXXXXXXXXXXXXXXXXXXXXXXXXXXXXXXXXXXXXXXXXXXXXXXXXXXXXXXXXXXXXXXXXXXXXXXXXXXXXXXXXXXXXXXXXXXXXXXXXXXXXXXXXXXXXXXXXXXXXXXXXXXXXXXXXXXXXXXXXXXXXXXXXXXXXXXXXXXXXXXXXXXXXXXXXXXXXXXXXXXXXXXXXXXXXXXXXXXXXXXXXXXXXXXXXXXXXXXXXXXXXXXXXXXXXXXXXXXXXXXXXXXXXXXXXXXXXXXXXXXXXXXXXXXXXXXXXXXXXXXXXXXXXXXXXXXXXXXXXXXXXXXXXXXXXXXXXXXXXXXXXXXXXXXXXXXXXXXXXX',3,'st74@mri.ac.tz','+255791260074','student_2.jpg','7c222fb2927d828af22f592134e8932480637c0d',0,'0000:00:00:00:00:00','0000:00:00:00:00:00',1,'ke781',12,'e126',NULL,NULL,1,'2016:07:19:10:44:40',NULL,'c7bcacd6ac7a6d41e4ff395343622bb8',NULL,'g3DR',NULL,47),(77,'tz.student75','student75','midname75','lastname75','Test Student 75',1,'1983:5:6:00:00:00',2,2,2,2,'XXXXXXXXXXXXXXXXXXXXXXXXXXXXXXXXXXXXXXXXXXXXXXXXXXXXXXXXXXXXXXXXXXXXXXXXXXXXXXXXXXXXXXXXXXXXXXXXXXXXXXXXXXXXXXXXXXXXXXXXXXXXXXXXXXXXXXXXXXXXXXXXXXXXXXXXXXXXXXXXXXXXXXXXXXXXXXXXXXXXXXXXXXXXXXXXXXXXXXXXXXXXXXXXXXXXXXXXXXXXXXXXXXXXXXXXXXXXXXXXXXXXXXXXXXXXXXXXXXXXXXXXXXXXXXXXXXXXXXXXXXXXXXXXXXXXXXXXXXXXXXXXXXXXXXXXXXXXXXXXXXXXXXXXXXXXXXXXXXXXXXXXXXXXXXXXXXXXXXXXXXXXXXXXXXXXXXXXXXXXXXXXXXXXXXXXXXXXXXXXXXXXXXXXXXXXXXXXXXXXXXXXXXXXXXXXXXXXXXXXXXXXXXXXXXXXXXXXXXXXXXXXXXXXXXXXXXXXXXXXXXXXXXXXXXXXXXXXXXXXXXXXXXXXXXXX',3,'st75@mri.ac.tz','+255791260075','student_2.jpg','7c222fb2927d828af22f592134e8932480637c0d',0,'0000:00:00:00:00:00','0000:00:00:00:00:00',1,'ke781',12,'e126',NULL,NULL,1,'2016:07:19:10:44:40',NULL,'c7bcacd6ac7a6d41e4ff395343622bb8',NULL,'g3DR',NULL,47),(78,'tz.student76','student76','midname76','lastname76','Test Student 76',1,'1983:5:6:00:00:00',1,2,2,2,'XXXXXXXXXXXXXXXXXXXXXXXXXXXXXXXXXXXXXXXXXXXXXXXXXXXXXXXXXXXXXXXXXXXXXXXXXXXXXXXXXXXXXXXXXXXXXXXXXXXXXXXXXXXXXXXXXXXXXXXXXXXXXXXXXXXXXXXXXXXXXXXXXXXXXXXXXXXXXXXXXXXXXXXXXXXXXXXXXXXXXXXXXXXXXXXXXXXXXXXXXXXXXXXXXXXXXXXXXXXXXXXXXXXXXXXXXXXXXXXXXXXXXXXXXXXXXXXXXXXXXXXXXXXXXXXXXXXXXXXXXXXXXXXXXXXXXXXXXXXXXXXXXXXXXXXXXXXXXXXXXXXXXXXXXXXXXXXXXXXXXXXXXXXXXXXXXXXXXXXXXXXXXXXXXXXXXXXXXXXXXXXXXXXXXXXXXXXXXXXXXXXXXXXXXXXXXXXXXXXXXXXXXXXXXXXXXXXXXXXXXXXXXXXXXXXXXXXXXXXXXXXXXXXXXXXXXXXXXXXXXXXXXXXXXXXXXXXXXXXXXXXXXXXXXXXX',3,'st76@mri.ac.tz','+255791260076','student_2.jpg','7c222fb2927d828af22f592134e8932480637c0d',0,'0000:00:00:00:00:00','0000:00:00:00:00:00',1,'ke781',12,'e126',NULL,NULL,1,'2016:07:19:10:44:40',NULL,'c7bcacd6ac7a6d41e4ff395343622bb8',NULL,'g3DR',NULL,47),(79,'tz.student77','student77','midname77','lastname77','Test Student 77',1,'1983:5:6:00:00:00',2,2,2,2,'XXXXXXXXXXXXXXXXXXXXXXXXXXXXXXXXXXXXXXXXXXXXXXXXXXXXXXXXXXXXXXXXXXXXXXXXXXXXXXXXXXXXXXXXXXXXXXXXXXXXXXXXXXXXXXXXXXXXXXXXXXXXXXXXXXXXXXXXXXXXXXXXXXXXXXXXXXXXXXXXXXXXXXXXXXXXXXXXXXXXXXXXXXXXXXXXXXXXXXXXXXXXXXXXXXXXXXXXXXXXXXXXXXXXXXXXXXXXXXXXXXXXXXXXXXXXXXXXXXXXXXXXXXXXXXXXXXXXXXXXXXXXXXXXXXXXXXXXXXXXXXXXXXXXXXXXXXXXXXXXXXXXXXXXXXXXXXXXXXXXXXXXXXXXXXXXXXXXXXXXXXXXXXXXXXXXXXXXXXXXXXXXXXXXXXXXXXXXXXXXXXXXXXXXXXXXXXXXXXXXXXXXXXXXXXXXXXXXXXXXXXXXXXXXXXXXXXXXXXXXXXXXXXXXXXXXXXXXXXXXXXXXXXXXXXXXXXXXXXXXXXXXXXXXXXXX',3,'st77@mri.ac.tz','+255791260077','student_2.jpg','7c222fb2927d828af22f592134e8932480637c0d',0,'0000:00:00:00:00:00','0000:00:00:00:00:00',1,'ke781',12,'e126',NULL,NULL,1,'2016:07:19:10:44:40',NULL,'c7bcacd6ac7a6d41e4ff395343622bb8',NULL,'g3DR',NULL,47),(80,'tz.student78','student78','midname78','lastname78','Test Student 78',1,'1983:5:6:00:00:00',1,2,2,2,'XXXXXXXXXXXXXXXXXXXXXXXXXXXXXXXXXXXXXXXXXXXXXXXXXXXXXXXXXXXXXXXXXXXXXXXXXXXXXXXXXXXXXXXXXXXXXXXXXXXXXXXXXXXXXXXXXXXXXXXXXXXXXXXXXXXXXXXXXXXXXXXXXXXXXXXXXXXXXXXXXXXXXXXXXXXXXXXXXXXXXXXXXXXXXXXXXXXXXXXXXXXXXXXXXXXXXXXXXXXXXXXXXXXXXXXXXXXXXXXXXXXXXXXXXXXXXXXXXXXXXXXXXXXXXXXXXXXXXXXXXXXXXXXXXXXXXXXXXXXXXXXXXXXXXXXXXXXXXXXXXXXXXXXXXXXXXXXXXXXXXXXXXXXXXXXXXXXXXXXXXXXXXXXXXXXXXXXXXXXXXXXXXXXXXXXXXXXXXXXXXXXXXXXXXXXXXXXXXXXXXXXXXXXXXXXXXXXXXXXXXXXXXXXXXXXXXXXXXXXXXXXXXXXXXXXXXXXXXXXXXXXXXXXXXXXXXXXXXXXXXXXXXXXXXXXX',3,'st78@mri.ac.tz','+255791260078','student_2.jpg','7c222fb2927d828af22f592134e8932480637c0d',0,'0000:00:00:00:00:00','0000:00:00:00:00:00',1,'ke781',12,'e126',NULL,NULL,1,'2016:07:19:10:44:40',NULL,'c7bcacd6ac7a6d41e4ff395343622bb8',NULL,'g3DR',NULL,47),(81,'tz.student79','student79','midname79','lastname79','Test Student 79',1,'1983:5:6:00:00:00',2,2,2,2,'XXXXXXXXXXXXXXXXXXXXXXXXXXXXXXXXXXXXXXXXXXXXXXXXXXXXXXXXXXXXXXXXXXXXXXXXXXXXXXXXXXXXXXXXXXXXXXXXXXXXXXXXXXXXXXXXXXXXXXXXXXXXXXXXXXXXXXXXXXXXXXXXXXXXXXXXXXXXXXXXXXXXXXXXXXXXXXXXXXXXXXXXXXXXXXXXXXXXXXXXXXXXXXXXXXXXXXXXXXXXXXXXXXXXXXXXXXXXXXXXXXXXXXXXXXXXXXXXXXXXXXXXXXXXXXXXXXXXXXXXXXXXXXXXXXXXXXXXXXXXXXXXXXXXXXXXXXXXXXXXXXXXXXXXXXXXXXXXXXXXXXXXXXXXXXXXXXXXXXXXXXXXXXXXXXXXXXXXXXXXXXXXXXXXXXXXXXXXXXXXXXXXXXXXXXXXXXXXXXXXXXXXXXXXXXXXXXXXXXXXXXXXXXXXXXXXXXXXXXXXXXXXXXXXXXXXXXXXXXXXXXXXXXXXXXXXXXXXXXXXXXXXXXXXXXXX',3,'st79@mri.ac.tz','+255791260079','student_2.jpg','7c222fb2927d828af22f592134e8932480637c0d',0,'0000:00:00:00:00:00','0000:00:00:00:00:00',1,'ke781',12,'e126',NULL,NULL,1,'2016:07:19:10:44:40',NULL,'c7bcacd6ac7a6d41e4ff395343622bb8',NULL,'g3DR',NULL,47),(82,'tz.student80','student80','midname80','lastname80','Test Student 80',1,'1983:5:6:00:00:00',1,2,2,2,'XXXXXXXXXXXXXXXXXXXXXXXXXXXXXXXXXXXXXXXXXXXXXXXXXXXXXXXXXXXXXXXXXXXXXXXXXXXXXXXXXXXXXXXXXXXXXXXXXXXXXXXXXXXXXXXXXXXXXXXXXXXXXXXXXXXXXXXXXXXXXXXXXXXXXXXXXXXXXXXXXXXXXXXXXXXXXXXXXXXXXXXXXXXXXXXXXXXXXXXXXXXXXXXXXXXXXXXXXXXXXXXXXXXXXXXXXXXXXXXXXXXXXXXXXXXXXXXXXXXXXXXXXXXXXXXXXXXXXXXXXXXXXXXXXXXXXXXXXXXXXXXXXXXXXXXXXXXXXXXXXXXXXXXXXXXXXXXXXXXXXXXXXXXXXXXXXXXXXXXXXXXXXXXXXXXXXXXXXXXXXXXXXXXXXXXXXXXXXXXXXXXXXXXXXXXXXXXXXXXXXXXXXXXXXXXXXXXXXXXXXXXXXXXXXXXXXXXXXXXXXXXXXXXXXXXXXXXXXXXXXXXXXXXXXXXXXXXXXXXXXXXXXXXXXXXX',3,'st80@mri.ac.tz','+255791260080','student_2.jpg','7c222fb2927d828af22f592134e8932480637c0d',0,'0000:00:00:00:00:00','0000:00:00:00:00:00',1,'ke781',12,'e126',NULL,NULL,1,'2016:07:19:10:44:40',NULL,'c7bcacd6ac7a6d41e4ff395343622bb8',NULL,'g3DR',NULL,47),(83,'tz.student81','student81','midname81','lastname81','Test Student 81',1,'1983:5:6:00:00:00',2,2,2,2,'XXXXXXXXXXXXXXXXXXXXXXXXXXXXXXXXXXXXXXXXXXXXXXXXXXXXXXXXXXXXXXXXXXXXXXXXXXXXXXXXXXXXXXXXXXXXXXXXXXXXXXXXXXXXXXXXXXXXXXXXXXXXXXXXXXXXXXXXXXXXXXXXXXXXXXXXXXXXXXXXXXXXXXXXXXXXXXXXXXXXXXXXXXXXXXXXXXXXXXXXXXXXXXXXXXXXXXXXXXXXXXXXXXXXXXXXXXXXXXXXXXXXXXXXXXXXXXXXXXXXXXXXXXXXXXXXXXXXXXXXXXXXXXXXXXXXXXXXXXXXXXXXXXXXXXXXXXXXXXXXXXXXXXXXXXXXXXXXXXXXXXXXXXXXXXXXXXXXXXXXXXXXXXXXXXXXXXXXXXXXXXXXXXXXXXXXXXXXXXXXXXXXXXXXXXXXXXXXXXXXXXXXXXXXXXXXXXXXXXXXXXXXXXXXXXXXXXXXXXXXXXXXXXXXXXXXXXXXXXXXXXXXXXXXXXXXXXXXXXXXXXXXXXXXXXXX',3,'st81@mri.ac.tz','+255791260081','student_2.jpg','7c222fb2927d828af22f592134e8932480637c0d',0,'0000:00:00:00:00:00','0000:00:00:00:00:00',1,'ke781',12,'e126',NULL,NULL,1,'2016:07:19:10:44:40',NULL,'c7bcacd6ac7a6d41e4ff395343622bb8',NULL,'g3DR',NULL,47),(84,'tz.student82','student82','midname82','lastname82','Test Student 82',1,'1983:5:6:00:00:00',1,2,2,2,'XXXXXXXXXXXXXXXXXXXXXXXXXXXXXXXXXXXXXXXXXXXXXXXXXXXXXXXXXXXXXXXXXXXXXXXXXXXXXXXXXXXXXXXXXXXXXXXXXXXXXXXXXXXXXXXXXXXXXXXXXXXXXXXXXXXXXXXXXXXXXXXXXXXXXXXXXXXXXXXXXXXXXXXXXXXXXXXXXXXXXXXXXXXXXXXXXXXXXXXXXXXXXXXXXXXXXXXXXXXXXXXXXXXXXXXXXXXXXXXXXXXXXXXXXXXXXXXXXXXXXXXXXXXXXXXXXXXXXXXXXXXXXXXXXXXXXXXXXXXXXXXXXXXXXXXXXXXXXXXXXXXXXXXXXXXXXXXXXXXXXXXXXXXXXXXXXXXXXXXXXXXXXXXXXXXXXXXXXXXXXXXXXXXXXXXXXXXXXXXXXXXXXXXXXXXXXXXXXXXXXXXXXXXXXXXXXXXXXXXXXXXXXXXXXXXXXXXXXXXXXXXXXXXXXXXXXXXXXXXXXXXXXXXXXXXXXXXXXXXXXXXXXXXXXXXX',3,'st82@mri.ac.tz','+255791260082','student_2.jpg','7c222fb2927d828af22f592134e8932480637c0d',0,'0000:00:00:00:00:00','0000:00:00:00:00:00',1,'ke781',12,'e126',NULL,NULL,1,'2016:07:19:10:44:40',NULL,'c7bcacd6ac7a6d41e4ff395343622bb8',NULL,'g3DR',NULL,47),(85,'tz.student83','student83','midname83','lastname83','Test Student 83',1,'1983:5:6:00:00:00',2,2,2,2,'XXXXXXXXXXXXXXXXXXXXXXXXXXXXXXXXXXXXXXXXXXXXXXXXXXXXXXXXXXXXXXXXXXXXXXXXXXXXXXXXXXXXXXXXXXXXXXXXXXXXXXXXXXXXXXXXXXXXXXXXXXXXXXXXXXXXXXXXXXXXXXXXXXXXXXXXXXXXXXXXXXXXXXXXXXXXXXXXXXXXXXXXXXXXXXXXXXXXXXXXXXXXXXXXXXXXXXXXXXXXXXXXXXXXXXXXXXXXXXXXXXXXXXXXXXXXXXXXXXXXXXXXXXXXXXXXXXXXXXXXXXXXXXXXXXXXXXXXXXXXXXXXXXXXXXXXXXXXXXXXXXXXXXXXXXXXXXXXXXXXXXXXXXXXXXXXXXXXXXXXXXXXXXXXXXXXXXXXXXXXXXXXXXXXXXXXXXXXXXXXXXXXXXXXXXXXXXXXXXXXXXXXXXXXXXXXXXXXXXXXXXXXXXXXXXXXXXXXXXXXXXXXXXXXXXXXXXXXXXXXXXXXXXXXXXXXXXXXXXXXXXXXXXXXXXXX',3,'st83@mri.ac.tz','+255791260083','student_2.jpg','7c222fb2927d828af22f592134e8932480637c0d',0,'0000:00:00:00:00:00','0000:00:00:00:00:00',1,'ke781',12,'e126',NULL,NULL,1,'2016:07:19:10:44:40',NULL,'c7bcacd6ac7a6d41e4ff395343622bb8',NULL,'g3DR',NULL,47),(86,'tz.student84','student84','midname84','lastname84','Test Student 84',1,'1983:5:6:00:00:00',1,2,2,2,'XXXXXXXXXXXXXXXXXXXXXXXXXXXXXXXXXXXXXXXXXXXXXXXXXXXXXXXXXXXXXXXXXXXXXXXXXXXXXXXXXXXXXXXXXXXXXXXXXXXXXXXXXXXXXXXXXXXXXXXXXXXXXXXXXXXXXXXXXXXXXXXXXXXXXXXXXXXXXXXXXXXXXXXXXXXXXXXXXXXXXXXXXXXXXXXXXXXXXXXXXXXXXXXXXXXXXXXXXXXXXXXXXXXXXXXXXXXXXXXXXXXXXXXXXXXXXXXXXXXXXXXXXXXXXXXXXXXXXXXXXXXXXXXXXXXXXXXXXXXXXXXXXXXXXXXXXXXXXXXXXXXXXXXXXXXXXXXXXXXXXXXXXXXXXXXXXXXXXXXXXXXXXXXXXXXXXXXXXXXXXXXXXXXXXXXXXXXXXXXXXXXXXXXXXXXXXXXXXXXXXXXXXXXXXXXXXXXXXXXXXXXXXXXXXXXXXXXXXXXXXXXXXXXXXXXXXXXXXXXXXXXXXXXXXXXXXXXXXXXXXXXXXXXXXXXX',3,'st84@mri.ac.tz','+255791260084','student_2.jpg','7c222fb2927d828af22f592134e8932480637c0d',0,'0000:00:00:00:00:00','0000:00:00:00:00:00',1,'ke781',12,'e126',NULL,NULL,1,'2016:07:19:10:44:40',NULL,'c7bcacd6ac7a6d41e4ff395343622bb8',NULL,'g3DR',NULL,47),(87,'tz.student85','student85','midname85','lastname85','Test Student 85',1,'1983:5:6:00:00:00',2,2,2,2,'XXXXXXXXXXXXXXXXXXXXXXXXXXXXXXXXXXXXXXXXXXXXXXXXXXXXXXXXXXXXXXXXXXXXXXXXXXXXXXXXXXXXXXXXXXXXXXXXXXXXXXXXXXXXXXXXXXXXXXXXXXXXXXXXXXXXXXXXXXXXXXXXXXXXXXXXXXXXXXXXXXXXXXXXXXXXXXXXXXXXXXXXXXXXXXXXXXXXXXXXXXXXXXXXXXXXXXXXXXXXXXXXXXXXXXXXXXXXXXXXXXXXXXXXXXXXXXXXXXXXXXXXXXXXXXXXXXXXXXXXXXXXXXXXXXXXXXXXXXXXXXXXXXXXXXXXXXXXXXXXXXXXXXXXXXXXXXXXXXXXXXXXXXXXXXXXXXXXXXXXXXXXXXXXXXXXXXXXXXXXXXXXXXXXXXXXXXXXXXXXXXXXXXXXXXXXXXXXXXXXXXXXXXXXXXXXXXXXXXXXXXXXXXXXXXXXXXXXXXXXXXXXXXXXXXXXXXXXXXXXXXXXXXXXXXXXXXXXXXXXXXXXXXXXXXXX',3,'st85@mri.ac.tz','+255791260085','student_2.jpg','7c222fb2927d828af22f592134e8932480637c0d',0,'0000:00:00:00:00:00','0000:00:00:00:00:00',1,'ke781',12,'e126',NULL,NULL,1,'2016:07:19:10:44:40',NULL,'c7bcacd6ac7a6d41e4ff395343622bb8',NULL,'g3DR',NULL,47),(88,'tz.student86','student86','midname86','lastname86','Test Student 86',1,'1983:5:6:00:00:00',1,2,2,2,'XXXXXXXXXXXXXXXXXXXXXXXXXXXXXXXXXXXXXXXXXXXXXXXXXXXXXXXXXXXXXXXXXXXXXXXXXXXXXXXXXXXXXXXXXXXXXXXXXXXXXXXXXXXXXXXXXXXXXXXXXXXXXXXXXXXXXXXXXXXXXXXXXXXXXXXXXXXXXXXXXXXXXXXXXXXXXXXXXXXXXXXXXXXXXXXXXXXXXXXXXXXXXXXXXXXXXXXXXXXXXXXXXXXXXXXXXXXXXXXXXXXXXXXXXXXXXXXXXXXXXXXXXXXXXXXXXXXXXXXXXXXXXXXXXXXXXXXXXXXXXXXXXXXXXXXXXXXXXXXXXXXXXXXXXXXXXXXXXXXXXXXXXXXXXXXXXXXXXXXXXXXXXXXXXXXXXXXXXXXXXXXXXXXXXXXXXXXXXXXXXXXXXXXXXXXXXXXXXXXXXXXXXXXXXXXXXXXXXXXXXXXXXXXXXXXXXXXXXXXXXXXXXXXXXXXXXXXXXXXXXXXXXXXXXXXXXXXXXXXXXXXXXXXXXXXX',3,'st86@mri.ac.tz','+255791260086','student_2.jpg','7c222fb2927d828af22f592134e8932480637c0d',0,'0000:00:00:00:00:00','0000:00:00:00:00:00',1,'ke781',12,'e126',NULL,NULL,1,'2016:07:19:10:44:40',NULL,'c7bcacd6ac7a6d41e4ff395343622bb8',NULL,'g3DR',NULL,47),(89,'tz.student87','student87','midname87','lastname87','Test Student 87',1,'1983:5:6:00:00:00',2,2,2,2,'XXXXXXXXXXXXXXXXXXXXXXXXXXXXXXXXXXXXXXXXXXXXXXXXXXXXXXXXXXXXXXXXXXXXXXXXXXXXXXXXXXXXXXXXXXXXXXXXXXXXXXXXXXXXXXXXXXXXXXXXXXXXXXXXXXXXXXXXXXXXXXXXXXXXXXXXXXXXXXXXXXXXXXXXXXXXXXXXXXXXXXXXXXXXXXXXXXXXXXXXXXXXXXXXXXXXXXXXXXXXXXXXXXXXXXXXXXXXXXXXXXXXXXXXXXXXXXXXXXXXXXXXXXXXXXXXXXXXXXXXXXXXXXXXXXXXXXXXXXXXXXXXXXXXXXXXXXXXXXXXXXXXXXXXXXXXXXXXXXXXXXXXXXXXXXXXXXXXXXXXXXXXXXXXXXXXXXXXXXXXXXXXXXXXXXXXXXXXXXXXXXXXXXXXXXXXXXXXXXXXXXXXXXXXXXXXXXXXXXXXXXXXXXXXXXXXXXXXXXXXXXXXXXXXXXXXXXXXXXXXXXXXXXXXXXXXXXXXXXXXXXXXXXXXXXXX',3,'st87@mri.ac.tz','+255791260087','student_2.jpg','7c222fb2927d828af22f592134e8932480637c0d',0,'0000:00:00:00:00:00','0000:00:00:00:00:00',1,'ke781',12,'e126',NULL,NULL,1,'2016:07:19:10:44:40',NULL,'c7bcacd6ac7a6d41e4ff395343622bb8',NULL,'g3DR',NULL,47),(90,'tz.student88','student88','midname88','lastname88','Test Student 88',1,'1983:5:6:00:00:00',1,2,2,2,'XXXXXXXXXXXXXXXXXXXXXXXXXXXXXXXXXXXXXXXXXXXXXXXXXXXXXXXXXXXXXXXXXXXXXXXXXXXXXXXXXXXXXXXXXXXXXXXXXXXXXXXXXXXXXXXXXXXXXXXXXXXXXXXXXXXXXXXXXXXXXXXXXXXXXXXXXXXXXXXXXXXXXXXXXXXXXXXXXXXXXXXXXXXXXXXXXXXXXXXXXXXXXXXXXXXXXXXXXXXXXXXXXXXXXXXXXXXXXXXXXXXXXXXXXXXXXXXXXXXXXXXXXXXXXXXXXXXXXXXXXXXXXXXXXXXXXXXXXXXXXXXXXXXXXXXXXXXXXXXXXXXXXXXXXXXXXXXXXXXXXXXXXXXXXXXXXXXXXXXXXXXXXXXXXXXXXXXXXXXXXXXXXXXXXXXXXXXXXXXXXXXXXXXXXXXXXXXXXXXXXXXXXXXXXXXXXXXXXXXXXXXXXXXXXXXXXXXXXXXXXXXXXXXXXXXXXXXXXXXXXXXXXXXXXXXXXXXXXXXXXXXXXXXXXXXX',3,'st88@mri.ac.tz','+255791260088','student_2.jpg','7c222fb2927d828af22f592134e8932480637c0d',0,'0000:00:00:00:00:00','0000:00:00:00:00:00',1,'ke781',12,'e126',NULL,NULL,1,'2016:07:19:10:44:40',NULL,'c7bcacd6ac7a6d41e4ff395343622bb8',NULL,'g3DR',NULL,47),(91,'tz.student89','student89','midname89','lastname89','Test Student 89',1,'1983:5:6:00:00:00',2,2,2,2,'XXXXXXXXXXXXXXXXXXXXXXXXXXXXXXXXXXXXXXXXXXXXXXXXXXXXXXXXXXXXXXXXXXXXXXXXXXXXXXXXXXXXXXXXXXXXXXXXXXXXXXXXXXXXXXXXXXXXXXXXXXXXXXXXXXXXXXXXXXXXXXXXXXXXXXXXXXXXXXXXXXXXXXXXXXXXXXXXXXXXXXXXXXXXXXXXXXXXXXXXXXXXXXXXXXXXXXXXXXXXXXXXXXXXXXXXXXXXXXXXXXXXXXXXXXXXXXXXXXXXXXXXXXXXXXXXXXXXXXXXXXXXXXXXXXXXXXXXXXXXXXXXXXXXXXXXXXXXXXXXXXXXXXXXXXXXXXXXXXXXXXXXXXXXXXXXXXXXXXXXXXXXXXXXXXXXXXXXXXXXXXXXXXXXXXXXXXXXXXXXXXXXXXXXXXXXXXXXXXXXXXXXXXXXXXXXXXXXXXXXXXXXXXXXXXXXXXXXXXXXXXXXXXXXXXXXXXXXXXXXXXXXXXXXXXXXXXXXXXXXXXXXXXXXXXXX',3,'st89@mri.ac.tz','+255791260089','student_2.jpg','7c222fb2927d828af22f592134e8932480637c0d',0,'0000:00:00:00:00:00','0000:00:00:00:00:00',1,'ke781',12,'e126',NULL,NULL,1,'2016:07:19:10:44:40',NULL,'c7bcacd6ac7a6d41e4ff395343622bb8',NULL,'g3DR',NULL,47),(92,'tz.student90','student90','midname90','lastname90','Test Student 90',1,'1983:5:6:00:00:00',1,2,2,2,'XXXXXXXXXXXXXXXXXXXXXXXXXXXXXXXXXXXXXXXXXXXXXXXXXXXXXXXXXXXXXXXXXXXXXXXXXXXXXXXXXXXXXXXXXXXXXXXXXXXXXXXXXXXXXXXXXXXXXXXXXXXXXXXXXXXXXXXXXXXXXXXXXXXXXXXXXXXXXXXXXXXXXXXXXXXXXXXXXXXXXXXXXXXXXXXXXXXXXXXXXXXXXXXXXXXXXXXXXXXXXXXXXXXXXXXXXXXXXXXXXXXXXXXXXXXXXXXXXXXXXXXXXXXXXXXXXXXXXXXXXXXXXXXXXXXXXXXXXXXXXXXXXXXXXXXXXXXXXXXXXXXXXXXXXXXXXXXXXXXXXXXXXXXXXXXXXXXXXXXXXXXXXXXXXXXXXXXXXXXXXXXXXXXXXXXXXXXXXXXXXXXXXXXXXXXXXXXXXXXXXXXXXXXXXXXXXXXXXXXXXXXXXXXXXXXXXXXXXXXXXXXXXXXXXXXXXXXXXXXXXXXXXXXXXXXXXXXXXXXXXXXXXXXXXXXX',3,'st90@mri.ac.tz','+255791260090','student_2.jpg','7c222fb2927d828af22f592134e8932480637c0d',0,'0000:00:00:00:00:00','0000:00:00:00:00:00',1,'ke781',12,'e126',NULL,NULL,1,'2016:07:19:10:44:40',NULL,'c7bcacd6ac7a6d41e4ff395343622bb8',NULL,'g3DR',NULL,47),(93,'tz.student91','student91','midname91','lastname91','Test Student 91',1,'1983:5:6:00:00:00',2,2,2,2,'XXXXXXXXXXXXXXXXXXXXXXXXXXXXXXXXXXXXXXXXXXXXXXXXXXXXXXXXXXXXXXXXXXXXXXXXXXXXXXXXXXXXXXXXXXXXXXXXXXXXXXXXXXXXXXXXXXXXXXXXXXXXXXXXXXXXXXXXXXXXXXXXXXXXXXXXXXXXXXXXXXXXXXXXXXXXXXXXXXXXXXXXXXXXXXXXXXXXXXXXXXXXXXXXXXXXXXXXXXXXXXXXXXXXXXXXXXXXXXXXXXXXXXXXXXXXXXXXXXXXXXXXXXXXXXXXXXXXXXXXXXXXXXXXXXXXXXXXXXXXXXXXXXXXXXXXXXXXXXXXXXXXXXXXXXXXXXXXXXXXXXXXXXXXXXXXXXXXXXXXXXXXXXXXXXXXXXXXXXXXXXXXXXXXXXXXXXXXXXXXXXXXXXXXXXXXXXXXXXXXXXXXXXXXXXXXXXXXXXXXXXXXXXXXXXXXXXXXXXXXXXXXXXXXXXXXXXXXXXXXXXXXXXXXXXXXXXXXXXXXXXXXXXXXXXXX',3,'st91@mri.ac.tz','+255791260091','student_2.jpg','7c222fb2927d828af22f592134e8932480637c0d',0,'0000:00:00:00:00:00','0000:00:00:00:00:00',1,'ke781',12,'e126',NULL,NULL,1,'2016:07:19:10:44:40',NULL,'c7bcacd6ac7a6d41e4ff395343622bb8',NULL,'g3DR',NULL,47),(94,'tz.student92','student92','midname92','lastname92','Test Student 92',1,'1983:5:6:00:00:00',1,2,2,2,'XXXXXXXXXXXXXXXXXXXXXXXXXXXXXXXXXXXXXXXXXXXXXXXXXXXXXXXXXXXXXXXXXXXXXXXXXXXXXXXXXXXXXXXXXXXXXXXXXXXXXXXXXXXXXXXXXXXXXXXXXXXXXXXXXXXXXXXXXXXXXXXXXXXXXXXXXXXXXXXXXXXXXXXXXXXXXXXXXXXXXXXXXXXXXXXXXXXXXXXXXXXXXXXXXXXXXXXXXXXXXXXXXXXXXXXXXXXXXXXXXXXXXXXXXXXXXXXXXXXXXXXXXXXXXXXXXXXXXXXXXXXXXXXXXXXXXXXXXXXXXXXXXXXXXXXXXXXXXXXXXXXXXXXXXXXXXXXXXXXXXXXXXXXXXXXXXXXXXXXXXXXXXXXXXXXXXXXXXXXXXXXXXXXXXXXXXXXXXXXXXXXXXXXXXXXXXXXXXXXXXXXXXXXXXXXXXXXXXXXXXXXXXXXXXXXXXXXXXXXXXXXXXXXXXXXXXXXXXXXXXXXXXXXXXXXXXXXXXXXXXXXXXXXXXXXX',3,'st92@mri.ac.tz','+255791260092','student_2.jpg','7c222fb2927d828af22f592134e8932480637c0d',0,'0000:00:00:00:00:00','0000:00:00:00:00:00',1,'ke781',12,'e126',NULL,NULL,1,'2016:07:19:10:44:40',NULL,'c7bcacd6ac7a6d41e4ff395343622bb8',NULL,'g3DR',NULL,47),(95,'tz.student93','student93','midname93','lastname93','Test Student 93',1,'1983:5:6:00:00:00',2,2,2,2,'XXXXXXXXXXXXXXXXXXXXXXXXXXXXXXXXXXXXXXXXXXXXXXXXXXXXXXXXXXXXXXXXXXXXXXXXXXXXXXXXXXXXXXXXXXXXXXXXXXXXXXXXXXXXXXXXXXXXXXXXXXXXXXXXXXXXXXXXXXXXXXXXXXXXXXXXXXXXXXXXXXXXXXXXXXXXXXXXXXXXXXXXXXXXXXXXXXXXXXXXXXXXXXXXXXXXXXXXXXXXXXXXXXXXXXXXXXXXXXXXXXXXXXXXXXXXXXXXXXXXXXXXXXXXXXXXXXXXXXXXXXXXXXXXXXXXXXXXXXXXXXXXXXXXXXXXXXXXXXXXXXXXXXXXXXXXXXXXXXXXXXXXXXXXXXXXXXXXXXXXXXXXXXXXXXXXXXXXXXXXXXXXXXXXXXXXXXXXXXXXXXXXXXXXXXXXXXXXXXXXXXXXXXXXXXXXXXXXXXXXXXXXXXXXXXXXXXXXXXXXXXXXXXXXXXXXXXXXXXXXXXXXXXXXXXXXXXXXXXXXXXXXXXXXXXXX',3,'st93@mri.ac.tz','+255791260093','student_2.jpg','7c222fb2927d828af22f592134e8932480637c0d',0,'0000:00:00:00:00:00','0000:00:00:00:00:00',1,'ke781',12,'e126',NULL,NULL,1,'2016:07:19:10:44:40',NULL,'c7bcacd6ac7a6d41e4ff395343622bb8',NULL,'g3DR',NULL,47),(96,'tz.student94','student94','midname94','lastname94','Test Student 94',1,'1983:5:6:00:00:00',1,2,2,2,'XXXXXXXXXXXXXXXXXXXXXXXXXXXXXXXXXXXXXXXXXXXXXXXXXXXXXXXXXXXXXXXXXXXXXXXXXXXXXXXXXXXXXXXXXXXXXXXXXXXXXXXXXXXXXXXXXXXXXXXXXXXXXXXXXXXXXXXXXXXXXXXXXXXXXXXXXXXXXXXXXXXXXXXXXXXXXXXXXXXXXXXXXXXXXXXXXXXXXXXXXXXXXXXXXXXXXXXXXXXXXXXXXXXXXXXXXXXXXXXXXXXXXXXXXXXXXXXXXXXXXXXXXXXXXXXXXXXXXXXXXXXXXXXXXXXXXXXXXXXXXXXXXXXXXXXXXXXXXXXXXXXXXXXXXXXXXXXXXXXXXXXXXXXXXXXXXXXXXXXXXXXXXXXXXXXXXXXXXXXXXXXXXXXXXXXXXXXXXXXXXXXXXXXXXXXXXXXXXXXXXXXXXXXXXXXXXXXXXXXXXXXXXXXXXXXXXXXXXXXXXXXXXXXXXXXXXXXXXXXXXXXXXXXXXXXXXXXXXXXXXXXXXXXXXXXX',3,'st94@mri.ac.tz','+255791260094','student_2.jpg','7c222fb2927d828af22f592134e8932480637c0d',0,'0000:00:00:00:00:00','0000:00:00:00:00:00',1,'ke781',12,'e126',NULL,NULL,1,'2016:07:19:10:44:40',NULL,'c7bcacd6ac7a6d41e4ff395343622bb8',NULL,'g3DR',NULL,47),(97,'tz.student95','student95','midname95','lastname95','Test Student 95',1,'1983:5:6:00:00:00',2,2,2,2,'XXXXXXXXXXXXXXXXXXXXXXXXXXXXXXXXXXXXXXXXXXXXXXXXXXXXXXXXXXXXXXXXXXXXXXXXXXXXXXXXXXXXXXXXXXXXXXXXXXXXXXXXXXXXXXXXXXXXXXXXXXXXXXXXXXXXXXXXXXXXXXXXXXXXXXXXXXXXXXXXXXXXXXXXXXXXXXXXXXXXXXXXXXXXXXXXXXXXXXXXXXXXXXXXXXXXXXXXXXXXXXXXXXXXXXXXXXXXXXXXXXXXXXXXXXXXXXXXXXXXXXXXXXXXXXXXXXXXXXXXXXXXXXXXXXXXXXXXXXXXXXXXXXXXXXXXXXXXXXXXXXXXXXXXXXXXXXXXXXXXXXXXXXXXXXXXXXXXXXXXXXXXXXXXXXXXXXXXXXXXXXXXXXXXXXXXXXXXXXXXXXXXXXXXXXXXXXXXXXXXXXXXXXXXXXXXXXXXXXXXXXXXXXXXXXXXXXXXXXXXXXXXXXXXXXXXXXXXXXXXXXXXXXXXXXXXXXXXXXXXXXXXXXXXXXXX',3,'st95@mri.ac.tz','+255791260095','student_2.jpg','7c222fb2927d828af22f592134e8932480637c0d',0,'0000:00:00:00:00:00','0000:00:00:00:00:00',1,'ke781',12,'e126',NULL,NULL,1,'2016:07:19:10:44:40',NULL,'c7bcacd6ac7a6d41e4ff395343622bb8',NULL,'g3DR',NULL,47),(98,'tz.student96','student96','midname96','lastname96','Test Student 96',1,'1983:5:6:00:00:00',1,2,2,2,'XXXXXXXXXXXXXXXXXXXXXXXXXXXXXXXXXXXXXXXXXXXXXXXXXXXXXXXXXXXXXXXXXXXXXXXXXXXXXXXXXXXXXXXXXXXXXXXXXXXXXXXXXXXXXXXXXXXXXXXXXXXXXXXXXXXXXXXXXXXXXXXXXXXXXXXXXXXXXXXXXXXXXXXXXXXXXXXXXXXXXXXXXXXXXXXXXXXXXXXXXXXXXXXXXXXXXXXXXXXXXXXXXXXXXXXXXXXXXXXXXXXXXXXXXXXXXXXXXXXXXXXXXXXXXXXXXXXXXXXXXXXXXXXXXXXXXXXXXXXXXXXXXXXXXXXXXXXXXXXXXXXXXXXXXXXXXXXXXXXXXXXXXXXXXXXXXXXXXXXXXXXXXXXXXXXXXXXXXXXXXXXXXXXXXXXXXXXXXXXXXXXXXXXXXXXXXXXXXXXXXXXXXXXXXXXXXXXXXXXXXXXXXXXXXXXXXXXXXXXXXXXXXXXXXXXXXXXXXXXXXXXXXXXXXXXXXXXXXXXXXXXXXXXXXXXX',3,'st96@mri.ac.tz','+255791260096','student_2.jpg','7c222fb2927d828af22f592134e8932480637c0d',0,'0000:00:00:00:00:00','0000:00:00:00:00:00',1,'ke781',12,'e126',NULL,NULL,1,'2016:07:19:10:44:40',NULL,'c7bcacd6ac7a6d41e4ff395343622bb8',NULL,'g3DR',NULL,47),(99,'tz.student97','student97','midname97','lastname97','Test Student 97',1,'1983:5:6:00:00:00',2,2,2,2,'XXXXXXXXXXXXXXXXXXXXXXXXXXXXXXXXXXXXXXXXXXXXXXXXXXXXXXXXXXXXXXXXXXXXXXXXXXXXXXXXXXXXXXXXXXXXXXXXXXXXXXXXXXXXXXXXXXXXXXXXXXXXXXXXXXXXXXXXXXXXXXXXXXXXXXXXXXXXXXXXXXXXXXXXXXXXXXXXXXXXXXXXXXXXXXXXXXXXXXXXXXXXXXXXXXXXXXXXXXXXXXXXXXXXXXXXXXXXXXXXXXXXXXXXXXXXXXXXXXXXXXXXXXXXXXXXXXXXXXXXXXXXXXXXXXXXXXXXXXXXXXXXXXXXXXXXXXXXXXXXXXXXXXXXXXXXXXXXXXXXXXXXXXXXXXXXXXXXXXXXXXXXXXXXXXXXXXXXXXXXXXXXXXXXXXXXXXXXXXXXXXXXXXXXXXXXXXXXXXXXXXXXXXXXXXXXXXXXXXXXXXXXXXXXXXXXXXXXXXXXXXXXXXXXXXXXXXXXXXXXXXXXXXXXXXXXXXXXXXXXXXXXXXXXXXXX',3,'st97@mri.ac.tz','+255791260097','student_2.jpg','7c222fb2927d828af22f592134e8932480637c0d',0,'0000:00:00:00:00:00','0000:00:00:00:00:00',1,'ke781',12,'e126',NULL,NULL,1,'2016:07:19:10:44:40',NULL,'c7bcacd6ac7a6d41e4ff395343622bb8',NULL,'g3DR',NULL,47),(100,'tz.student98','student98','midname98','lastname98','Test Student 98',1,'1983:5:6:00:00:00',1,2,2,2,'XXXXXXXXXXXXXXXXXXXXXXXXXXXXXXXXXXXXXXXXXXXXXXXXXXXXXXXXXXXXXXXXXXXXXXXXXXXXXXXXXXXXXXXXXXXXXXXXXXXXXXXXXXXXXXXXXXXXXXXXXXXXXXXXXXXXXXXXXXXXXXXXXXXXXXXXXXXXXXXXXXXXXXXXXXXXXXXXXXXXXXXXXXXXXXXXXXXXXXXXXXXXXXXXXXXXXXXXXXXXXXXXXXXXXXXXXXXXXXXXXXXXXXXXXXXXXXXXXXXXXXXXXXXXXXXXXXXXXXXXXXXXXXXXXXXXXXXXXXXXXXXXXXXXXXXXXXXXXXXXXXXXXXXXXXXXXXXXXXXXXXXXXXXXXXXXXXXXXXXXXXXXXXXXXXXXXXXXXXXXXXXXXXXXXXXXXXXXXXXXXXXXXXXXXXXXXXXXXXXXXXXXXXXXXXXXXXXXXXXXXXXXXXXXXXXXXXXXXXXXXXXXXXXXXXXXXXXXXXXXXXXXXXXXXXXXXXXXXXXXXXXXXXXXXXXX',3,'st98@mri.ac.tz','+255791260098','student_2.jpg','7c222fb2927d828af22f592134e8932480637c0d',0,'0000:00:00:00:00:00','0000:00:00:00:00:00',1,'ke781',12,'e126',NULL,NULL,1,'2016:07:19:10:44:40',NULL,'c7bcacd6ac7a6d41e4ff395343622bb8',NULL,'g3DR',NULL,47),(101,'tz.student99','student99','midname99','lastname99','Test Student 99',1,'1983:5:6:00:00:00',2,2,2,2,'XXXXXXXXXXXXXXXXXXXXXXXXXXXXXXXXXXXXXXXXXXXXXXXXXXXXXXXXXXXXXXXXXXXXXXXXXXXXXXXXXXXXXXXXXXXXXXXXXXXXXXXXXXXXXXXXXXXXXXXXXXXXXXXXXXXXXXXXXXXXXXXXXXXXXXXXXXXXXXXXXXXXXXXXXXXXXXXXXXXXXXXXXXXXXXXXXXXXXXXXXXXXXXXXXXXXXXXXXXXXXXXXXXXXXXXXXXXXXXXXXXXXXXXXXXXXXXXXXXXXXXXXXXXXXXXXXXXXXXXXXXXXXXXXXXXXXXXXXXXXXXXXXXXXXXXXXXXXXXXXXXXXXXXXXXXXXXXXXXXXXXXXXXXXXXXXXXXXXXXXXXXXXXXXXXXXXXXXXXXXXXXXXXXXXXXXXXXXXXXXXXXXXXXXXXXXXXXXXXXXXXXXXXXXXXXXXXXXXXXXXXXXXXXXXXXXXXXXXXXXXXXXXXXXXXXXXXXXXXXXXXXXXXXXXXXXXXXXXXXXXXXXXXXXXXXX',3,'st99@mri.ac.tz','+255791260099','student_2.jpg','7c222fb2927d828af22f592134e8932480637c0d',0,'0000:00:00:00:00:00','0000:00:00:00:00:00',1,'ke781',12,'e126',NULL,NULL,1,'2016:07:19:10:44:40',NULL,'c7bcacd6ac7a6d41e4ff395343622bb8',NULL,'g3DR',NULL,47),(102,'tz.student100','student100','midname100','lastname100','Test Student 100',1,'1983:5:6:00:00:00',1,2,2,2,'XXXXXXXXXXXXXXXXXXXXXXXXXXXXXXXXXXXXXXXXXXXXXXXXXXXXXXXXXXXXXXXXXXXXXXXXXXXXXXXXXXXXXXXXXXXXXXXXXXXXXXXXXXXXXXXXXXXXXXXXXXXXXXXXXXXXXXXXXXXXXXXXXXXXXXXXXXXXXXXXXXXXXXXXXXXXXXXXXXXXXXXXXXXXXXXXXXXXXXXXXXXXXXXXXXXXXXXXXXXXXXXXXXXXXXXXXXXXXXXXXXXXXXXXXXXXXXXXXXXXXXXXXXXXXXXXXXXXXXXXXXXXXXXXXXXXXXXXXXXXXXXXXXXXXXXXXXXXXXXXXXXXXXXXXXXXXXXXXXXXXXXXXXXXXXXXXXXXXXXXXXXXXXXXXXXXXXXXXXXXXXXXXXXXXXXXXXXXXXXXXXXXXXXXXXXXXXXXXXXXXXXXXXXXXXXXXXXXXXXXXXXXXXXXXXXXXXXXXXXXXXXXXXXXXXXXXXXXXXXXXXXXXXXXXXXXXXXXXXXXXXXXXXXXXXXX',3,'st100@mri.ac.tz','+255791260100','student_2.jpg','7c222fb2927d828af22f592134e8932480637c0d',0,'0000:00:00:00:00:00','0000:00:00:00:00:00',1,'ke781',12,'e126',NULL,NULL,1,'2016:07:19:10:44:40',NULL,'c7bcacd6ac7a6d41e4ff395343622bb8',NULL,'g3DR',NULL,47),(103,'tz.student101','student101','midname101','lastname101','Test Student 101',1,'1983:5:6:00:00:00',2,2,2,2,'XXXXXXXXXXXXXXXXXXXXXXXXXXXXXXXXXXXXXXXXXXXXXXXXXXXXXXXXXXXXXXXXXXXXXXXXXXXXXXXXXXXXXXXXXXXXXXXXXXXXXXXXXXXXXXXXXXXXXXXXXXXXXXXXXXXXXXXXXXXXXXXXXXXXXXXXXXXXXXXXXXXXXXXXXXXXXXXXXXXXXXXXXXXXXXXXXXXXXXXXXXXXXXXXXXXXXXXXXXXXXXXXXXXXXXXXXXXXXXXXXXXXXXXXXXXXXXXXXXXXXXXXXXXXXXXXXXXXXXXXXXXXXXXXXXXXXXXXXXXXXXXXXXXXXXXXXXXXXXXXXXXXXXXXXXXXXXXXXXXXXXXXXXXXXXXXXXXXXXXXXXXXXXXXXXXXXXXXXXXXXXXXXXXXXXXXXXXXXXXXXXXXXXXXXXXXXXXXXXXXXXXXXXXXXXXXXXXXXXXXXXXXXXXXXXXXXXXXXXXXXXXXXXXXXXXXXXXXXXXXXXXXXXXXXXXXXXXXXXXXXXXXXXXXXXXX',3,'st101@mri.ac.tz','+255791260101','student_2.jpg','7c222fb2927d828af22f592134e8932480637c0d',0,'0000:00:00:00:00:00','0000:00:00:00:00:00',1,'ke781',12,'e126',NULL,NULL,1,'2016:07:19:10:44:40',NULL,'c7bcacd6ac7a6d41e4ff395343622bb8',NULL,'g3DR',NULL,47),(104,'tz.student102','student102','midname102','lastname102','Test Student 102',1,'1983:5:6:00:00:00',1,2,2,2,'XXXXXXXXXXXXXXXXXXXXXXXXXXXXXXXXXXXXXXXXXXXXXXXXXXXXXXXXXXXXXXXXXXXXXXXXXXXXXXXXXXXXXXXXXXXXXXXXXXXXXXXXXXXXXXXXXXXXXXXXXXXXXXXXXXXXXXXXXXXXXXXXXXXXXXXXXXXXXXXXXXXXXXXXXXXXXXXXXXXXXXXXXXXXXXXXXXXXXXXXXXXXXXXXXXXXXXXXXXXXXXXXXXXXXXXXXXXXXXXXXXXXXXXXXXXXXXXXXXXXXXXXXXXXXXXXXXXXXXXXXXXXXXXXXXXXXXXXXXXXXXXXXXXXXXXXXXXXXXXXXXXXXXXXXXXXXXXXXXXXXXXXXXXXXXXXXXXXXXXXXXXXXXXXXXXXXXXXXXXXXXXXXXXXXXXXXXXXXXXXXXXXXXXXXXXXXXXXXXXXXXXXXXXXXXXXXXXXXXXXXXXXXXXXXXXXXXXXXXXXXXXXXXXXXXXXXXXXXXXXXXXXXXXXXXXXXXXXXXXXXXXXXXXXXXXX',3,'st102@mri.ac.tz','+255791260102','student_2.jpg','7c222fb2927d828af22f592134e8932480637c0d',0,'0000:00:00:00:00:00','0000:00:00:00:00:00',1,'ke781',12,'e126',NULL,NULL,1,'2016:07:19:10:44:40',NULL,'c7bcacd6ac7a6d41e4ff395343622bb8',NULL,'g3DR',NULL,47),(105,'tz.student103','student103','midname103','lastname103','Test Student 103',1,'1983:5:6:00:00:00',2,2,2,2,'XXXXXXXXXXXXXXXXXXXXXXXXXXXXXXXXXXXXXXXXXXXXXXXXXXXXXXXXXXXXXXXXXXXXXXXXXXXXXXXXXXXXXXXXXXXXXXXXXXXXXXXXXXXXXXXXXXXXXXXXXXXXXXXXXXXXXXXXXXXXXXXXXXXXXXXXXXXXXXXXXXXXXXXXXXXXXXXXXXXXXXXXXXXXXXXXXXXXXXXXXXXXXXXXXXXXXXXXXXXXXXXXXXXXXXXXXXXXXXXXXXXXXXXXXXXXXXXXXXXXXXXXXXXXXXXXXXXXXXXXXXXXXXXXXXXXXXXXXXXXXXXXXXXXXXXXXXXXXXXXXXXXXXXXXXXXXXXXXXXXXXXXXXXXXXXXXXXXXXXXXXXXXXXXXXXXXXXXXXXXXXXXXXXXXXXXXXXXXXXXXXXXXXXXXXXXXXXXXXXXXXXXXXXXXXXXXXXXXXXXXXXXXXXXXXXXXXXXXXXXXXXXXXXXXXXXXXXXXXXXXXXXXXXXXXXXXXXXXXXXXXXXXXXXXXXX',3,'st103@mri.ac.tz','+255791260103','student_2.jpg','7c222fb2927d828af22f592134e8932480637c0d',0,'0000:00:00:00:00:00','0000:00:00:00:00:00',1,'ke781',12,'e126',NULL,NULL,1,'2016:07:19:10:44:40',NULL,'c7bcacd6ac7a6d41e4ff395343622bb8',NULL,'g3DR',NULL,47),(106,'tz.student104','student104','midname104','lastname104','Test Student 104',1,'1983:5:6:00:00:00',1,2,2,2,'XXXXXXXXXXXXXXXXXXXXXXXXXXXXXXXXXXXXXXXXXXXXXXXXXXXXXXXXXXXXXXXXXXXXXXXXXXXXXXXXXXXXXXXXXXXXXXXXXXXXXXXXXXXXXXXXXXXXXXXXXXXXXXXXXXXXXXXXXXXXXXXXXXXXXXXXXXXXXXXXXXXXXXXXXXXXXXXXXXXXXXXXXXXXXXXXXXXXXXXXXXXXXXXXXXXXXXXXXXXXXXXXXXXXXXXXXXXXXXXXXXXXXXXXXXXXXXXXXXXXXXXXXXXXXXXXXXXXXXXXXXXXXXXXXXXXXXXXXXXXXXXXXXXXXXXXXXXXXXXXXXXXXXXXXXXXXXXXXXXXXXXXXXXXXXXXXXXXXXXXXXXXXXXXXXXXXXXXXXXXXXXXXXXXXXXXXXXXXXXXXXXXXXXXXXXXXXXXXXXXXXXXXXXXXXXXXXXXXXXXXXXXXXXXXXXXXXXXXXXXXXXXXXXXXXXXXXXXXXXXXXXXXXXXXXXXXXXXXXXXXXXXXXXXXXXX',3,'st104@mri.ac.tz','+255791260104','student_2.jpg','7c222fb2927d828af22f592134e8932480637c0d',0,'0000:00:00:00:00:00','0000:00:00:00:00:00',1,'ke781',12,'e126',NULL,NULL,1,'2016:07:19:10:44:40',NULL,'c7bcacd6ac7a6d41e4ff395343622bb8',NULL,'g3DR',NULL,47),(107,'tz.student105','student105','midname105','lastname105','Test Student 105',1,'1983:5:6:00:00:00',2,2,2,2,'XXXXXXXXXXXXXXXXXXXXXXXXXXXXXXXXXXXXXXXXXXXXXXXXXXXXXXXXXXXXXXXXXXXXXXXXXXXXXXXXXXXXXXXXXXXXXXXXXXXXXXXXXXXXXXXXXXXXXXXXXXXXXXXXXXXXXXXXXXXXXXXXXXXXXXXXXXXXXXXXXXXXXXXXXXXXXXXXXXXXXXXXXXXXXXXXXXXXXXXXXXXXXXXXXXXXXXXXXXXXXXXXXXXXXXXXXXXXXXXXXXXXXXXXXXXXXXXXXXXXXXXXXXXXXXXXXXXXXXXXXXXXXXXXXXXXXXXXXXXXXXXXXXXXXXXXXXXXXXXXXXXXXXXXXXXXXXXXXXXXXXXXXXXXXXXXXXXXXXXXXXXXXXXXXXXXXXXXXXXXXXXXXXXXXXXXXXXXXXXXXXXXXXXXXXXXXXXXXXXXXXXXXXXXXXXXXXXXXXXXXXXXXXXXXXXXXXXXXXXXXXXXXXXXXXXXXXXXXXXXXXXXXXXXXXXXXXXXXXXXXXXXXXXXXXXX',3,'st105@mri.ac.tz','+255791260105','student_2.jpg','7c222fb2927d828af22f592134e8932480637c0d',0,'0000:00:00:00:00:00','0000:00:00:00:00:00',1,'ke781',12,'e126',NULL,NULL,1,'2016:07:19:10:44:40',NULL,'c7bcacd6ac7a6d41e4ff395343622bb8',NULL,'g3DR',NULL,47),(108,'tz.student106','student106','midname106','lastname106','Test Student 106',1,'1983:5:6:00:00:00',1,2,2,2,'XXXXXXXXXXXXXXXXXXXXXXXXXXXXXXXXXXXXXXXXXXXXXXXXXXXXXXXXXXXXXXXXXXXXXXXXXXXXXXXXXXXXXXXXXXXXXXXXXXXXXXXXXXXXXXXXXXXXXXXXXXXXXXXXXXXXXXXXXXXXXXXXXXXXXXXXXXXXXXXXXXXXXXXXXXXXXXXXXXXXXXXXXXXXXXXXXXXXXXXXXXXXXXXXXXXXXXXXXXXXXXXXXXXXXXXXXXXXXXXXXXXXXXXXXXXXXXXXXXXXXXXXXXXXXXXXXXXXXXXXXXXXXXXXXXXXXXXXXXXXXXXXXXXXXXXXXXXXXXXXXXXXXXXXXXXXXXXXXXXXXXXXXXXXXXXXXXXXXXXXXXXXXXXXXXXXXXXXXXXXXXXXXXXXXXXXXXXXXXXXXXXXXXXXXXXXXXXXXXXXXXXXXXXXXXXXXXXXXXXXXXXXXXXXXXXXXXXXXXXXXXXXXXXXXXXXXXXXXXXXXXXXXXXXXXXXXXXXXXXXXXXXXXXXXXXX',3,'st106@mri.ac.tz','+255791260106','student_2.jpg','7c222fb2927d828af22f592134e8932480637c0d',0,'0000:00:00:00:00:00','0000:00:00:00:00:00',1,'ke781',12,'e126',NULL,NULL,1,'2016:07:19:10:44:40',NULL,'c7bcacd6ac7a6d41e4ff395343622bb8',NULL,'g3DR',NULL,47),(109,'tz.student107','student107','midname107','lastname107','Test Student 107',1,'1983:5:6:00:00:00',2,2,2,2,'XXXXXXXXXXXXXXXXXXXXXXXXXXXXXXXXXXXXXXXXXXXXXXXXXXXXXXXXXXXXXXXXXXXXXXXXXXXXXXXXXXXXXXXXXXXXXXXXXXXXXXXXXXXXXXXXXXXXXXXXXXXXXXXXXXXXXXXXXXXXXXXXXXXXXXXXXXXXXXXXXXXXXXXXXXXXXXXXXXXXXXXXXXXXXXXXXXXXXXXXXXXXXXXXXXXXXXXXXXXXXXXXXXXXXXXXXXXXXXXXXXXXXXXXXXXXXXXXXXXXXXXXXXXXXXXXXXXXXXXXXXXXXXXXXXXXXXXXXXXXXXXXXXXXXXXXXXXXXXXXXXXXXXXXXXXXXXXXXXXXXXXXXXXXXXXXXXXXXXXXXXXXXXXXXXXXXXXXXXXXXXXXXXXXXXXXXXXXXXXXXXXXXXXXXXXXXXXXXXXXXXXXXXXXXXXXXXXXXXXXXXXXXXXXXXXXXXXXXXXXXXXXXXXXXXXXXXXXXXXXXXXXXXXXXXXXXXXXXXXXXXXXXXXXXXXX',3,'st107@mri.ac.tz','+255791260107','student_2.jpg','7c222fb2927d828af22f592134e8932480637c0d',0,'0000:00:00:00:00:00','0000:00:00:00:00:00',1,'ke781',12,'e126',NULL,NULL,1,'2016:07:19:10:44:40',NULL,'c7bcacd6ac7a6d41e4ff395343622bb8',NULL,'g3DR',NULL,47),(110,'tz.student108','student108','midname108','lastname108','Test Student 108',1,'1983:5:6:00:00:00',1,2,2,2,'XXXXXXXXXXXXXXXXXXXXXXXXXXXXXXXXXXXXXXXXXXXXXXXXXXXXXXXXXXXXXXXXXXXXXXXXXXXXXXXXXXXXXXXXXXXXXXXXXXXXXXXXXXXXXXXXXXXXXXXXXXXXXXXXXXXXXXXXXXXXXXXXXXXXXXXXXXXXXXXXXXXXXXXXXXXXXXXXXXXXXXXXXXXXXXXXXXXXXXXXXXXXXXXXXXXXXXXXXXXXXXXXXXXXXXXXXXXXXXXXXXXXXXXXXXXXXXXXXXXXXXXXXXXXXXXXXXXXXXXXXXXXXXXXXXXXXXXXXXXXXXXXXXXXXXXXXXXXXXXXXXXXXXXXXXXXXXXXXXXXXXXXXXXXXXXXXXXXXXXXXXXXXXXXXXXXXXXXXXXXXXXXXXXXXXXXXXXXXXXXXXXXXXXXXXXXXXXXXXXXXXXXXXXXXXXXXXXXXXXXXXXXXXXXXXXXXXXXXXXXXXXXXXXXXXXXXXXXXXXXXXXXXXXXXXXXXXXXXXXXXXXXXXXXXXXX',3,'st108@mri.ac.tz','+255791260108','student_2.jpg','7c222fb2927d828af22f592134e8932480637c0d',0,'0000:00:00:00:00:00','0000:00:00:00:00:00',1,'ke781',12,'e126',NULL,NULL,1,'2016:07:19:10:44:40',NULL,'c7bcacd6ac7a6d41e4ff395343622bb8',NULL,'g3DR',NULL,47),(111,'tz.student109','student109','midname109','lastname109','Test Student 109',1,'1983:5:6:00:00:00',2,2,2,2,'XXXXXXXXXXXXXXXXXXXXXXXXXXXXXXXXXXXXXXXXXXXXXXXXXXXXXXXXXXXXXXXXXXXXXXXXXXXXXXXXXXXXXXXXXXXXXXXXXXXXXXXXXXXXXXXXXXXXXXXXXXXXXXXXXXXXXXXXXXXXXXXXXXXXXXXXXXXXXXXXXXXXXXXXXXXXXXXXXXXXXXXXXXXXXXXXXXXXXXXXXXXXXXXXXXXXXXXXXXXXXXXXXXXXXXXXXXXXXXXXXXXXXXXXXXXXXXXXXXXXXXXXXXXXXXXXXXXXXXXXXXXXXXXXXXXXXXXXXXXXXXXXXXXXXXXXXXXXXXXXXXXXXXXXXXXXXXXXXXXXXXXXXXXXXXXXXXXXXXXXXXXXXXXXXXXXXXXXXXXXXXXXXXXXXXXXXXXXXXXXXXXXXXXXXXXXXXXXXXXXXXXXXXXXXXXXXXXXXXXXXXXXXXXXXXXXXXXXXXXXXXXXXXXXXXXXXXXXXXXXXXXXXXXXXXXXXXXXXXXXXXXXXXXXXXXX',3,'st109@mri.ac.tz','+255791260109','student_2.jpg','7c222fb2927d828af22f592134e8932480637c0d',0,'0000:00:00:00:00:00','0000:00:00:00:00:00',1,'ke781',12,'e126',NULL,NULL,1,'2016:07:19:10:44:40',NULL,'c7bcacd6ac7a6d41e4ff395343622bb8',NULL,'g3DR',NULL,47),(112,'tz.student110','student110','midname110','lastname110','Test Student 110',1,'1983:5:6:00:00:00',1,2,2,2,'XXXXXXXXXXXXXXXXXXXXXXXXXXXXXXXXXXXXXXXXXXXXXXXXXXXXXXXXXXXXXXXXXXXXXXXXXXXXXXXXXXXXXXXXXXXXXXXXXXXXXXXXXXXXXXXXXXXXXXXXXXXXXXXXXXXXXXXXXXXXXXXXXXXXXXXXXXXXXXXXXXXXXXXXXXXXXXXXXXXXXXXXXXXXXXXXXXXXXXXXXXXXXXXXXXXXXXXXXXXXXXXXXXXXXXXXXXXXXXXXXXXXXXXXXXXXXXXXXXXXXXXXXXXXXXXXXXXXXXXXXXXXXXXXXXXXXXXXXXXXXXXXXXXXXXXXXXXXXXXXXXXXXXXXXXXXXXXXXXXXXXXXXXXXXXXXXXXXXXXXXXXXXXXXXXXXXXXXXXXXXXXXXXXXXXXXXXXXXXXXXXXXXXXXXXXXXXXXXXXXXXXXXXXXXXXXXXXXXXXXXXXXXXXXXXXXXXXXXXXXXXXXXXXXXXXXXXXXXXXXXXXXXXXXXXXXXXXXXXXXXXXXXXXXXXXX',3,'st110@mri.ac.tz','+255791260110','student_2.jpg','7c222fb2927d828af22f592134e8932480637c0d',0,'0000:00:00:00:00:00','0000:00:00:00:00:00',1,'ke781',12,'e126',NULL,NULL,1,'2016:07:19:10:44:40',NULL,'c7bcacd6ac7a6d41e4ff395343622bb8',NULL,'g3DR',NULL,47),(113,'tz.student111','student111','midname111','lastname111','Test Student 111',1,'1983:5:6:00:00:00',2,2,2,2,'XXXXXXXXXXXXXXXXXXXXXXXXXXXXXXXXXXXXXXXXXXXXXXXXXXXXXXXXXXXXXXXXXXXXXXXXXXXXXXXXXXXXXXXXXXXXXXXXXXXXXXXXXXXXXXXXXXXXXXXXXXXXXXXXXXXXXXXXXXXXXXXXXXXXXXXXXXXXXXXXXXXXXXXXXXXXXXXXXXXXXXXXXXXXXXXXXXXXXXXXXXXXXXXXXXXXXXXXXXXXXXXXXXXXXXXXXXXXXXXXXXXXXXXXXXXXXXXXXXXXXXXXXXXXXXXXXXXXXXXXXXXXXXXXXXXXXXXXXXXXXXXXXXXXXXXXXXXXXXXXXXXXXXXXXXXXXXXXXXXXXXXXXXXXXXXXXXXXXXXXXXXXXXXXXXXXXXXXXXXXXXXXXXXXXXXXXXXXXXXXXXXXXXXXXXXXXXXXXXXXXXXXXXXXXXXXXXXXXXXXXXXXXXXXXXXXXXXXXXXXXXXXXXXXXXXXXXXXXXXXXXXXXXXXXXXXXXXXXXXXXXXXXXXXXXXX',3,'st111@mri.ac.tz','+255791260111','student_2.jpg','7c222fb2927d828af22f592134e8932480637c0d',0,'0000:00:00:00:00:00','0000:00:00:00:00:00',1,'ke781',12,'e126',NULL,NULL,1,'2016:07:19:10:44:40',NULL,'c7bcacd6ac7a6d41e4ff395343622bb8',NULL,'g3DR',NULL,47),(114,'tz.student112','student112','midname112','lastname112','Test Student 112',1,'1983:5:6:00:00:00',1,2,2,2,'XXXXXXXXXXXXXXXXXXXXXXXXXXXXXXXXXXXXXXXXXXXXXXXXXXXXXXXXXXXXXXXXXXXXXXXXXXXXXXXXXXXXXXXXXXXXXXXXXXXXXXXXXXXXXXXXXXXXXXXXXXXXXXXXXXXXXXXXXXXXXXXXXXXXXXXXXXXXXXXXXXXXXXXXXXXXXXXXXXXXXXXXXXXXXXXXXXXXXXXXXXXXXXXXXXXXXXXXXXXXXXXXXXXXXXXXXXXXXXXXXXXXXXXXXXXXXXXXXXXXXXXXXXXXXXXXXXXXXXXXXXXXXXXXXXXXXXXXXXXXXXXXXXXXXXXXXXXXXXXXXXXXXXXXXXXXXXXXXXXXXXXXXXXXXXXXXXXXXXXXXXXXXXXXXXXXXXXXXXXXXXXXXXXXXXXXXXXXXXXXXXXXXXXXXXXXXXXXXXXXXXXXXXXXXXXXXXXXXXXXXXXXXXXXXXXXXXXXXXXXXXXXXXXXXXXXXXXXXXXXXXXXXXXXXXXXXXXXXXXXXXXXXXXXXXXX',3,'st112@mri.ac.tz','+255791260112','student_2.jpg','7c222fb2927d828af22f592134e8932480637c0d',0,'0000:00:00:00:00:00','0000:00:00:00:00:00',1,'ke781',12,'e126',NULL,NULL,1,'2016:07:19:10:44:40',NULL,'c7bcacd6ac7a6d41e4ff395343622bb8',NULL,'g3DR',NULL,47),(115,'tz.student113','student113','midname113','lastname113','Test Student 113',1,'1983:5:6:00:00:00',2,2,2,2,'XXXXXXXXXXXXXXXXXXXXXXXXXXXXXXXXXXXXXXXXXXXXXXXXXXXXXXXXXXXXXXXXXXXXXXXXXXXXXXXXXXXXXXXXXXXXXXXXXXXXXXXXXXXXXXXXXXXXXXXXXXXXXXXXXXXXXXXXXXXXXXXXXXXXXXXXXXXXXXXXXXXXXXXXXXXXXXXXXXXXXXXXXXXXXXXXXXXXXXXXXXXXXXXXXXXXXXXXXXXXXXXXXXXXXXXXXXXXXXXXXXXXXXXXXXXXXXXXXXXXXXXXXXXXXXXXXXXXXXXXXXXXXXXXXXXXXXXXXXXXXXXXXXXXXXXXXXXXXXXXXXXXXXXXXXXXXXXXXXXXXXXXXXXXXXXXXXXXXXXXXXXXXXXXXXXXXXXXXXXXXXXXXXXXXXXXXXXXXXXXXXXXXXXXXXXXXXXXXXXXXXXXXXXXXXXXXXXXXXXXXXXXXXXXXXXXXXXXXXXXXXXXXXXXXXXXXXXXXXXXXXXXXXXXXXXXXXXXXXXXXXXXXXXXXXXX',3,'st113@mri.ac.tz','+255791260113','student_2.jpg','7c222fb2927d828af22f592134e8932480637c0d',0,'0000:00:00:00:00:00','0000:00:00:00:00:00',1,'ke781',12,'e126',NULL,NULL,1,'2016:07:19:10:44:40',NULL,'c7bcacd6ac7a6d41e4ff395343622bb8',NULL,'g3DR',NULL,47),(116,'tz.student114','student114','midname114','lastname114','Test Student 114',1,'1983:5:6:00:00:00',1,2,2,2,'XXXXXXXXXXXXXXXXXXXXXXXXXXXXXXXXXXXXXXXXXXXXXXXXXXXXXXXXXXXXXXXXXXXXXXXXXXXXXXXXXXXXXXXXXXXXXXXXXXXXXXXXXXXXXXXXXXXXXXXXXXXXXXXXXXXXXXXXXXXXXXXXXXXXXXXXXXXXXXXXXXXXXXXXXXXXXXXXXXXXXXXXXXXXXXXXXXXXXXXXXXXXXXXXXXXXXXXXXXXXXXXXXXXXXXXXXXXXXXXXXXXXXXXXXXXXXXXXXXXXXXXXXXXXXXXXXXXXXXXXXXXXXXXXXXXXXXXXXXXXXXXXXXXXXXXXXXXXXXXXXXXXXXXXXXXXXXXXXXXXXXXXXXXXXXXXXXXXXXXXXXXXXXXXXXXXXXXXXXXXXXXXXXXXXXXXXXXXXXXXXXXXXXXXXXXXXXXXXXXXXXXXXXXXXXXXXXXXXXXXXXXXXXXXXXXXXXXXXXXXXXXXXXXXXXXXXXXXXXXXXXXXXXXXXXXXXXXXXXXXXXXXXXXXXXXX',3,'st114@mri.ac.tz','+255791260114','student_2.jpg','7c222fb2927d828af22f592134e8932480637c0d',0,'0000:00:00:00:00:00','0000:00:00:00:00:00',1,'ke781',12,'e126',NULL,NULL,1,'2016:07:19:10:44:40',NULL,'c7bcacd6ac7a6d41e4ff395343622bb8',NULL,'g3DR',NULL,47),(117,'tz.student115','student115','midname115','lastname115','Test Student 115',1,'1983:5:6:00:00:00',2,2,2,2,'XXXXXXXXXXXXXXXXXXXXXXXXXXXXXXXXXXXXXXXXXXXXXXXXXXXXXXXXXXXXXXXXXXXXXXXXXXXXXXXXXXXXXXXXXXXXXXXXXXXXXXXXXXXXXXXXXXXXXXXXXXXXXXXXXXXXXXXXXXXXXXXXXXXXXXXXXXXXXXXXXXXXXXXXXXXXXXXXXXXXXXXXXXXXXXXXXXXXXXXXXXXXXXXXXXXXXXXXXXXXXXXXXXXXXXXXXXXXXXXXXXXXXXXXXXXXXXXXXXXXXXXXXXXXXXXXXXXXXXXXXXXXXXXXXXXXXXXXXXXXXXXXXXXXXXXXXXXXXXXXXXXXXXXXXXXXXXXXXXXXXXXXXXXXXXXXXXXXXXXXXXXXXXXXXXXXXXXXXXXXXXXXXXXXXXXXXXXXXXXXXXXXXXXXXXXXXXXXXXXXXXXXXXXXXXXXXXXXXXXXXXXXXXXXXXXXXXXXXXXXXXXXXXXXXXXXXXXXXXXXXXXXXXXXXXXXXXXXXXXXXXXXXXXXXXXX',3,'st115@mri.ac.tz','+255791260115','student_2.jpg','7c222fb2927d828af22f592134e8932480637c0d',0,'0000:00:00:00:00:00','0000:00:00:00:00:00',1,'ke781',12,'e126',NULL,NULL,1,'2016:07:19:10:44:40',NULL,'c7bcacd6ac7a6d41e4ff395343622bb8',NULL,'g3DR',NULL,47),(118,'tz.student116','student116','midname116','lastname116','Test Student 116',1,'1983:5:6:00:00:00',1,2,2,2,'XXXXXXXXXXXXXXXXXXXXXXXXXXXXXXXXXXXXXXXXXXXXXXXXXXXXXXXXXXXXXXXXXXXXXXXXXXXXXXXXXXXXXXXXXXXXXXXXXXXXXXXXXXXXXXXXXXXXXXXXXXXXXXXXXXXXXXXXXXXXXXXXXXXXXXXXXXXXXXXXXXXXXXXXXXXXXXXXXXXXXXXXXXXXXXXXXXXXXXXXXXXXXXXXXXXXXXXXXXXXXXXXXXXXXXXXXXXXXXXXXXXXXXXXXXXXXXXXXXXXXXXXXXXXXXXXXXXXXXXXXXXXXXXXXXXXXXXXXXXXXXXXXXXXXXXXXXXXXXXXXXXXXXXXXXXXXXXXXXXXXXXXXXXXXXXXXXXXXXXXXXXXXXXXXXXXXXXXXXXXXXXXXXXXXXXXXXXXXXXXXXXXXXXXXXXXXXXXXXXXXXXXXXXXXXXXXXXXXXXXXXXXXXXXXXXXXXXXXXXXXXXXXXXXXXXXXXXXXXXXXXXXXXXXXXXXXXXXXXXXXXXXXXXXXXXX',3,'st116@mri.ac.tz','+255791260116','student_2.jpg','7c222fb2927d828af22f592134e8932480637c0d',0,'0000:00:00:00:00:00','0000:00:00:00:00:00',1,'ke781',12,'e126',NULL,NULL,1,'2016:07:19:10:44:40',NULL,'c7bcacd6ac7a6d41e4ff395343622bb8',NULL,'g3DR',NULL,47),(119,'tz.student117','student117','midname117','lastname117','Test Student 117',1,'1983:5:6:00:00:00',2,2,2,2,'XXXXXXXXXXXXXXXXXXXXXXXXXXXXXXXXXXXXXXXXXXXXXXXXXXXXXXXXXXXXXXXXXXXXXXXXXXXXXXXXXXXXXXXXXXXXXXXXXXXXXXXXXXXXXXXXXXXXXXXXXXXXXXXXXXXXXXXXXXXXXXXXXXXXXXXXXXXXXXXXXXXXXXXXXXXXXXXXXXXXXXXXXXXXXXXXXXXXXXXXXXXXXXXXXXXXXXXXXXXXXXXXXXXXXXXXXXXXXXXXXXXXXXXXXXXXXXXXXXXXXXXXXXXXXXXXXXXXXXXXXXXXXXXXXXXXXXXXXXXXXXXXXXXXXXXXXXXXXXXXXXXXXXXXXXXXXXXXXXXXXXXXXXXXXXXXXXXXXXXXXXXXXXXXXXXXXXXXXXXXXXXXXXXXXXXXXXXXXXXXXXXXXXXXXXXXXXXXXXXXXXXXXXXXXXXXXXXXXXXXXXXXXXXXXXXXXXXXXXXXXXXXXXXXXXXXXXXXXXXXXXXXXXXXXXXXXXXXXXXXXXXXXXXXXXXX',3,'st117@mri.ac.tz','+255791260117','student_2.jpg','7c222fb2927d828af22f592134e8932480637c0d',0,'0000:00:00:00:00:00','0000:00:00:00:00:00',1,'ke781',12,'e126',NULL,NULL,1,'2016:07:19:10:44:40',NULL,'c7bcacd6ac7a6d41e4ff395343622bb8',NULL,'g3DR',NULL,47),(120,'tz.student118','student118','midname118','lastname118','Test Student 118',1,'1983:5:6:00:00:00',1,2,2,2,'XXXXXXXXXXXXXXXXXXXXXXXXXXXXXXXXXXXXXXXXXXXXXXXXXXXXXXXXXXXXXXXXXXXXXXXXXXXXXXXXXXXXXXXXXXXXXXXXXXXXXXXXXXXXXXXXXXXXXXXXXXXXXXXXXXXXXXXXXXXXXXXXXXXXXXXXXXXXXXXXXXXXXXXXXXXXXXXXXXXXXXXXXXXXXXXXXXXXXXXXXXXXXXXXXXXXXXXXXXXXXXXXXXXXXXXXXXXXXXXXXXXXXXXXXXXXXXXXXXXXXXXXXXXXXXXXXXXXXXXXXXXXXXXXXXXXXXXXXXXXXXXXXXXXXXXXXXXXXXXXXXXXXXXXXXXXXXXXXXXXXXXXXXXXXXXXXXXXXXXXXXXXXXXXXXXXXXXXXXXXXXXXXXXXXXXXXXXXXXXXXXXXXXXXXXXXXXXXXXXXXXXXXXXXXXXXXXXXXXXXXXXXXXXXXXXXXXXXXXXXXXXXXXXXXXXXXXXXXXXXXXXXXXXXXXXXXXXXXXXXXXXXXXXXXXXX',3,'st118@mri.ac.tz','+255791260118','student_2.jpg','7c222fb2927d828af22f592134e8932480637c0d',0,'0000:00:00:00:00:00','0000:00:00:00:00:00',1,'ke781',12,'e126',NULL,NULL,1,'2016:07:19:10:44:40',NULL,'c7bcacd6ac7a6d41e4ff395343622bb8',NULL,'g3DR',NULL,47),(121,'tz.student119','student119','midname119','lastname119','Test Student 119',1,'1983:5:6:00:00:00',2,2,2,2,'XXXXXXXXXXXXXXXXXXXXXXXXXXXXXXXXXXXXXXXXXXXXXXXXXXXXXXXXXXXXXXXXXXXXXXXXXXXXXXXXXXXXXXXXXXXXXXXXXXXXXXXXXXXXXXXXXXXXXXXXXXXXXXXXXXXXXXXXXXXXXXXXXXXXXXXXXXXXXXXXXXXXXXXXXXXXXXXXXXXXXXXXXXXXXXXXXXXXXXXXXXXXXXXXXXXXXXXXXXXXXXXXXXXXXXXXXXXXXXXXXXXXXXXXXXXXXXXXXXXXXXXXXXXXXXXXXXXXXXXXXXXXXXXXXXXXXXXXXXXXXXXXXXXXXXXXXXXXXXXXXXXXXXXXXXXXXXXXXXXXXXXXXXXXXXXXXXXXXXXXXXXXXXXXXXXXXXXXXXXXXXXXXXXXXXXXXXXXXXXXXXXXXXXXXXXXXXXXXXXXXXXXXXXXXXXXXXXXXXXXXXXXXXXXXXXXXXXXXXXXXXXXXXXXXXXXXXXXXXXXXXXXXXXXXXXXXXXXXXXXXXXXXXXXXXXX',3,'st119@mri.ac.tz','+255791260119','student_2.jpg','7c222fb2927d828af22f592134e8932480637c0d',0,'0000:00:00:00:00:00','0000:00:00:00:00:00',1,'ke781',12,'e126',NULL,NULL,1,'2016:07:19:10:44:40',NULL,'c7bcacd6ac7a6d41e4ff395343622bb8',NULL,'g3DR',NULL,47),(122,'tz.student120','student120','midname120','lastname120','Test Student 120',1,'1983:5:6:00:00:00',1,2,2,2,'XXXXXXXXXXXXXXXXXXXXXXXXXXXXXXXXXXXXXXXXXXXXXXXXXXXXXXXXXXXXXXXXXXXXXXXXXXXXXXXXXXXXXXXXXXXXXXXXXXXXXXXXXXXXXXXXXXXXXXXXXXXXXXXXXXXXXXXXXXXXXXXXXXXXXXXXXXXXXXXXXXXXXXXXXXXXXXXXXXXXXXXXXXXXXXXXXXXXXXXXXXXXXXXXXXXXXXXXXXXXXXXXXXXXXXXXXXXXXXXXXXXXXXXXXXXXXXXXXXXXXXXXXXXXXXXXXXXXXXXXXXXXXXXXXXXXXXXXXXXXXXXXXXXXXXXXXXXXXXXXXXXXXXXXXXXXXXXXXXXXXXXXXXXXXXXXXXXXXXXXXXXXXXXXXXXXXXXXXXXXXXXXXXXXXXXXXXXXXXXXXXXXXXXXXXXXXXXXXXXXXXXXXXXXXXXXXXXXXXXXXXXXXXXXXXXXXXXXXXXXXXXXXXXXXXXXXXXXXXXXXXXXXXXXXXXXXXXXXXXXXXXXXXXXXXXX',3,'st120@mri.ac.tz','+255791260120','student_2.jpg','7c222fb2927d828af22f592134e8932480637c0d',0,'0000:00:00:00:00:00','0000:00:00:00:00:00',1,'ke781',12,'e126',NULL,NULL,1,'2016:07:19:10:44:40',NULL,'c7bcacd6ac7a6d41e4ff395343622bb8',NULL,'g3DR',NULL,47),(123,'tz.student121','student121','midname121','lastname121','Test Student 121',1,'1983:5:6:00:00:00',2,2,2,2,'XXXXXXXXXXXXXXXXXXXXXXXXXXXXXXXXXXXXXXXXXXXXXXXXXXXXXXXXXXXXXXXXXXXXXXXXXXXXXXXXXXXXXXXXXXXXXXXXXXXXXXXXXXXXXXXXXXXXXXXXXXXXXXXXXXXXXXXXXXXXXXXXXXXXXXXXXXXXXXXXXXXXXXXXXXXXXXXXXXXXXXXXXXXXXXXXXXXXXXXXXXXXXXXXXXXXXXXXXXXXXXXXXXXXXXXXXXXXXXXXXXXXXXXXXXXXXXXXXXXXXXXXXXXXXXXXXXXXXXXXXXXXXXXXXXXXXXXXXXXXXXXXXXXXXXXXXXXXXXXXXXXXXXXXXXXXXXXXXXXXXXXXXXXXXXXXXXXXXXXXXXXXXXXXXXXXXXXXXXXXXXXXXXXXXXXXXXXXXXXXXXXXXXXXXXXXXXXXXXXXXXXXXXXXXXXXXXXXXXXXXXXXXXXXXXXXXXXXXXXXXXXXXXXXXXXXXXXXXXXXXXXXXXXXXXXXXXXXXXXXXXXXXXXXXXXX',3,'st121@mri.ac.tz','+255791260121','student_2.jpg','7c222fb2927d828af22f592134e8932480637c0d',0,'0000:00:00:00:00:00','0000:00:00:00:00:00',1,'ke781',12,'e126',NULL,NULL,1,'2016:07:19:10:44:40',NULL,'c7bcacd6ac7a6d41e4ff395343622bb8',NULL,'g3DR',NULL,47),(124,'tz.student122','student122','midname122','lastname122','Test Student 122',1,'1983:5:6:00:00:00',1,2,2,2,'XXXXXXXXXXXXXXXXXXXXXXXXXXXXXXXXXXXXXXXXXXXXXXXXXXXXXXXXXXXXXXXXXXXXXXXXXXXXXXXXXXXXXXXXXXXXXXXXXXXXXXXXXXXXXXXXXXXXXXXXXXXXXXXXXXXXXXXXXXXXXXXXXXXXXXXXXXXXXXXXXXXXXXXXXXXXXXXXXXXXXXXXXXXXXXXXXXXXXXXXXXXXXXXXXXXXXXXXXXXXXXXXXXXXXXXXXXXXXXXXXXXXXXXXXXXXXXXXXXXXXXXXXXXXXXXXXXXXXXXXXXXXXXXXXXXXXXXXXXXXXXXXXXXXXXXXXXXXXXXXXXXXXXXXXXXXXXXXXXXXXXXXXXXXXXXXXXXXXXXXXXXXXXXXXXXXXXXXXXXXXXXXXXXXXXXXXXXXXXXXXXXXXXXXXXXXXXXXXXXXXXXXXXXXXXXXXXXXXXXXXXXXXXXXXXXXXXXXXXXXXXXXXXXXXXXXXXXXXXXXXXXXXXXXXXXXXXXXXXXXXXXXXXXXXXXX',3,'st122@mri.ac.tz','+255791260122','student_2.jpg','7c222fb2927d828af22f592134e8932480637c0d',0,'0000:00:00:00:00:00','0000:00:00:00:00:00',1,'ke781',12,'e126',NULL,NULL,1,'2016:07:19:10:44:40',NULL,'c7bcacd6ac7a6d41e4ff395343622bb8',NULL,'g3DR',NULL,47),(125,'tz.student123','student123','midname123','lastname123','Test Student 123',1,'1983:5:6:00:00:00',2,2,2,2,'XXXXXXXXXXXXXXXXXXXXXXXXXXXXXXXXXXXXXXXXXXXXXXXXXXXXXXXXXXXXXXXXXXXXXXXXXXXXXXXXXXXXXXXXXXXXXXXXXXXXXXXXXXXXXXXXXXXXXXXXXXXXXXXXXXXXXXXXXXXXXXXXXXXXXXXXXXXXXXXXXXXXXXXXXXXXXXXXXXXXXXXXXXXXXXXXXXXXXXXXXXXXXXXXXXXXXXXXXXXXXXXXXXXXXXXXXXXXXXXXXXXXXXXXXXXXXXXXXXXXXXXXXXXXXXXXXXXXXXXXXXXXXXXXXXXXXXXXXXXXXXXXXXXXXXXXXXXXXXXXXXXXXXXXXXXXXXXXXXXXXXXXXXXXXXXXXXXXXXXXXXXXXXXXXXXXXXXXXXXXXXXXXXXXXXXXXXXXXXXXXXXXXXXXXXXXXXXXXXXXXXXXXXXXXXXXXXXXXXXXXXXXXXXXXXXXXXXXXXXXXXXXXXXXXXXXXXXXXXXXXXXXXXXXXXXXXXXXXXXXXXXXXXXXXXXX',3,'st123@mri.ac.tz','+255791260123','student_2.jpg','7c222fb2927d828af22f592134e8932480637c0d',0,'0000:00:00:00:00:00','0000:00:00:00:00:00',1,'ke781',12,'e126',NULL,NULL,1,'2016:07:19:10:44:40',NULL,'c7bcacd6ac7a6d41e4ff395343622bb8',NULL,'g3DR',NULL,47),(126,'tz.student124','student124','midname124','lastname124','Test Student 124',1,'1983:5:6:00:00:00',1,2,2,2,'XXXXXXXXXXXXXXXXXXXXXXXXXXXXXXXXXXXXXXXXXXXXXXXXXXXXXXXXXXXXXXXXXXXXXXXXXXXXXXXXXXXXXXXXXXXXXXXXXXXXXXXXXXXXXXXXXXXXXXXXXXXXXXXXXXXXXXXXXXXXXXXXXXXXXXXXXXXXXXXXXXXXXXXXXXXXXXXXXXXXXXXXXXXXXXXXXXXXXXXXXXXXXXXXXXXXXXXXXXXXXXXXXXXXXXXXXXXXXXXXXXXXXXXXXXXXXXXXXXXXXXXXXXXXXXXXXXXXXXXXXXXXXXXXXXXXXXXXXXXXXXXXXXXXXXXXXXXXXXXXXXXXXXXXXXXXXXXXXXXXXXXXXXXXXXXXXXXXXXXXXXXXXXXXXXXXXXXXXXXXXXXXXXXXXXXXXXXXXXXXXXXXXXXXXXXXXXXXXXXXXXXXXXXXXXXXXXXXXXXXXXXXXXXXXXXXXXXXXXXXXXXXXXXXXXXXXXXXXXXXXXXXXXXXXXXXXXXXXXXXXXXXXXXXXXXX',3,'st124@mri.ac.tz','+255791260124','student_2.jpg','7c222fb2927d828af22f592134e8932480637c0d',0,'0000:00:00:00:00:00','0000:00:00:00:00:00',1,'ke781',12,'e126',NULL,NULL,1,'2016:07:19:10:44:40',NULL,'c7bcacd6ac7a6d41e4ff395343622bb8',NULL,'g3DR',NULL,47),(127,'tz.student125','student125','midname125','lastname125','Test Student 125',1,'1983:5:6:00:00:00',2,2,2,2,'XXXXXXXXXXXXXXXXXXXXXXXXXXXXXXXXXXXXXXXXXXXXXXXXXXXXXXXXXXXXXXXXXXXXXXXXXXXXXXXXXXXXXXXXXXXXXXXXXXXXXXXXXXXXXXXXXXXXXXXXXXXXXXXXXXXXXXXXXXXXXXXXXXXXXXXXXXXXXXXXXXXXXXXXXXXXXXXXXXXXXXXXXXXXXXXXXXXXXXXXXXXXXXXXXXXXXXXXXXXXXXXXXXXXXXXXXXXXXXXXXXXXXXXXXXXXXXXXXXXXXXXXXXXXXXXXXXXXXXXXXXXXXXXXXXXXXXXXXXXXXXXXXXXXXXXXXXXXXXXXXXXXXXXXXXXXXXXXXXXXXXXXXXXXXXXXXXXXXXXXXXXXXXXXXXXXXXXXXXXXXXXXXXXXXXXXXXXXXXXXXXXXXXXXXXXXXXXXXXXXXXXXXXXXXXXXXXXXXXXXXXXXXXXXXXXXXXXXXXXXXXXXXXXXXXXXXXXXXXXXXXXXXXXXXXXXXXXXXXXXXXXXXXXXXXXX',3,'st125@mri.ac.tz','+255791260125','student_2.jpg','7c222fb2927d828af22f592134e8932480637c0d',0,'0000:00:00:00:00:00','0000:00:00:00:00:00',1,'ke781',12,'e126',NULL,NULL,1,'2016:07:19:10:44:40',NULL,'c7bcacd6ac7a6d41e4ff395343622bb8',NULL,'g3DR',NULL,47),(128,'tz.student126','student126','midname126','lastname126','Test Student 126',1,'1983:5:6:00:00:00',1,2,2,2,'XXXXXXXXXXXXXXXXXXXXXXXXXXXXXXXXXXXXXXXXXXXXXXXXXXXXXXXXXXXXXXXXXXXXXXXXXXXXXXXXXXXXXXXXXXXXXXXXXXXXXXXXXXXXXXXXXXXXXXXXXXXXXXXXXXXXXXXXXXXXXXXXXXXXXXXXXXXXXXXXXXXXXXXXXXXXXXXXXXXXXXXXXXXXXXXXXXXXXXXXXXXXXXXXXXXXXXXXXXXXXXXXXXXXXXXXXXXXXXXXXXXXXXXXXXXXXXXXXXXXXXXXXXXXXXXXXXXXXXXXXXXXXXXXXXXXXXXXXXXXXXXXXXXXXXXXXXXXXXXXXXXXXXXXXXXXXXXXXXXXXXXXXXXXXXXXXXXXXXXXXXXXXXXXXXXXXXXXXXXXXXXXXXXXXXXXXXXXXXXXXXXXXXXXXXXXXXXXXXXXXXXXXXXXXXXXXXXXXXXXXXXXXXXXXXXXXXXXXXXXXXXXXXXXXXXXXXXXXXXXXXXXXXXXXXXXXXXXXXXXXXXXXXXXXXXX',3,'st126@mri.ac.tz','+255791260126','student_2.jpg','7c222fb2927d828af22f592134e8932480637c0d',0,'0000:00:00:00:00:00','0000:00:00:00:00:00',1,'ke781',12,'e126',NULL,NULL,1,'2016:07:19:10:44:40',NULL,'c7bcacd6ac7a6d41e4ff395343622bb8',NULL,'g3DR',NULL,47),(129,'tz.student127','student127','midname127','lastname127','Test Student 127',1,'1983:5:6:00:00:00',2,2,2,2,'XXXXXXXXXXXXXXXXXXXXXXXXXXXXXXXXXXXXXXXXXXXXXXXXXXXXXXXXXXXXXXXXXXXXXXXXXXXXXXXXXXXXXXXXXXXXXXXXXXXXXXXXXXXXXXXXXXXXXXXXXXXXXXXXXXXXXXXXXXXXXXXXXXXXXXXXXXXXXXXXXXXXXXXXXXXXXXXXXXXXXXXXXXXXXXXXXXXXXXXXXXXXXXXXXXXXXXXXXXXXXXXXXXXXXXXXXXXXXXXXXXXXXXXXXXXXXXXXXXXXXXXXXXXXXXXXXXXXXXXXXXXXXXXXXXXXXXXXXXXXXXXXXXXXXXXXXXXXXXXXXXXXXXXXXXXXXXXXXXXXXXXXXXXXXXXXXXXXXXXXXXXXXXXXXXXXXXXXXXXXXXXXXXXXXXXXXXXXXXXXXXXXXXXXXXXXXXXXXXXXXXXXXXXXXXXXXXXXXXXXXXXXXXXXXXXXXXXXXXXXXXXXXXXXXXXXXXXXXXXXXXXXXXXXXXXXXXXXXXXXXXXXXXXXXXXX',3,'st127@mri.ac.tz','+255791260127','student_2.jpg','7c222fb2927d828af22f592134e8932480637c0d',0,'0000:00:00:00:00:00','0000:00:00:00:00:00',1,'ke781',12,'e126',NULL,NULL,1,'2016:07:19:10:44:40',NULL,'c7bcacd6ac7a6d41e4ff395343622bb8',NULL,'g3DR',NULL,47),(130,'tz.student128','student128','midname128','lastname128','Test Student 128',1,'1983:5:6:00:00:00',1,2,2,2,'XXXXXXXXXXXXXXXXXXXXXXXXXXXXXXXXXXXXXXXXXXXXXXXXXXXXXXXXXXXXXXXXXXXXXXXXXXXXXXXXXXXXXXXXXXXXXXXXXXXXXXXXXXXXXXXXXXXXXXXXXXXXXXXXXXXXXXXXXXXXXXXXXXXXXXXXXXXXXXXXXXXXXXXXXXXXXXXXXXXXXXXXXXXXXXXXXXXXXXXXXXXXXXXXXXXXXXXXXXXXXXXXXXXXXXXXXXXXXXXXXXXXXXXXXXXXXXXXXXXXXXXXXXXXXXXXXXXXXXXXXXXXXXXXXXXXXXXXXXXXXXXXXXXXXXXXXXXXXXXXXXXXXXXXXXXXXXXXXXXXXXXXXXXXXXXXXXXXXXXXXXXXXXXXXXXXXXXXXXXXXXXXXXXXXXXXXXXXXXXXXXXXXXXXXXXXXXXXXXXXXXXXXXXXXXXXXXXXXXXXXXXXXXXXXXXXXXXXXXXXXXXXXXXXXXXXXXXXXXXXXXXXXXXXXXXXXXXXXXXXXXXXXXXXXXXX',3,'st128@mri.ac.tz','+255791260128','student_2.jpg','7c222fb2927d828af22f592134e8932480637c0d',0,'0000:00:00:00:00:00','0000:00:00:00:00:00',1,'ke781',12,'e126',NULL,NULL,1,'2016:07:19:10:44:40',NULL,'c7bcacd6ac7a6d41e4ff395343622bb8',NULL,'g3DR',NULL,47),(131,'tz.student129','student129','midname129','lastname129','Test Student 129',1,'1983:5:6:00:00:00',2,2,2,2,'XXXXXXXXXXXXXXXXXXXXXXXXXXXXXXXXXXXXXXXXXXXXXXXXXXXXXXXXXXXXXXXXXXXXXXXXXXXXXXXXXXXXXXXXXXXXXXXXXXXXXXXXXXXXXXXXXXXXXXXXXXXXXXXXXXXXXXXXXXXXXXXXXXXXXXXXXXXXXXXXXXXXXXXXXXXXXXXXXXXXXXXXXXXXXXXXXXXXXXXXXXXXXXXXXXXXXXXXXXXXXXXXXXXXXXXXXXXXXXXXXXXXXXXXXXXXXXXXXXXXXXXXXXXXXXXXXXXXXXXXXXXXXXXXXXXXXXXXXXXXXXXXXXXXXXXXXXXXXXXXXXXXXXXXXXXXXXXXXXXXXXXXXXXXXXXXXXXXXXXXXXXXXXXXXXXXXXXXXXXXXXXXXXXXXXXXXXXXXXXXXXXXXXXXXXXXXXXXXXXXXXXXXXXXXXXXXXXXXXXXXXXXXXXXXXXXXXXXXXXXXXXXXXXXXXXXXXXXXXXXXXXXXXXXXXXXXXXXXXXXXXXXXXXXXXXX',3,'st129@mri.ac.tz','+255791260129','student_2.jpg','7c222fb2927d828af22f592134e8932480637c0d',0,'0000:00:00:00:00:00','0000:00:00:00:00:00',1,'ke781',12,'e126',NULL,NULL,1,'2016:07:19:10:44:40',NULL,'c7bcacd6ac7a6d41e4ff395343622bb8',NULL,'g3DR',NULL,47),(132,'tz.student130','student130','midname130','lastname130','Test Student 130',1,'1983:5:6:00:00:00',1,2,2,2,'XXXXXXXXXXXXXXXXXXXXXXXXXXXXXXXXXXXXXXXXXXXXXXXXXXXXXXXXXXXXXXXXXXXXXXXXXXXXXXXXXXXXXXXXXXXXXXXXXXXXXXXXXXXXXXXXXXXXXXXXXXXXXXXXXXXXXXXXXXXXXXXXXXXXXXXXXXXXXXXXXXXXXXXXXXXXXXXXXXXXXXXXXXXXXXXXXXXXXXXXXXXXXXXXXXXXXXXXXXXXXXXXXXXXXXXXXXXXXXXXXXXXXXXXXXXXXXXXXXXXXXXXXXXXXXXXXXXXXXXXXXXXXXXXXXXXXXXXXXXXXXXXXXXXXXXXXXXXXXXXXXXXXXXXXXXXXXXXXXXXXXXXXXXXXXXXXXXXXXXXXXXXXXXXXXXXXXXXXXXXXXXXXXXXXXXXXXXXXXXXXXXXXXXXXXXXXXXXXXXXXXXXXXXXXXXXXXXXXXXXXXXXXXXXXXXXXXXXXXXXXXXXXXXXXXXXXXXXXXXXXXXXXXXXXXXXXXXXXXXXXXXXXXXXXXXX',3,'st130@mri.ac.tz','+255791260130','student_2.jpg','7c222fb2927d828af22f592134e8932480637c0d',0,'0000:00:00:00:00:00','0000:00:00:00:00:00',1,'ke781',12,'e126',NULL,NULL,1,'2016:07:19:10:44:40',NULL,'c7bcacd6ac7a6d41e4ff395343622bb8',NULL,'g3DR',NULL,47),(133,'tz.student131','student131','midname131','lastname131','Test Student 131',1,'1983:5:6:00:00:00',2,2,2,2,'XXXXXXXXXXXXXXXXXXXXXXXXXXXXXXXXXXXXXXXXXXXXXXXXXXXXXXXXXXXXXXXXXXXXXXXXXXXXXXXXXXXXXXXXXXXXXXXXXXXXXXXXXXXXXXXXXXXXXXXXXXXXXXXXXXXXXXXXXXXXXXXXXXXXXXXXXXXXXXXXXXXXXXXXXXXXXXXXXXXXXXXXXXXXXXXXXXXXXXXXXXXXXXXXXXXXXXXXXXXXXXXXXXXXXXXXXXXXXXXXXXXXXXXXXXXXXXXXXXXXXXXXXXXXXXXXXXXXXXXXXXXXXXXXXXXXXXXXXXXXXXXXXXXXXXXXXXXXXXXXXXXXXXXXXXXXXXXXXXXXXXXXXXXXXXXXXXXXXXXXXXXXXXXXXXXXXXXXXXXXXXXXXXXXXXXXXXXXXXXXXXXXXXXXXXXXXXXXXXXXXXXXXXXXXXXXXXXXXXXXXXXXXXXXXXXXXXXXXXXXXXXXXXXXXXXXXXXXXXXXXXXXXXXXXXXXXXXXXXXXXXXXXXXXXXXX',3,'st131@mri.ac.tz','+255791260131','student_2.jpg','7c222fb2927d828af22f592134e8932480637c0d',0,'0000:00:00:00:00:00','0000:00:00:00:00:00',1,'ke781',12,'e126',NULL,NULL,1,'2016:07:19:10:44:40',NULL,'c7bcacd6ac7a6d41e4ff395343622bb8',NULL,'g3DR',NULL,47),(134,'tz.student132','student132','midname132','lastname132','Test Student 132',1,'1983:5:6:00:00:00',1,2,2,2,'XXXXXXXXXXXXXXXXXXXXXXXXXXXXXXXXXXXXXXXXXXXXXXXXXXXXXXXXXXXXXXXXXXXXXXXXXXXXXXXXXXXXXXXXXXXXXXXXXXXXXXXXXXXXXXXXXXXXXXXXXXXXXXXXXXXXXXXXXXXXXXXXXXXXXXXXXXXXXXXXXXXXXXXXXXXXXXXXXXXXXXXXXXXXXXXXXXXXXXXXXXXXXXXXXXXXXXXXXXXXXXXXXXXXXXXXXXXXXXXXXXXXXXXXXXXXXXXXXXXXXXXXXXXXXXXXXXXXXXXXXXXXXXXXXXXXXXXXXXXXXXXXXXXXXXXXXXXXXXXXXXXXXXXXXXXXXXXXXXXXXXXXXXXXXXXXXXXXXXXXXXXXXXXXXXXXXXXXXXXXXXXXXXXXXXXXXXXXXXXXXXXXXXXXXXXXXXXXXXXXXXXXXXXXXXXXXXXXXXXXXXXXXXXXXXXXXXXXXXXXXXXXXXXXXXXXXXXXXXXXXXXXXXXXXXXXXXXXXXXXXXXXXXXXXXXX',3,'st132@mri.ac.tz','+255791260132','student_2.jpg','7c222fb2927d828af22f592134e8932480637c0d',0,'0000:00:00:00:00:00','0000:00:00:00:00:00',1,'ke781',12,'e126',NULL,NULL,1,'2016:07:19:10:44:40',NULL,'c7bcacd6ac7a6d41e4ff395343622bb8',NULL,'g3DR',NULL,47),(135,'tz.student133','student133','midname133','lastname133','Test Student 133',1,'1983:5:6:00:00:00',2,2,2,2,'XXXXXXXXXXXXXXXXXXXXXXXXXXXXXXXXXXXXXXXXXXXXXXXXXXXXXXXXXXXXXXXXXXXXXXXXXXXXXXXXXXXXXXXXXXXXXXXXXXXXXXXXXXXXXXXXXXXXXXXXXXXXXXXXXXXXXXXXXXXXXXXXXXXXXXXXXXXXXXXXXXXXXXXXXXXXXXXXXXXXXXXXXXXXXXXXXXXXXXXXXXXXXXXXXXXXXXXXXXXXXXXXXXXXXXXXXXXXXXXXXXXXXXXXXXXXXXXXXXXXXXXXXXXXXXXXXXXXXXXXXXXXXXXXXXXXXXXXXXXXXXXXXXXXXXXXXXXXXXXXXXXXXXXXXXXXXXXXXXXXXXXXXXXXXXXXXXXXXXXXXXXXXXXXXXXXXXXXXXXXXXXXXXXXXXXXXXXXXXXXXXXXXXXXXXXXXXXXXXXXXXXXXXXXXXXXXXXXXXXXXXXXXXXXXXXXXXXXXXXXXXXXXXXXXXXXXXXXXXXXXXXXXXXXXXXXXXXXXXXXXXXXXXXXXXXX',3,'st133@mri.ac.tz','+255791260133','student_2.jpg','7c222fb2927d828af22f592134e8932480637c0d',0,'0000:00:00:00:00:00','0000:00:00:00:00:00',1,'ke781',12,'e126',NULL,NULL,1,'2016:07:19:10:44:40',NULL,'c7bcacd6ac7a6d41e4ff395343622bb8',NULL,'g3DR',NULL,47),(136,'tz.student134','student134','midname134','lastname134','Test Student 134',1,'1983:5:6:00:00:00',1,2,2,2,'XXXXXXXXXXXXXXXXXXXXXXXXXXXXXXXXXXXXXXXXXXXXXXXXXXXXXXXXXXXXXXXXXXXXXXXXXXXXXXXXXXXXXXXXXXXXXXXXXXXXXXXXXXXXXXXXXXXXXXXXXXXXXXXXXXXXXXXXXXXXXXXXXXXXXXXXXXXXXXXXXXXXXXXXXXXXXXXXXXXXXXXXXXXXXXXXXXXXXXXXXXXXXXXXXXXXXXXXXXXXXXXXXXXXXXXXXXXXXXXXXXXXXXXXXXXXXXXXXXXXXXXXXXXXXXXXXXXXXXXXXXXXXXXXXXXXXXXXXXXXXXXXXXXXXXXXXXXXXXXXXXXXXXXXXXXXXXXXXXXXXXXXXXXXXXXXXXXXXXXXXXXXXXXXXXXXXXXXXXXXXXXXXXXXXXXXXXXXXXXXXXXXXXXXXXXXXXXXXXXXXXXXXXXXXXXXXXXXXXXXXXXXXXXXXXXXXXXXXXXXXXXXXXXXXXXXXXXXXXXXXXXXXXXXXXXXXXXXXXXXXXXXXXXXXXXX',3,'st134@mri.ac.tz','+255791260134','student_2.jpg','7c222fb2927d828af22f592134e8932480637c0d',0,'0000:00:00:00:00:00','0000:00:00:00:00:00',1,'ke781',12,'e126',NULL,NULL,1,'2016:07:19:10:44:40',NULL,'c7bcacd6ac7a6d41e4ff395343622bb8',NULL,'g3DR',NULL,47),(137,'tz.student135','student135','midname135','lastname135','Test Student 135',1,'1983:5:6:00:00:00',2,2,2,2,'XXXXXXXXXXXXXXXXXXXXXXXXXXXXXXXXXXXXXXXXXXXXXXXXXXXXXXXXXXXXXXXXXXXXXXXXXXXXXXXXXXXXXXXXXXXXXXXXXXXXXXXXXXXXXXXXXXXXXXXXXXXXXXXXXXXXXXXXXXXXXXXXXXXXXXXXXXXXXXXXXXXXXXXXXXXXXXXXXXXXXXXXXXXXXXXXXXXXXXXXXXXXXXXXXXXXXXXXXXXXXXXXXXXXXXXXXXXXXXXXXXXXXXXXXXXXXXXXXXXXXXXXXXXXXXXXXXXXXXXXXXXXXXXXXXXXXXXXXXXXXXXXXXXXXXXXXXXXXXXXXXXXXXXXXXXXXXXXXXXXXXXXXXXXXXXXXXXXXXXXXXXXXXXXXXXXXXXXXXXXXXXXXXXXXXXXXXXXXXXXXXXXXXXXXXXXXXXXXXXXXXXXXXXXXXXXXXXXXXXXXXXXXXXXXXXXXXXXXXXXXXXXXXXXXXXXXXXXXXXXXXXXXXXXXXXXXXXXXXXXXXXXXXXXXXXX',3,'st135@mri.ac.tz','+255791260135','student_2.jpg','7c222fb2927d828af22f592134e8932480637c0d',0,'0000:00:00:00:00:00','0000:00:00:00:00:00',1,'ke781',12,'e126',NULL,NULL,1,'2016:07:19:10:44:40',NULL,'c7bcacd6ac7a6d41e4ff395343622bb8',NULL,'g3DR',NULL,47),(138,'tz.student136','student136','midname136','lastname136','Test Student 136',1,'1983:5:6:00:00:00',1,2,2,2,'XXXXXXXXXXXXXXXXXXXXXXXXXXXXXXXXXXXXXXXXXXXXXXXXXXXXXXXXXXXXXXXXXXXXXXXXXXXXXXXXXXXXXXXXXXXXXXXXXXXXXXXXXXXXXXXXXXXXXXXXXXXXXXXXXXXXXXXXXXXXXXXXXXXXXXXXXXXXXXXXXXXXXXXXXXXXXXXXXXXXXXXXXXXXXXXXXXXXXXXXXXXXXXXXXXXXXXXXXXXXXXXXXXXXXXXXXXXXXXXXXXXXXXXXXXXXXXXXXXXXXXXXXXXXXXXXXXXXXXXXXXXXXXXXXXXXXXXXXXXXXXXXXXXXXXXXXXXXXXXXXXXXXXXXXXXXXXXXXXXXXXXXXXXXXXXXXXXXXXXXXXXXXXXXXXXXXXXXXXXXXXXXXXXXXXXXXXXXXXXXXXXXXXXXXXXXXXXXXXXXXXXXXXXXXXXXXXXXXXXXXXXXXXXXXXXXXXXXXXXXXXXXXXXXXXXXXXXXXXXXXXXXXXXXXXXXXXXXXXXXXXXXXXXXXXXX',3,'st136@mri.ac.tz','+255791260136','student_2.jpg','7c222fb2927d828af22f592134e8932480637c0d',0,'0000:00:00:00:00:00','0000:00:00:00:00:00',1,'ke781',12,'e126',NULL,NULL,1,'2016:07:19:10:44:40',NULL,'c7bcacd6ac7a6d41e4ff395343622bb8',NULL,'g3DR',NULL,47),(139,'tz.student137','student137','midname137','lastname137','Test Student 137',1,'1983:5:6:00:00:00',2,2,2,2,'XXXXXXXXXXXXXXXXXXXXXXXXXXXXXXXXXXXXXXXXXXXXXXXXXXXXXXXXXXXXXXXXXXXXXXXXXXXXXXXXXXXXXXXXXXXXXXXXXXXXXXXXXXXXXXXXXXXXXXXXXXXXXXXXXXXXXXXXXXXXXXXXXXXXXXXXXXXXXXXXXXXXXXXXXXXXXXXXXXXXXXXXXXXXXXXXXXXXXXXXXXXXXXXXXXXXXXXXXXXXXXXXXXXXXXXXXXXXXXXXXXXXXXXXXXXXXXXXXXXXXXXXXXXXXXXXXXXXXXXXXXXXXXXXXXXXXXXXXXXXXXXXXXXXXXXXXXXXXXXXXXXXXXXXXXXXXXXXXXXXXXXXXXXXXXXXXXXXXXXXXXXXXXXXXXXXXXXXXXXXXXXXXXXXXXXXXXXXXXXXXXXXXXXXXXXXXXXXXXXXXXXXXXXXXXXXXXXXXXXXXXXXXXXXXXXXXXXXXXXXXXXXXXXXXXXXXXXXXXXXXXXXXXXXXXXXXXXXXXXXXXXXXXXXXXXX',3,'st137@mri.ac.tz','+255791260137','student_2.jpg','7c222fb2927d828af22f592134e8932480637c0d',0,'0000:00:00:00:00:00','0000:00:00:00:00:00',1,'ke781',12,'e126',NULL,NULL,1,'2016:07:19:10:44:40',NULL,'c7bcacd6ac7a6d41e4ff395343622bb8',NULL,'g3DR',NULL,47),(140,'tz.student138','student138','midname138','lastname138','Test Student 138',1,'1983:5:6:00:00:00',1,2,2,2,'XXXXXXXXXXXXXXXXXXXXXXXXXXXXXXXXXXXXXXXXXXXXXXXXXXXXXXXXXXXXXXXXXXXXXXXXXXXXXXXXXXXXXXXXXXXXXXXXXXXXXXXXXXXXXXXXXXXXXXXXXXXXXXXXXXXXXXXXXXXXXXXXXXXXXXXXXXXXXXXXXXXXXXXXXXXXXXXXXXXXXXXXXXXXXXXXXXXXXXXXXXXXXXXXXXXXXXXXXXXXXXXXXXXXXXXXXXXXXXXXXXXXXXXXXXXXXXXXXXXXXXXXXXXXXXXXXXXXXXXXXXXXXXXXXXXXXXXXXXXXXXXXXXXXXXXXXXXXXXXXXXXXXXXXXXXXXXXXXXXXXXXXXXXXXXXXXXXXXXXXXXXXXXXXXXXXXXXXXXXXXXXXXXXXXXXXXXXXXXXXXXXXXXXXXXXXXXXXXXXXXXXXXXXXXXXXXXXXXXXXXXXXXXXXXXXXXXXXXXXXXXXXXXXXXXXXXXXXXXXXXXXXXXXXXXXXXXXXXXXXXXXXXXXXXXXX',3,'st138@mri.ac.tz','+255791260138','student_2.jpg','7c222fb2927d828af22f592134e8932480637c0d',0,'0000:00:00:00:00:00','0000:00:00:00:00:00',1,'ke781',12,'e126',NULL,NULL,1,'2016:07:19:10:44:40',NULL,'c7bcacd6ac7a6d41e4ff395343622bb8',NULL,'g3DR',NULL,47),(141,'tz.student139','student139','midname139','lastname139','Test Student 139',1,'1983:5:6:00:00:00',2,2,2,2,'XXXXXXXXXXXXXXXXXXXXXXXXXXXXXXXXXXXXXXXXXXXXXXXXXXXXXXXXXXXXXXXXXXXXXXXXXXXXXXXXXXXXXXXXXXXXXXXXXXXXXXXXXXXXXXXXXXXXXXXXXXXXXXXXXXXXXXXXXXXXXXXXXXXXXXXXXXXXXXXXXXXXXXXXXXXXXXXXXXXXXXXXXXXXXXXXXXXXXXXXXXXXXXXXXXXXXXXXXXXXXXXXXXXXXXXXXXXXXXXXXXXXXXXXXXXXXXXXXXXXXXXXXXXXXXXXXXXXXXXXXXXXXXXXXXXXXXXXXXXXXXXXXXXXXXXXXXXXXXXXXXXXXXXXXXXXXXXXXXXXXXXXXXXXXXXXXXXXXXXXXXXXXXXXXXXXXXXXXXXXXXXXXXXXXXXXXXXXXXXXXXXXXXXXXXXXXXXXXXXXXXXXXXXXXXXXXXXXXXXXXXXXXXXXXXXXXXXXXXXXXXXXXXXXXXXXXXXXXXXXXXXXXXXXXXXXXXXXXXXXXXXXXXXXXXXX',3,'st139@mri.ac.tz','+255791260139','student_2.jpg','7c222fb2927d828af22f592134e8932480637c0d',0,'0000:00:00:00:00:00','0000:00:00:00:00:00',1,'ke781',12,'e126',NULL,NULL,1,'2016:07:19:10:44:40',NULL,'c7bcacd6ac7a6d41e4ff395343622bb8',NULL,'g3DR',NULL,47),(142,'tz.student140','student140','midname140','lastname140','Test Student 140',1,'1983:5:6:00:00:00',1,2,2,2,'XXXXXXXXXXXXXXXXXXXXXXXXXXXXXXXXXXXXXXXXXXXXXXXXXXXXXXXXXXXXXXXXXXXXXXXXXXXXXXXXXXXXXXXXXXXXXXXXXXXXXXXXXXXXXXXXXXXXXXXXXXXXXXXXXXXXXXXXXXXXXXXXXXXXXXXXXXXXXXXXXXXXXXXXXXXXXXXXXXXXXXXXXXXXXXXXXXXXXXXXXXXXXXXXXXXXXXXXXXXXXXXXXXXXXXXXXXXXXXXXXXXXXXXXXXXXXXXXXXXXXXXXXXXXXXXXXXXXXXXXXXXXXXXXXXXXXXXXXXXXXXXXXXXXXXXXXXXXXXXXXXXXXXXXXXXXXXXXXXXXXXXXXXXXXXXXXXXXXXXXXXXXXXXXXXXXXXXXXXXXXXXXXXXXXXXXXXXXXXXXXXXXXXXXXXXXXXXXXXXXXXXXXXXXXXXXXXXXXXXXXXXXXXXXXXXXXXXXXXXXXXXXXXXXXXXXXXXXXXXXXXXXXXXXXXXXXXXXXXXXXXXXXXXXXXXX',3,'st140@mri.ac.tz','+255791260140','student_2.jpg','7c222fb2927d828af22f592134e8932480637c0d',0,'0000:00:00:00:00:00','0000:00:00:00:00:00',1,'ke781',12,'e126',NULL,NULL,1,'2016:07:19:10:44:40',NULL,'c7bcacd6ac7a6d41e4ff395343622bb8',NULL,'g3DR',NULL,47),(143,'tz.student141','student141','midname141','lastname141','Test Student 141',1,'1983:5:6:00:00:00',2,2,2,2,'XXXXXXXXXXXXXXXXXXXXXXXXXXXXXXXXXXXXXXXXXXXXXXXXXXXXXXXXXXXXXXXXXXXXXXXXXXXXXXXXXXXXXXXXXXXXXXXXXXXXXXXXXXXXXXXXXXXXXXXXXXXXXXXXXXXXXXXXXXXXXXXXXXXXXXXXXXXXXXXXXXXXXXXXXXXXXXXXXXXXXXXXXXXXXXXXXXXXXXXXXXXXXXXXXXXXXXXXXXXXXXXXXXXXXXXXXXXXXXXXXXXXXXXXXXXXXXXXXXXXXXXXXXXXXXXXXXXXXXXXXXXXXXXXXXXXXXXXXXXXXXXXXXXXXXXXXXXXXXXXXXXXXXXXXXXXXXXXXXXXXXXXXXXXXXXXXXXXXXXXXXXXXXXXXXXXXXXXXXXXXXXXXXXXXXXXXXXXXXXXXXXXXXXXXXXXXXXXXXXXXXXXXXXXXXXXXXXXXXXXXXXXXXXXXXXXXXXXXXXXXXXXXXXXXXXXXXXXXXXXXXXXXXXXXXXXXXXXXXXXXXXXXXXXXXXX',3,'st141@mri.ac.tz','+255791260141','student_2.jpg','7c222fb2927d828af22f592134e8932480637c0d',0,'0000:00:00:00:00:00','0000:00:00:00:00:00',1,'ke781',12,'e126',NULL,NULL,1,'2016:07:19:10:44:40',NULL,'c7bcacd6ac7a6d41e4ff395343622bb8',NULL,'g3DR',NULL,47),(144,'tz.student142','student142','midname142','lastname142','Test Student 142',1,'1983:5:6:00:00:00',1,2,2,2,'XXXXXXXXXXXXXXXXXXXXXXXXXXXXXXXXXXXXXXXXXXXXXXXXXXXXXXXXXXXXXXXXXXXXXXXXXXXXXXXXXXXXXXXXXXXXXXXXXXXXXXXXXXXXXXXXXXXXXXXXXXXXXXXXXXXXXXXXXXXXXXXXXXXXXXXXXXXXXXXXXXXXXXXXXXXXXXXXXXXXXXXXXXXXXXXXXXXXXXXXXXXXXXXXXXXXXXXXXXXXXXXXXXXXXXXXXXXXXXXXXXXXXXXXXXXXXXXXXXXXXXXXXXXXXXXXXXXXXXXXXXXXXXXXXXXXXXXXXXXXXXXXXXXXXXXXXXXXXXXXXXXXXXXXXXXXXXXXXXXXXXXXXXXXXXXXXXXXXXXXXXXXXXXXXXXXXXXXXXXXXXXXXXXXXXXXXXXXXXXXXXXXXXXXXXXXXXXXXXXXXXXXXXXXXXXXXXXXXXXXXXXXXXXXXXXXXXXXXXXXXXXXXXXXXXXXXXXXXXXXXXXXXXXXXXXXXXXXXXXXXXXXXXXXXXXX',3,'st142@mri.ac.tz','+255791260142','student_2.jpg','7c222fb2927d828af22f592134e8932480637c0d',0,'0000:00:00:00:00:00','0000:00:00:00:00:00',1,'ke781',12,'e126',NULL,NULL,1,'2016:07:19:10:44:40',NULL,'c7bcacd6ac7a6d41e4ff395343622bb8',NULL,'g3DR',NULL,47),(145,'tz.student143','student143','midname143','lastname143','Test Student 143',1,'1983:5:6:00:00:00',2,2,2,2,'XXXXXXXXXXXXXXXXXXXXXXXXXXXXXXXXXXXXXXXXXXXXXXXXXXXXXXXXXXXXXXXXXXXXXXXXXXXXXXXXXXXXXXXXXXXXXXXXXXXXXXXXXXXXXXXXXXXXXXXXXXXXXXXXXXXXXXXXXXXXXXXXXXXXXXXXXXXXXXXXXXXXXXXXXXXXXXXXXXXXXXXXXXXXXXXXXXXXXXXXXXXXXXXXXXXXXXXXXXXXXXXXXXXXXXXXXXXXXXXXXXXXXXXXXXXXXXXXXXXXXXXXXXXXXXXXXXXXXXXXXXXXXXXXXXXXXXXXXXXXXXXXXXXXXXXXXXXXXXXXXXXXXXXXXXXXXXXXXXXXXXXXXXXXXXXXXXXXXXXXXXXXXXXXXXXXXXXXXXXXXXXXXXXXXXXXXXXXXXXXXXXXXXXXXXXXXXXXXXXXXXXXXXXXXXXXXXXXXXXXXXXXXXXXXXXXXXXXXXXXXXXXXXXXXXXXXXXXXXXXXXXXXXXXXXXXXXXXXXXXXXXXXXXXXXXX',3,'st143@mri.ac.tz','+255791260143','student_2.jpg','7c222fb2927d828af22f592134e8932480637c0d',0,'0000:00:00:00:00:00','0000:00:00:00:00:00',1,'ke781',12,'e126',NULL,NULL,1,'2016:07:19:10:44:40',NULL,'c7bcacd6ac7a6d41e4ff395343622bb8',NULL,'g3DR',NULL,47),(146,'tz.student144','student144','midname144','lastname144','Test Student 144',1,'1983:5:6:00:00:00',1,2,2,2,'XXXXXXXXXXXXXXXXXXXXXXXXXXXXXXXXXXXXXXXXXXXXXXXXXXXXXXXXXXXXXXXXXXXXXXXXXXXXXXXXXXXXXXXXXXXXXXXXXXXXXXXXXXXXXXXXXXXXXXXXXXXXXXXXXXXXXXXXXXXXXXXXXXXXXXXXXXXXXXXXXXXXXXXXXXXXXXXXXXXXXXXXXXXXXXXXXXXXXXXXXXXXXXXXXXXXXXXXXXXXXXXXXXXXXXXXXXXXXXXXXXXXXXXXXXXXXXXXXXXXXXXXXXXXXXXXXXXXXXXXXXXXXXXXXXXXXXXXXXXXXXXXXXXXXXXXXXXXXXXXXXXXXXXXXXXXXXXXXXXXXXXXXXXXXXXXXXXXXXXXXXXXXXXXXXXXXXXXXXXXXXXXXXXXXXXXXXXXXXXXXXXXXXXXXXXXXXXXXXXXXXXXXXXXXXXXXXXXXXXXXXXXXXXXXXXXXXXXXXXXXXXXXXXXXXXXXXXXXXXXXXXXXXXXXXXXXXXXXXXXXXXXXXXXXXXX',3,'st144@mri.ac.tz','+255791260144','student_2.jpg','7c222fb2927d828af22f592134e8932480637c0d',0,'0000:00:00:00:00:00','0000:00:00:00:00:00',1,'ke781',12,'e126',NULL,NULL,1,'2016:07:19:10:44:40',NULL,'c7bcacd6ac7a6d41e4ff395343622bb8',NULL,'g3DR',NULL,47),(147,'tz.student145','student145','midname145','lastname145','Test Student 145',1,'1983:5:6:00:00:00',2,2,2,2,'XXXXXXXXXXXXXXXXXXXXXXXXXXXXXXXXXXXXXXXXXXXXXXXXXXXXXXXXXXXXXXXXXXXXXXXXXXXXXXXXXXXXXXXXXXXXXXXXXXXXXXXXXXXXXXXXXXXXXXXXXXXXXXXXXXXXXXXXXXXXXXXXXXXXXXXXXXXXXXXXXXXXXXXXXXXXXXXXXXXXXXXXXXXXXXXXXXXXXXXXXXXXXXXXXXXXXXXXXXXXXXXXXXXXXXXXXXXXXXXXXXXXXXXXXXXXXXXXXXXXXXXXXXXXXXXXXXXXXXXXXXXXXXXXXXXXXXXXXXXXXXXXXXXXXXXXXXXXXXXXXXXXXXXXXXXXXXXXXXXXXXXXXXXXXXXXXXXXXXXXXXXXXXXXXXXXXXXXXXXXXXXXXXXXXXXXXXXXXXXXXXXXXXXXXXXXXXXXXXXXXXXXXXXXXXXXXXXXXXXXXXXXXXXXXXXXXXXXXXXXXXXXXXXXXXXXXXXXXXXXXXXXXXXXXXXXXXXXXXXXXXXXXXXXXXXX',3,'st145@mri.ac.tz','+255791260145','student_2.jpg','7c222fb2927d828af22f592134e8932480637c0d',0,'0000:00:00:00:00:00','0000:00:00:00:00:00',1,'ke781',12,'e126',NULL,NULL,1,'2016:07:19:10:44:40',NULL,'c7bcacd6ac7a6d41e4ff395343622bb8',NULL,'g3DR',NULL,47),(148,'tz.student146','student146','midname146','lastname146','Test Student 146',1,'1983:5:6:00:00:00',1,2,2,2,'XXXXXXXXXXXXXXXXXXXXXXXXXXXXXXXXXXXXXXXXXXXXXXXXXXXXXXXXXXXXXXXXXXXXXXXXXXXXXXXXXXXXXXXXXXXXXXXXXXXXXXXXXXXXXXXXXXXXXXXXXXXXXXXXXXXXXXXXXXXXXXXXXXXXXXXXXXXXXXXXXXXXXXXXXXXXXXXXXXXXXXXXXXXXXXXXXXXXXXXXXXXXXXXXXXXXXXXXXXXXXXXXXXXXXXXXXXXXXXXXXXXXXXXXXXXXXXXXXXXXXXXXXXXXXXXXXXXXXXXXXXXXXXXXXXXXXXXXXXXXXXXXXXXXXXXXXXXXXXXXXXXXXXXXXXXXXXXXXXXXXXXXXXXXXXXXXXXXXXXXXXXXXXXXXXXXXXXXXXXXXXXXXXXXXXXXXXXXXXXXXXXXXXXXXXXXXXXXXXXXXXXXXXXXXXXXXXXXXXXXXXXXXXXXXXXXXXXXXXXXXXXXXXXXXXXXXXXXXXXXXXXXXXXXXXXXXXXXXXXXXXXXXXXXXXXX',3,'st146@mri.ac.tz','+255791260146','student_2.jpg','7c222fb2927d828af22f592134e8932480637c0d',0,'0000:00:00:00:00:00','0000:00:00:00:00:00',1,'ke781',12,'e126',NULL,NULL,1,'2016:07:19:10:44:40',NULL,'c7bcacd6ac7a6d41e4ff395343622bb8',NULL,'g3DR',NULL,47),(149,'tz.student147','student147','midname147','lastname147','Test Student 147',1,'1983:5:6:00:00:00',2,2,2,2,'XXXXXXXXXXXXXXXXXXXXXXXXXXXXXXXXXXXXXXXXXXXXXXXXXXXXXXXXXXXXXXXXXXXXXXXXXXXXXXXXXXXXXXXXXXXXXXXXXXXXXXXXXXXXXXXXXXXXXXXXXXXXXXXXXXXXXXXXXXXXXXXXXXXXXXXXXXXXXXXXXXXXXXXXXXXXXXXXXXXXXXXXXXXXXXXXXXXXXXXXXXXXXXXXXXXXXXXXXXXXXXXXXXXXXXXXXXXXXXXXXXXXXXXXXXXXXXXXXXXXXXXXXXXXXXXXXXXXXXXXXXXXXXXXXXXXXXXXXXXXXXXXXXXXXXXXXXXXXXXXXXXXXXXXXXXXXXXXXXXXXXXXXXXXXXXXXXXXXXXXXXXXXXXXXXXXXXXXXXXXXXXXXXXXXXXXXXXXXXXXXXXXXXXXXXXXXXXXXXXXXXXXXXXXXXXXXXXXXXXXXXXXXXXXXXXXXXXXXXXXXXXXXXXXXXXXXXXXXXXXXXXXXXXXXXXXXXXXXXXXXXXXXXXXXXXX',3,'st147@mri.ac.tz','+255791260147','student_2.jpg','7c222fb2927d828af22f592134e8932480637c0d',0,'0000:00:00:00:00:00','0000:00:00:00:00:00',1,'ke781',12,'e126',NULL,NULL,1,'2016:07:19:10:44:40',NULL,'c7bcacd6ac7a6d41e4ff395343622bb8',NULL,'g3DR',NULL,47),(150,'tz.student148','student148','midname148','lastname148','Test Student 148',1,'1983:5:6:00:00:00',1,2,2,2,'XXXXXXXXXXXXXXXXXXXXXXXXXXXXXXXXXXXXXXXXXXXXXXXXXXXXXXXXXXXXXXXXXXXXXXXXXXXXXXXXXXXXXXXXXXXXXXXXXXXXXXXXXXXXXXXXXXXXXXXXXXXXXXXXXXXXXXXXXXXXXXXXXXXXXXXXXXXXXXXXXXXXXXXXXXXXXXXXXXXXXXXXXXXXXXXXXXXXXXXXXXXXXXXXXXXXXXXXXXXXXXXXXXXXXXXXXXXXXXXXXXXXXXXXXXXXXXXXXXXXXXXXXXXXXXXXXXXXXXXXXXXXXXXXXXXXXXXXXXXXXXXXXXXXXXXXXXXXXXXXXXXXXXXXXXXXXXXXXXXXXXXXXXXXXXXXXXXXXXXXXXXXXXXXXXXXXXXXXXXXXXXXXXXXXXXXXXXXXXXXXXXXXXXXXXXXXXXXXXXXXXXXXXXXXXXXXXXXXXXXXXXXXXXXXXXXXXXXXXXXXXXXXXXXXXXXXXXXXXXXXXXXXXXXXXXXXXXXXXXXXXXXXXXXXXXX',3,'st148@mri.ac.tz','+255791260148','student_2.jpg','7c222fb2927d828af22f592134e8932480637c0d',0,'0000:00:00:00:00:00','0000:00:00:00:00:00',1,'ke781',12,'e126',NULL,NULL,1,'2016:07:19:10:44:40',NULL,'c7bcacd6ac7a6d41e4ff395343622bb8',NULL,'g3DR',NULL,47),(151,'tz.student149','student149','midname149','lastname149','Test Student 149',1,'1983:5:6:00:00:00',2,2,2,2,'XXXXXXXXXXXXXXXXXXXXXXXXXXXXXXXXXXXXXXXXXXXXXXXXXXXXXXXXXXXXXXXXXXXXXXXXXXXXXXXXXXXXXXXXXXXXXXXXXXXXXXXXXXXXXXXXXXXXXXXXXXXXXXXXXXXXXXXXXXXXXXXXXXXXXXXXXXXXXXXXXXXXXXXXXXXXXXXXXXXXXXXXXXXXXXXXXXXXXXXXXXXXXXXXXXXXXXXXXXXXXXXXXXXXXXXXXXXXXXXXXXXXXXXXXXXXXXXXXXXXXXXXXXXXXXXXXXXXXXXXXXXXXXXXXXXXXXXXXXXXXXXXXXXXXXXXXXXXXXXXXXXXXXXXXXXXXXXXXXXXXXXXXXXXXXXXXXXXXXXXXXXXXXXXXXXXXXXXXXXXXXXXXXXXXXXXXXXXXXXXXXXXXXXXXXXXXXXXXXXXXXXXXXXXXXXXXXXXXXXXXXXXXXXXXXXXXXXXXXXXXXXXXXXXXXXXXXXXXXXXXXXXXXXXXXXXXXXXXXXXXXXXXXXXXXXX',3,'st149@mri.ac.tz','+255791260149','student_2.jpg','7c222fb2927d828af22f592134e8932480637c0d',0,'0000:00:00:00:00:00','0000:00:00:00:00:00',1,'ke781',12,'e126',NULL,NULL,1,'2016:07:19:10:44:40',NULL,'c7bcacd6ac7a6d41e4ff395343622bb8',NULL,'g3DR',NULL,47),(152,'tz.student150','student150','midname150','lastname150','Test Student 150',1,'1983:5:6:00:00:00',1,2,2,2,'XXXXXXXXXXXXXXXXXXXXXXXXXXXXXXXXXXXXXXXXXXXXXXXXXXXXXXXXXXXXXXXXXXXXXXXXXXXXXXXXXXXXXXXXXXXXXXXXXXXXXXXXXXXXXXXXXXXXXXXXXXXXXXXXXXXXXXXXXXXXXXXXXXXXXXXXXXXXXXXXXXXXXXXXXXXXXXXXXXXXXXXXXXXXXXXXXXXXXXXXXXXXXXXXXXXXXXXXXXXXXXXXXXXXXXXXXXXXXXXXXXXXXXXXXXXXXXXXXXXXXXXXXXXXXXXXXXXXXXXXXXXXXXXXXXXXXXXXXXXXXXXXXXXXXXXXXXXXXXXXXXXXXXXXXXXXXXXXXXXXXXXXXXXXXXXXXXXXXXXXXXXXXXXXXXXXXXXXXXXXXXXXXXXXXXXXXXXXXXXXXXXXXXXXXXXXXXXXXXXXXXXXXXXXXXXXXXXXXXXXXXXXXXXXXXXXXXXXXXXXXXXXXXXXXXXXXXXXXXXXXXXXXXXXXXXXXXXXXXXXXXXXXXXXXXXX',3,'st150@mri.ac.tz','+255791260150','student_2.jpg','7c222fb2927d828af22f592134e8932480637c0d',0,'0000:00:00:00:00:00','0000:00:00:00:00:00',1,'ke781',12,'e126',NULL,NULL,1,'2016:07:19:10:44:40',NULL,'c7bcacd6ac7a6d41e4ff395343622bb8',NULL,'g3DR',NULL,47),(153,'tz.student151','student151','midname151','lastname151','Test Student 151',1,'1983:5:6:00:00:00',2,2,2,2,'XXXXXXXXXXXXXXXXXXXXXXXXXXXXXXXXXXXXXXXXXXXXXXXXXXXXXXXXXXXXXXXXXXXXXXXXXXXXXXXXXXXXXXXXXXXXXXXXXXXXXXXXXXXXXXXXXXXXXXXXXXXXXXXXXXXXXXXXXXXXXXXXXXXXXXXXXXXXXXXXXXXXXXXXXXXXXXXXXXXXXXXXXXXXXXXXXXXXXXXXXXXXXXXXXXXXXXXXXXXXXXXXXXXXXXXXXXXXXXXXXXXXXXXXXXXXXXXXXXXXXXXXXXXXXXXXXXXXXXXXXXXXXXXXXXXXXXXXXXXXXXXXXXXXXXXXXXXXXXXXXXXXXXXXXXXXXXXXXXXXXXXXXXXXXXXXXXXXXXXXXXXXXXXXXXXXXXXXXXXXXXXXXXXXXXXXXXXXXXXXXXXXXXXXXXXXXXXXXXXXXXXXXXXXXXXXXXXXXXXXXXXXXXXXXXXXXXXXXXXXXXXXXXXXXXXXXXXXXXXXXXXXXXXXXXXXXXXXXXXXXXXXXXXXXXXX',3,'st151@mri.ac.tz','+255791260151','student_2.jpg','7c222fb2927d828af22f592134e8932480637c0d',0,'0000:00:00:00:00:00','0000:00:00:00:00:00',1,'ke781',12,'e126',NULL,NULL,1,'2016:07:19:10:44:40',NULL,'c7bcacd6ac7a6d41e4ff395343622bb8',NULL,'g3DR',NULL,47),(154,'tz.student152','student152','midname152','lastname152','Test Student 152',1,'1983:5:6:00:00:00',1,2,2,2,'XXXXXXXXXXXXXXXXXXXXXXXXXXXXXXXXXXXXXXXXXXXXXXXXXXXXXXXXXXXXXXXXXXXXXXXXXXXXXXXXXXXXXXXXXXXXXXXXXXXXXXXXXXXXXXXXXXXXXXXXXXXXXXXXXXXXXXXXXXXXXXXXXXXXXXXXXXXXXXXXXXXXXXXXXXXXXXXXXXXXXXXXXXXXXXXXXXXXXXXXXXXXXXXXXXXXXXXXXXXXXXXXXXXXXXXXXXXXXXXXXXXXXXXXXXXXXXXXXXXXXXXXXXXXXXXXXXXXXXXXXXXXXXXXXXXXXXXXXXXXXXXXXXXXXXXXXXXXXXXXXXXXXXXXXXXXXXXXXXXXXXXXXXXXXXXXXXXXXXXXXXXXXXXXXXXXXXXXXXXXXXXXXXXXXXXXXXXXXXXXXXXXXXXXXXXXXXXXXXXXXXXXXXXXXXXXXXXXXXXXXXXXXXXXXXXXXXXXXXXXXXXXXXXXXXXXXXXXXXXXXXXXXXXXXXXXXXXXXXXXXXXXXXXXXXXX',3,'st152@mri.ac.tz','+255791260152','student_2.jpg','7c222fb2927d828af22f592134e8932480637c0d',0,'0000:00:00:00:00:00','0000:00:00:00:00:00',1,'ke781',12,'e126',NULL,NULL,1,'2016:07:19:10:44:40',NULL,'c7bcacd6ac7a6d41e4ff395343622bb8',NULL,'g3DR',NULL,47),(155,'tz.student153','student153','midname153','lastname153','Test Student 153',1,'1983:5:6:00:00:00',2,2,2,2,'XXXXXXXXXXXXXXXXXXXXXXXXXXXXXXXXXXXXXXXXXXXXXXXXXXXXXXXXXXXXXXXXXXXXXXXXXXXXXXXXXXXXXXXXXXXXXXXXXXXXXXXXXXXXXXXXXXXXXXXXXXXXXXXXXXXXXXXXXXXXXXXXXXXXXXXXXXXXXXXXXXXXXXXXXXXXXXXXXXXXXXXXXXXXXXXXXXXXXXXXXXXXXXXXXXXXXXXXXXXXXXXXXXXXXXXXXXXXXXXXXXXXXXXXXXXXXXXXXXXXXXXXXXXXXXXXXXXXXXXXXXXXXXXXXXXXXXXXXXXXXXXXXXXXXXXXXXXXXXXXXXXXXXXXXXXXXXXXXXXXXXXXXXXXXXXXXXXXXXXXXXXXXXXXXXXXXXXXXXXXXXXXXXXXXXXXXXXXXXXXXXXXXXXXXXXXXXXXXXXXXXXXXXXXXXXXXXXXXXXXXXXXXXXXXXXXXXXXXXXXXXXXXXXXXXXXXXXXXXXXXXXXXXXXXXXXXXXXXXXXXXXXXXXXXXXX',3,'st153@mri.ac.tz','+255791260153','student_2.jpg','7c222fb2927d828af22f592134e8932480637c0d',0,'0000:00:00:00:00:00','0000:00:00:00:00:00',1,'ke781',12,'e126',NULL,NULL,1,'2016:07:19:10:44:40',NULL,'c7bcacd6ac7a6d41e4ff395343622bb8',NULL,'g3DR',NULL,47),(156,'tz.student154','student154','midname154','lastname154','Test Student 154',1,'1983:5:6:00:00:00',1,2,2,2,'XXXXXXXXXXXXXXXXXXXXXXXXXXXXXXXXXXXXXXXXXXXXXXXXXXXXXXXXXXXXXXXXXXXXXXXXXXXXXXXXXXXXXXXXXXXXXXXXXXXXXXXXXXXXXXXXXXXXXXXXXXXXXXXXXXXXXXXXXXXXXXXXXXXXXXXXXXXXXXXXXXXXXXXXXXXXXXXXXXXXXXXXXXXXXXXXXXXXXXXXXXXXXXXXXXXXXXXXXXXXXXXXXXXXXXXXXXXXXXXXXXXXXXXXXXXXXXXXXXXXXXXXXXXXXXXXXXXXXXXXXXXXXXXXXXXXXXXXXXXXXXXXXXXXXXXXXXXXXXXXXXXXXXXXXXXXXXXXXXXXXXXXXXXXXXXXXXXXXXXXXXXXXXXXXXXXXXXXXXXXXXXXXXXXXXXXXXXXXXXXXXXXXXXXXXXXXXXXXXXXXXXXXXXXXXXXXXXXXXXXXXXXXXXXXXXXXXXXXXXXXXXXXXXXXXXXXXXXXXXXXXXXXXXXXXXXXXXXXXXXXXXXXXXXXXXX',3,'st154@mri.ac.tz','+255791260154','student_2.jpg','7c222fb2927d828af22f592134e8932480637c0d',0,'0000:00:00:00:00:00','0000:00:00:00:00:00',1,'ke781',12,'e126',NULL,NULL,1,'2016:07:19:10:44:40',NULL,'c7bcacd6ac7a6d41e4ff395343622bb8',NULL,'g3DR',NULL,47),(157,'tz.student155','student155','midname155','lastname155','Test Student 155',1,'1983:5:6:00:00:00',2,2,2,2,'XXXXXXXXXXXXXXXXXXXXXXXXXXXXXXXXXXXXXXXXXXXXXXXXXXXXXXXXXXXXXXXXXXXXXXXXXXXXXXXXXXXXXXXXXXXXXXXXXXXXXXXXXXXXXXXXXXXXXXXXXXXXXXXXXXXXXXXXXXXXXXXXXXXXXXXXXXXXXXXXXXXXXXXXXXXXXXXXXXXXXXXXXXXXXXXXXXXXXXXXXXXXXXXXXXXXXXXXXXXXXXXXXXXXXXXXXXXXXXXXXXXXXXXXXXXXXXXXXXXXXXXXXXXXXXXXXXXXXXXXXXXXXXXXXXXXXXXXXXXXXXXXXXXXXXXXXXXXXXXXXXXXXXXXXXXXXXXXXXXXXXXXXXXXXXXXXXXXXXXXXXXXXXXXXXXXXXXXXXXXXXXXXXXXXXXXXXXXXXXXXXXXXXXXXXXXXXXXXXXXXXXXXXXXXXXXXXXXXXXXXXXXXXXXXXXXXXXXXXXXXXXXXXXXXXXXXXXXXXXXXXXXXXXXXXXXXXXXXXXXXXXXXXXXXXXX',3,'st155@mri.ac.tz','+255791260155','student_2.jpg','7c222fb2927d828af22f592134e8932480637c0d',0,'0000:00:00:00:00:00','0000:00:00:00:00:00',1,'ke781',12,'e126',NULL,NULL,1,'2016:07:19:10:44:40',NULL,'c7bcacd6ac7a6d41e4ff395343622bb8',NULL,'g3DR',NULL,47),(158,'tz.student156','student156','midname156','lastname156','Test Student 156',1,'1983:5:6:00:00:00',1,2,2,2,'XXXXXXXXXXXXXXXXXXXXXXXXXXXXXXXXXXXXXXXXXXXXXXXXXXXXXXXXXXXXXXXXXXXXXXXXXXXXXXXXXXXXXXXXXXXXXXXXXXXXXXXXXXXXXXXXXXXXXXXXXXXXXXXXXXXXXXXXXXXXXXXXXXXXXXXXXXXXXXXXXXXXXXXXXXXXXXXXXXXXXXXXXXXXXXXXXXXXXXXXXXXXXXXXXXXXXXXXXXXXXXXXXXXXXXXXXXXXXXXXXXXXXXXXXXXXXXXXXXXXXXXXXXXXXXXXXXXXXXXXXXXXXXXXXXXXXXXXXXXXXXXXXXXXXXXXXXXXXXXXXXXXXXXXXXXXXXXXXXXXXXXXXXXXXXXXXXXXXXXXXXXXXXXXXXXXXXXXXXXXXXXXXXXXXXXXXXXXXXXXXXXXXXXXXXXXXXXXXXXXXXXXXXXXXXXXXXXXXXXXXXXXXXXXXXXXXXXXXXXXXXXXXXXXXXXXXXXXXXXXXXXXXXXXXXXXXXXXXXXXXXXXXXXXXXXX',3,'st156@mri.ac.tz','+255791260156','student_2.jpg','7c222fb2927d828af22f592134e8932480637c0d',0,'0000:00:00:00:00:00','0000:00:00:00:00:00',1,'ke781',12,'e126',NULL,NULL,1,'2016:07:19:10:44:40',NULL,'c7bcacd6ac7a6d41e4ff395343622bb8',NULL,'g3DR',NULL,47),(159,'tz.student157','student157','midname157','lastname157','Test Student 157',1,'1983:5:6:00:00:00',2,2,2,2,'XXXXXXXXXXXXXXXXXXXXXXXXXXXXXXXXXXXXXXXXXXXXXXXXXXXXXXXXXXXXXXXXXXXXXXXXXXXXXXXXXXXXXXXXXXXXXXXXXXXXXXXXXXXXXXXXXXXXXXXXXXXXXXXXXXXXXXXXXXXXXXXXXXXXXXXXXXXXXXXXXXXXXXXXXXXXXXXXXXXXXXXXXXXXXXXXXXXXXXXXXXXXXXXXXXXXXXXXXXXXXXXXXXXXXXXXXXXXXXXXXXXXXXXXXXXXXXXXXXXXXXXXXXXXXXXXXXXXXXXXXXXXXXXXXXXXXXXXXXXXXXXXXXXXXXXXXXXXXXXXXXXXXXXXXXXXXXXXXXXXXXXXXXXXXXXXXXXXXXXXXXXXXXXXXXXXXXXXXXXXXXXXXXXXXXXXXXXXXXXXXXXXXXXXXXXXXXXXXXXXXXXXXXXXXXXXXXXXXXXXXXXXXXXXXXXXXXXXXXXXXXXXXXXXXXXXXXXXXXXXXXXXXXXXXXXXXXXXXXXXXXXXXXXXXXXX',3,'st157@mri.ac.tz','+255791260157','student_2.jpg','7c222fb2927d828af22f592134e8932480637c0d',0,'0000:00:00:00:00:00','0000:00:00:00:00:00',1,'ke781',12,'e126',NULL,NULL,1,'2016:07:19:10:44:40',NULL,'c7bcacd6ac7a6d41e4ff395343622bb8',NULL,'g3DR',NULL,47),(160,'tz.student158','student158','midname158','lastname158','Test Student 158',1,'1983:5:6:00:00:00',1,2,2,2,'XXXXXXXXXXXXXXXXXXXXXXXXXXXXXXXXXXXXXXXXXXXXXXXXXXXXXXXXXXXXXXXXXXXXXXXXXXXXXXXXXXXXXXXXXXXXXXXXXXXXXXXXXXXXXXXXXXXXXXXXXXXXXXXXXXXXXXXXXXXXXXXXXXXXXXXXXXXXXXXXXXXXXXXXXXXXXXXXXXXXXXXXXXXXXXXXXXXXXXXXXXXXXXXXXXXXXXXXXXXXXXXXXXXXXXXXXXXXXXXXXXXXXXXXXXXXXXXXXXXXXXXXXXXXXXXXXXXXXXXXXXXXXXXXXXXXXXXXXXXXXXXXXXXXXXXXXXXXXXXXXXXXXXXXXXXXXXXXXXXXXXXXXXXXXXXXXXXXXXXXXXXXXXXXXXXXXXXXXXXXXXXXXXXXXXXXXXXXXXXXXXXXXXXXXXXXXXXXXXXXXXXXXXXXXXXXXXXXXXXXXXXXXXXXXXXXXXXXXXXXXXXXXXXXXXXXXXXXXXXXXXXXXXXXXXXXXXXXXXXXXXXXXXXXXXXX',3,'st158@mri.ac.tz','+255791260158','student_2.jpg','7c222fb2927d828af22f592134e8932480637c0d',0,'0000:00:00:00:00:00','0000:00:00:00:00:00',1,'ke781',12,'e126',NULL,NULL,1,'2016:07:19:10:44:40',NULL,'c7bcacd6ac7a6d41e4ff395343622bb8',NULL,'g3DR',NULL,47),(161,'tz.student159','student159','midname159','lastname159','Test Student 159',1,'1983:5:6:00:00:00',2,2,2,2,'XXXXXXXXXXXXXXXXXXXXXXXXXXXXXXXXXXXXXXXXXXXXXXXXXXXXXXXXXXXXXXXXXXXXXXXXXXXXXXXXXXXXXXXXXXXXXXXXXXXXXXXXXXXXXXXXXXXXXXXXXXXXXXXXXXXXXXXXXXXXXXXXXXXXXXXXXXXXXXXXXXXXXXXXXXXXXXXXXXXXXXXXXXXXXXXXXXXXXXXXXXXXXXXXXXXXXXXXXXXXXXXXXXXXXXXXXXXXXXXXXXXXXXXXXXXXXXXXXXXXXXXXXXXXXXXXXXXXXXXXXXXXXXXXXXXXXXXXXXXXXXXXXXXXXXXXXXXXXXXXXXXXXXXXXXXXXXXXXXXXXXXXXXXXXXXXXXXXXXXXXXXXXXXXXXXXXXXXXXXXXXXXXXXXXXXXXXXXXXXXXXXXXXXXXXXXXXXXXXXXXXXXXXXXXXXXXXXXXXXXXXXXXXXXXXXXXXXXXXXXXXXXXXXXXXXXXXXXXXXXXXXXXXXXXXXXXXXXXXXXXXXXXXXXXXXX',3,'st159@mri.ac.tz','+255791260159','student_2.jpg','7c222fb2927d828af22f592134e8932480637c0d',0,'0000:00:00:00:00:00','0000:00:00:00:00:00',1,'ke781',12,'e126',NULL,NULL,1,'2016:07:19:10:44:40',NULL,'c7bcacd6ac7a6d41e4ff395343622bb8',NULL,'g3DR',NULL,47),(162,'tz.student160','student160','midname160','lastname160','Test Student 160',1,'1983:5:6:00:00:00',1,2,2,2,'XXXXXXXXXXXXXXXXXXXXXXXXXXXXXXXXXXXXXXXXXXXXXXXXXXXXXXXXXXXXXXXXXXXXXXXXXXXXXXXXXXXXXXXXXXXXXXXXXXXXXXXXXXXXXXXXXXXXXXXXXXXXXXXXXXXXXXXXXXXXXXXXXXXXXXXXXXXXXXXXXXXXXXXXXXXXXXXXXXXXXXXXXXXXXXXXXXXXXXXXXXXXXXXXXXXXXXXXXXXXXXXXXXXXXXXXXXXXXXXXXXXXXXXXXXXXXXXXXXXXXXXXXXXXXXXXXXXXXXXXXXXXXXXXXXXXXXXXXXXXXXXXXXXXXXXXXXXXXXXXXXXXXXXXXXXXXXXXXXXXXXXXXXXXXXXXXXXXXXXXXXXXXXXXXXXXXXXXXXXXXXXXXXXXXXXXXXXXXXXXXXXXXXXXXXXXXXXXXXXXXXXXXXXXXXXXXXXXXXXXXXXXXXXXXXXXXXXXXXXXXXXXXXXXXXXXXXXXXXXXXXXXXXXXXXXXXXXXXXXXXXXXXXXXXXXX',3,'st160@mri.ac.tz','+255791260160','student_2.jpg','7c222fb2927d828af22f592134e8932480637c0d',0,'0000:00:00:00:00:00','0000:00:00:00:00:00',1,'ke781',12,'e126',NULL,NULL,1,'2016:07:19:10:44:40',NULL,'c7bcacd6ac7a6d41e4ff395343622bb8',NULL,'g3DR',NULL,47),(163,'tz.student161','student161','midname161','lastname161','Test Student 161',1,'1983:5:6:00:00:00',2,2,2,2,'XXXXXXXXXXXXXXXXXXXXXXXXXXXXXXXXXXXXXXXXXXXXXXXXXXXXXXXXXXXXXXXXXXXXXXXXXXXXXXXXXXXXXXXXXXXXXXXXXXXXXXXXXXXXXXXXXXXXXXXXXXXXXXXXXXXXXXXXXXXXXXXXXXXXXXXXXXXXXXXXXXXXXXXXXXXXXXXXXXXXXXXXXXXXXXXXXXXXXXXXXXXXXXXXXXXXXXXXXXXXXXXXXXXXXXXXXXXXXXXXXXXXXXXXXXXXXXXXXXXXXXXXXXXXXXXXXXXXXXXXXXXXXXXXXXXXXXXXXXXXXXXXXXXXXXXXXXXXXXXXXXXXXXXXXXXXXXXXXXXXXXXXXXXXXXXXXXXXXXXXXXXXXXXXXXXXXXXXXXXXXXXXXXXXXXXXXXXXXXXXXXXXXXXXXXXXXXXXXXXXXXXXXXXXXXXXXXXXXXXXXXXXXXXXXXXXXXXXXXXXXXXXXXXXXXXXXXXXXXXXXXXXXXXXXXXXXXXXXXXXXXXXXXXXXXXX',3,'st161@mri.ac.tz','+255791260161','student_2.jpg','7c222fb2927d828af22f592134e8932480637c0d',0,'0000:00:00:00:00:00','0000:00:00:00:00:00',1,'ke781',12,'e126',NULL,NULL,1,'2016:07:19:10:44:40',NULL,'c7bcacd6ac7a6d41e4ff395343622bb8',NULL,'g3DR',NULL,47),(164,'tz.student162','student162','midname162','lastname162','Test Student 162',1,'1983:5:6:00:00:00',1,2,2,2,'XXXXXXXXXXXXXXXXXXXXXXXXXXXXXXXXXXXXXXXXXXXXXXXXXXXXXXXXXXXXXXXXXXXXXXXXXXXXXXXXXXXXXXXXXXXXXXXXXXXXXXXXXXXXXXXXXXXXXXXXXXXXXXXXXXXXXXXXXXXXXXXXXXXXXXXXXXXXXXXXXXXXXXXXXXXXXXXXXXXXXXXXXXXXXXXXXXXXXXXXXXXXXXXXXXXXXXXXXXXXXXXXXXXXXXXXXXXXXXXXXXXXXXXXXXXXXXXXXXXXXXXXXXXXXXXXXXXXXXXXXXXXXXXXXXXXXXXXXXXXXXXXXXXXXXXXXXXXXXXXXXXXXXXXXXXXXXXXXXXXXXXXXXXXXXXXXXXXXXXXXXXXXXXXXXXXXXXXXXXXXXXXXXXXXXXXXXXXXXXXXXXXXXXXXXXXXXXXXXXXXXXXXXXXXXXXXXXXXXXXXXXXXXXXXXXXXXXXXXXXXXXXXXXXXXXXXXXXXXXXXXXXXXXXXXXXXXXXXXXXXXXXXXXXXXXX',3,'st162@mri.ac.tz','+255791260162','student_2.jpg','7c222fb2927d828af22f592134e8932480637c0d',0,'0000:00:00:00:00:00','0000:00:00:00:00:00',1,'ke781',12,'e126',NULL,NULL,1,'2016:07:19:10:44:40',NULL,'c7bcacd6ac7a6d41e4ff395343622bb8',NULL,'g3DR',NULL,47),(165,'tz.student163','student163','midname163','lastname163','Test Student 163',1,'1983:5:6:00:00:00',2,2,2,2,'XXXXXXXXXXXXXXXXXXXXXXXXXXXXXXXXXXXXXXXXXXXXXXXXXXXXXXXXXXXXXXXXXXXXXXXXXXXXXXXXXXXXXXXXXXXXXXXXXXXXXXXXXXXXXXXXXXXXXXXXXXXXXXXXXXXXXXXXXXXXXXXXXXXXXXXXXXXXXXXXXXXXXXXXXXXXXXXXXXXXXXXXXXXXXXXXXXXXXXXXXXXXXXXXXXXXXXXXXXXXXXXXXXXXXXXXXXXXXXXXXXXXXXXXXXXXXXXXXXXXXXXXXXXXXXXXXXXXXXXXXXXXXXXXXXXXXXXXXXXXXXXXXXXXXXXXXXXXXXXXXXXXXXXXXXXXXXXXXXXXXXXXXXXXXXXXXXXXXXXXXXXXXXXXXXXXXXXXXXXXXXXXXXXXXXXXXXXXXXXXXXXXXXXXXXXXXXXXXXXXXXXXXXXXXXXXXXXXXXXXXXXXXXXXXXXXXXXXXXXXXXXXXXXXXXXXXXXXXXXXXXXXXXXXXXXXXXXXXXXXXXXXXXXXXXXX',3,'st163@mri.ac.tz','+255791260163','student_2.jpg','7c222fb2927d828af22f592134e8932480637c0d',0,'0000:00:00:00:00:00','0000:00:00:00:00:00',1,'ke781',12,'e126',NULL,NULL,1,'2016:07:19:10:44:40',NULL,'c7bcacd6ac7a6d41e4ff395343622bb8',NULL,'g3DR',NULL,47),(166,'tz.student164','student164','midname164','lastname164','Test Student 164',1,'1983:5:6:00:00:00',1,2,2,2,'XXXXXXXXXXXXXXXXXXXXXXXXXXXXXXXXXXXXXXXXXXXXXXXXXXXXXXXXXXXXXXXXXXXXXXXXXXXXXXXXXXXXXXXXXXXXXXXXXXXXXXXXXXXXXXXXXXXXXXXXXXXXXXXXXXXXXXXXXXXXXXXXXXXXXXXXXXXXXXXXXXXXXXXXXXXXXXXXXXXXXXXXXXXXXXXXXXXXXXXXXXXXXXXXXXXXXXXXXXXXXXXXXXXXXXXXXXXXXXXXXXXXXXXXXXXXXXXXXXXXXXXXXXXXXXXXXXXXXXXXXXXXXXXXXXXXXXXXXXXXXXXXXXXXXXXXXXXXXXXXXXXXXXXXXXXXXXXXXXXXXXXXXXXXXXXXXXXXXXXXXXXXXXXXXXXXXXXXXXXXXXXXXXXXXXXXXXXXXXXXXXXXXXXXXXXXXXXXXXXXXXXXXXXXXXXXXXXXXXXXXXXXXXXXXXXXXXXXXXXXXXXXXXXXXXXXXXXXXXXXXXXXXXXXXXXXXXXXXXXXXXXXXXXXXXXX',3,'st164@mri.ac.tz','+255791260164','student_2.jpg','7c222fb2927d828af22f592134e8932480637c0d',0,'0000:00:00:00:00:00','0000:00:00:00:00:00',1,'ke781',12,'e126',NULL,NULL,1,'2016:07:19:10:44:40',NULL,'c7bcacd6ac7a6d41e4ff395343622bb8',NULL,'g3DR',NULL,47),(167,'tz.student165','student165','midname165','lastname165','Test Student 165',1,'1983:5:6:00:00:00',2,2,2,2,'XXXXXXXXXXXXXXXXXXXXXXXXXXXXXXXXXXXXXXXXXXXXXXXXXXXXXXXXXXXXXXXXXXXXXXXXXXXXXXXXXXXXXXXXXXXXXXXXXXXXXXXXXXXXXXXXXXXXXXXXXXXXXXXXXXXXXXXXXXXXXXXXXXXXXXXXXXXXXXXXXXXXXXXXXXXXXXXXXXXXXXXXXXXXXXXXXXXXXXXXXXXXXXXXXXXXXXXXXXXXXXXXXXXXXXXXXXXXXXXXXXXXXXXXXXXXXXXXXXXXXXXXXXXXXXXXXXXXXXXXXXXXXXXXXXXXXXXXXXXXXXXXXXXXXXXXXXXXXXXXXXXXXXXXXXXXXXXXXXXXXXXXXXXXXXXXXXXXXXXXXXXXXXXXXXXXXXXXXXXXXXXXXXXXXXXXXXXXXXXXXXXXXXXXXXXXXXXXXXXXXXXXXXXXXXXXXXXXXXXXXXXXXXXXXXXXXXXXXXXXXXXXXXXXXXXXXXXXXXXXXXXXXXXXXXXXXXXXXXXXXXXXXXXXXXXX',3,'st165@mri.ac.tz','+255791260165','student_2.jpg','7c222fb2927d828af22f592134e8932480637c0d',0,'0000:00:00:00:00:00','0000:00:00:00:00:00',1,'ke781',12,'e126',NULL,NULL,1,'2016:07:19:10:44:40',NULL,'c7bcacd6ac7a6d41e4ff395343622bb8',NULL,'g3DR',NULL,47),(168,'tz.student166','student166','midname166','lastname166','Test Student 166',1,'1983:5:6:00:00:00',1,2,2,2,'XXXXXXXXXXXXXXXXXXXXXXXXXXXXXXXXXXXXXXXXXXXXXXXXXXXXXXXXXXXXXXXXXXXXXXXXXXXXXXXXXXXXXXXXXXXXXXXXXXXXXXXXXXXXXXXXXXXXXXXXXXXXXXXXXXXXXXXXXXXXXXXXXXXXXXXXXXXXXXXXXXXXXXXXXXXXXXXXXXXXXXXXXXXXXXXXXXXXXXXXXXXXXXXXXXXXXXXXXXXXXXXXXXXXXXXXXXXXXXXXXXXXXXXXXXXXXXXXXXXXXXXXXXXXXXXXXXXXXXXXXXXXXXXXXXXXXXXXXXXXXXXXXXXXXXXXXXXXXXXXXXXXXXXXXXXXXXXXXXXXXXXXXXXXXXXXXXXXXXXXXXXXXXXXXXXXXXXXXXXXXXXXXXXXXXXXXXXXXXXXXXXXXXXXXXXXXXXXXXXXXXXXXXXXXXXXXXXXXXXXXXXXXXXXXXXXXXXXXXXXXXXXXXXXXXXXXXXXXXXXXXXXXXXXXXXXXXXXXXXXXXXXXXXXXXXX',3,'st166@mri.ac.tz','+255791260166','student_2.jpg','7c222fb2927d828af22f592134e8932480637c0d',0,'0000:00:00:00:00:00','0000:00:00:00:00:00',1,'ke781',12,'e126',NULL,NULL,1,'2016:07:19:10:44:40',NULL,'c7bcacd6ac7a6d41e4ff395343622bb8',NULL,'g3DR',NULL,47),(169,'tz.student167','student167','midname167','lastname167','Test Student 167',1,'1983:5:6:00:00:00',2,2,2,2,'XXXXXXXXXXXXXXXXXXXXXXXXXXXXXXXXXXXXXXXXXXXXXXXXXXXXXXXXXXXXXXXXXXXXXXXXXXXXXXXXXXXXXXXXXXXXXXXXXXXXXXXXXXXXXXXXXXXXXXXXXXXXXXXXXXXXXXXXXXXXXXXXXXXXXXXXXXXXXXXXXXXXXXXXXXXXXXXXXXXXXXXXXXXXXXXXXXXXXXXXXXXXXXXXXXXXXXXXXXXXXXXXXXXXXXXXXXXXXXXXXXXXXXXXXXXXXXXXXXXXXXXXXXXXXXXXXXXXXXXXXXXXXXXXXXXXXXXXXXXXXXXXXXXXXXXXXXXXXXXXXXXXXXXXXXXXXXXXXXXXXXXXXXXXXXXXXXXXXXXXXXXXXXXXXXXXXXXXXXXXXXXXXXXXXXXXXXXXXXXXXXXXXXXXXXXXXXXXXXXXXXXXXXXXXXXXXXXXXXXXXXXXXXXXXXXXXXXXXXXXXXXXXXXXXXXXXXXXXXXXXXXXXXXXXXXXXXXXXXXXXXXXXXXXXXXX',3,'st167@mri.ac.tz','+255791260167','student_2.jpg','7c222fb2927d828af22f592134e8932480637c0d',0,'0000:00:00:00:00:00','0000:00:00:00:00:00',1,'ke781',12,'e126',NULL,NULL,1,'2016:07:19:10:44:40',NULL,'c7bcacd6ac7a6d41e4ff395343622bb8',NULL,'g3DR',NULL,47),(170,'tz.student168','student168','midname168','lastname168','Test Student 168',1,'1983:5:6:00:00:00',1,2,2,2,'XXXXXXXXXXXXXXXXXXXXXXXXXXXXXXXXXXXXXXXXXXXXXXXXXXXXXXXXXXXXXXXXXXXXXXXXXXXXXXXXXXXXXXXXXXXXXXXXXXXXXXXXXXXXXXXXXXXXXXXXXXXXXXXXXXXXXXXXXXXXXXXXXXXXXXXXXXXXXXXXXXXXXXXXXXXXXXXXXXXXXXXXXXXXXXXXXXXXXXXXXXXXXXXXXXXXXXXXXXXXXXXXXXXXXXXXXXXXXXXXXXXXXXXXXXXXXXXXXXXXXXXXXXXXXXXXXXXXXXXXXXXXXXXXXXXXXXXXXXXXXXXXXXXXXXXXXXXXXXXXXXXXXXXXXXXXXXXXXXXXXXXXXXXXXXXXXXXXXXXXXXXXXXXXXXXXXXXXXXXXXXXXXXXXXXXXXXXXXXXXXXXXXXXXXXXXXXXXXXXXXXXXXXXXXXXXXXXXXXXXXXXXXXXXXXXXXXXXXXXXXXXXXXXXXXXXXXXXXXXXXXXXXXXXXXXXXXXXXXXXXXXXXXXXXXXX',3,'st168@mri.ac.tz','+255791260168','student_2.jpg','7c222fb2927d828af22f592134e8932480637c0d',0,'0000:00:00:00:00:00','0000:00:00:00:00:00',1,'ke781',12,'e126',NULL,NULL,1,'2016:07:19:10:44:40',NULL,'c7bcacd6ac7a6d41e4ff395343622bb8',NULL,'g3DR',NULL,47),(171,'tz.student169','student169','midname169','lastname169','Test Student 169',1,'1983:5:6:00:00:00',2,2,2,2,'XXXXXXXXXXXXXXXXXXXXXXXXXXXXXXXXXXXXXXXXXXXXXXXXXXXXXXXXXXXXXXXXXXXXXXXXXXXXXXXXXXXXXXXXXXXXXXXXXXXXXXXXXXXXXXXXXXXXXXXXXXXXXXXXXXXXXXXXXXXXXXXXXXXXXXXXXXXXXXXXXXXXXXXXXXXXXXXXXXXXXXXXXXXXXXXXXXXXXXXXXXXXXXXXXXXXXXXXXXXXXXXXXXXXXXXXXXXXXXXXXXXXXXXXXXXXXXXXXXXXXXXXXXXXXXXXXXXXXXXXXXXXXXXXXXXXXXXXXXXXXXXXXXXXXXXXXXXXXXXXXXXXXXXXXXXXXXXXXXXXXXXXXXXXXXXXXXXXXXXXXXXXXXXXXXXXXXXXXXXXXXXXXXXXXXXXXXXXXXXXXXXXXXXXXXXXXXXXXXXXXXXXXXXXXXXXXXXXXXXXXXXXXXXXXXXXXXXXXXXXXXXXXXXXXXXXXXXXXXXXXXXXXXXXXXXXXXXXXXXXXXXXXXXXXXXX',3,'st169@mri.ac.tz','+255791260169','student_2.jpg','7c222fb2927d828af22f592134e8932480637c0d',0,'0000:00:00:00:00:00','0000:00:00:00:00:00',1,'ke781',12,'e126',NULL,NULL,1,'2016:07:19:10:44:40',NULL,'c7bcacd6ac7a6d41e4ff395343622bb8',NULL,'g3DR',NULL,47),(172,'tz.student170','student170','midname170','lastname170','Test Student 170',1,'1983:5:6:00:00:00',1,2,2,2,'XXXXXXXXXXXXXXXXXXXXXXXXXXXXXXXXXXXXXXXXXXXXXXXXXXXXXXXXXXXXXXXXXXXXXXXXXXXXXXXXXXXXXXXXXXXXXXXXXXXXXXXXXXXXXXXXXXXXXXXXXXXXXXXXXXXXXXXXXXXXXXXXXXXXXXXXXXXXXXXXXXXXXXXXXXXXXXXXXXXXXXXXXXXXXXXXXXXXXXXXXXXXXXXXXXXXXXXXXXXXXXXXXXXXXXXXXXXXXXXXXXXXXXXXXXXXXXXXXXXXXXXXXXXXXXXXXXXXXXXXXXXXXXXXXXXXXXXXXXXXXXXXXXXXXXXXXXXXXXXXXXXXXXXXXXXXXXXXXXXXXXXXXXXXXXXXXXXXXXXXXXXXXXXXXXXXXXXXXXXXXXXXXXXXXXXXXXXXXXXXXXXXXXXXXXXXXXXXXXXXXXXXXXXXXXXXXXXXXXXXXXXXXXXXXXXXXXXXXXXXXXXXXXXXXXXXXXXXXXXXXXXXXXXXXXXXXXXXXXXXXXXXXXXXXXXX',3,'st170@mri.ac.tz','+255791260170','student_2.jpg','7c222fb2927d828af22f592134e8932480637c0d',0,'0000:00:00:00:00:00','0000:00:00:00:00:00',1,'ke781',12,'e126',NULL,NULL,1,'2016:07:19:10:44:40',NULL,'c7bcacd6ac7a6d41e4ff395343622bb8',NULL,'g3DR',NULL,47),(173,'tz.student171','student171','midname171','lastname171','Test Student 171',1,'1983:5:6:00:00:00',2,2,2,2,'XXXXXXXXXXXXXXXXXXXXXXXXXXXXXXXXXXXXXXXXXXXXXXXXXXXXXXXXXXXXXXXXXXXXXXXXXXXXXXXXXXXXXXXXXXXXXXXXXXXXXXXXXXXXXXXXXXXXXXXXXXXXXXXXXXXXXXXXXXXXXXXXXXXXXXXXXXXXXXXXXXXXXXXXXXXXXXXXXXXXXXXXXXXXXXXXXXXXXXXXXXXXXXXXXXXXXXXXXXXXXXXXXXXXXXXXXXXXXXXXXXXXXXXXXXXXXXXXXXXXXXXXXXXXXXXXXXXXXXXXXXXXXXXXXXXXXXXXXXXXXXXXXXXXXXXXXXXXXXXXXXXXXXXXXXXXXXXXXXXXXXXXXXXXXXXXXXXXXXXXXXXXXXXXXXXXXXXXXXXXXXXXXXXXXXXXXXXXXXXXXXXXXXXXXXXXXXXXXXXXXXXXXXXXXXXXXXXXXXXXXXXXXXXXXXXXXXXXXXXXXXXXXXXXXXXXXXXXXXXXXXXXXXXXXXXXXXXXXXXXXXXXXXXXXXXX',3,'st171@mri.ac.tz','+255791260171','student_2.jpg','7c222fb2927d828af22f592134e8932480637c0d',0,'0000:00:00:00:00:00','0000:00:00:00:00:00',1,'ke781',12,'e126',NULL,NULL,1,'2016:07:19:10:44:40',NULL,'c7bcacd6ac7a6d41e4ff395343622bb8',NULL,'g3DR',NULL,47),(174,'tz.student172','student172','midname172','lastname172','Test Student 172',1,'1983:5:6:00:00:00',1,2,2,2,'XXXXXXXXXXXXXXXXXXXXXXXXXXXXXXXXXXXXXXXXXXXXXXXXXXXXXXXXXXXXXXXXXXXXXXXXXXXXXXXXXXXXXXXXXXXXXXXXXXXXXXXXXXXXXXXXXXXXXXXXXXXXXXXXXXXXXXXXXXXXXXXXXXXXXXXXXXXXXXXXXXXXXXXXXXXXXXXXXXXXXXXXXXXXXXXXXXXXXXXXXXXXXXXXXXXXXXXXXXXXXXXXXXXXXXXXXXXXXXXXXXXXXXXXXXXXXXXXXXXXXXXXXXXXXXXXXXXXXXXXXXXXXXXXXXXXXXXXXXXXXXXXXXXXXXXXXXXXXXXXXXXXXXXXXXXXXXXXXXXXXXXXXXXXXXXXXXXXXXXXXXXXXXXXXXXXXXXXXXXXXXXXXXXXXXXXXXXXXXXXXXXXXXXXXXXXXXXXXXXXXXXXXXXXXXXXXXXXXXXXXXXXXXXXXXXXXXXXXXXXXXXXXXXXXXXXXXXXXXXXXXXXXXXXXXXXXXXXXXXXXXXXXXXXXXXX',3,'st172@mri.ac.tz','+255791260172','student_2.jpg','7c222fb2927d828af22f592134e8932480637c0d',0,'0000:00:00:00:00:00','0000:00:00:00:00:00',1,'ke781',12,'e126',NULL,NULL,1,'2016:07:19:10:44:40',NULL,'c7bcacd6ac7a6d41e4ff395343622bb8',NULL,'g3DR',NULL,47),(175,'tz.student173','student173','midname173','lastname173','Test Student 173',1,'1983:5:6:00:00:00',2,2,2,2,'XXXXXXXXXXXXXXXXXXXXXXXXXXXXXXXXXXXXXXXXXXXXXXXXXXXXXXXXXXXXXXXXXXXXXXXXXXXXXXXXXXXXXXXXXXXXXXXXXXXXXXXXXXXXXXXXXXXXXXXXXXXXXXXXXXXXXXXXXXXXXXXXXXXXXXXXXXXXXXXXXXXXXXXXXXXXXXXXXXXXXXXXXXXXXXXXXXXXXXXXXXXXXXXXXXXXXXXXXXXXXXXXXXXXXXXXXXXXXXXXXXXXXXXXXXXXXXXXXXXXXXXXXXXXXXXXXXXXXXXXXXXXXXXXXXXXXXXXXXXXXXXXXXXXXXXXXXXXXXXXXXXXXXXXXXXXXXXXXXXXXXXXXXXXXXXXXXXXXXXXXXXXXXXXXXXXXXXXXXXXXXXXXXXXXXXXXXXXXXXXXXXXXXXXXXXXXXXXXXXXXXXXXXXXXXXXXXXXXXXXXXXXXXXXXXXXXXXXXXXXXXXXXXXXXXXXXXXXXXXXXXXXXXXXXXXXXXXXXXXXXXXXXXXXXXXX',3,'st173@mri.ac.tz','+255791260173','student_2.jpg','7c222fb2927d828af22f592134e8932480637c0d',0,'0000:00:00:00:00:00','0000:00:00:00:00:00',1,'ke781',12,'e126',NULL,NULL,1,'2016:07:19:10:44:40',NULL,'c7bcacd6ac7a6d41e4ff395343622bb8',NULL,'g3DR',NULL,47),(176,'tz.student174','student174','midname174','lastname174','Test Student 174',1,'1983:5:6:00:00:00',1,2,2,2,'XXXXXXXXXXXXXXXXXXXXXXXXXXXXXXXXXXXXXXXXXXXXXXXXXXXXXXXXXXXXXXXXXXXXXXXXXXXXXXXXXXXXXXXXXXXXXXXXXXXXXXXXXXXXXXXXXXXXXXXXXXXXXXXXXXXXXXXXXXXXXXXXXXXXXXXXXXXXXXXXXXXXXXXXXXXXXXXXXXXXXXXXXXXXXXXXXXXXXXXXXXXXXXXXXXXXXXXXXXXXXXXXXXXXXXXXXXXXXXXXXXXXXXXXXXXXXXXXXXXXXXXXXXXXXXXXXXXXXXXXXXXXXXXXXXXXXXXXXXXXXXXXXXXXXXXXXXXXXXXXXXXXXXXXXXXXXXXXXXXXXXXXXXXXXXXXXXXXXXXXXXXXXXXXXXXXXXXXXXXXXXXXXXXXXXXXXXXXXXXXXXXXXXXXXXXXXXXXXXXXXXXXXXXXXXXXXXXXXXXXXXXXXXXXXXXXXXXXXXXXXXXXXXXXXXXXXXXXXXXXXXXXXXXXXXXXXXXXXXXXXXXXXXXXXXXX',3,'st174@mri.ac.tz','+255791260174','student_2.jpg','7c222fb2927d828af22f592134e8932480637c0d',0,'0000:00:00:00:00:00','0000:00:00:00:00:00',1,'ke781',12,'e126',NULL,NULL,1,'2016:07:19:10:44:40',NULL,'c7bcacd6ac7a6d41e4ff395343622bb8',NULL,'g3DR',NULL,47),(177,'tz.student175','student175','midname175','lastname175','Test Student 175',1,'1983:5:6:00:00:00',2,2,2,2,'XXXXXXXXXXXXXXXXXXXXXXXXXXXXXXXXXXXXXXXXXXXXXXXXXXXXXXXXXXXXXXXXXXXXXXXXXXXXXXXXXXXXXXXXXXXXXXXXXXXXXXXXXXXXXXXXXXXXXXXXXXXXXXXXXXXXXXXXXXXXXXXXXXXXXXXXXXXXXXXXXXXXXXXXXXXXXXXXXXXXXXXXXXXXXXXXXXXXXXXXXXXXXXXXXXXXXXXXXXXXXXXXXXXXXXXXXXXXXXXXXXXXXXXXXXXXXXXXXXXXXXXXXXXXXXXXXXXXXXXXXXXXXXXXXXXXXXXXXXXXXXXXXXXXXXXXXXXXXXXXXXXXXXXXXXXXXXXXXXXXXXXXXXXXXXXXXXXXXXXXXXXXXXXXXXXXXXXXXXXXXXXXXXXXXXXXXXXXXXXXXXXXXXXXXXXXXXXXXXXXXXXXXXXXXXXXXXXXXXXXXXXXXXXXXXXXXXXXXXXXXXXXXXXXXXXXXXXXXXXXXXXXXXXXXXXXXXXXXXXXXXXXXXXXXXXX',3,'st175@mri.ac.tz','+255791260175','student_2.jpg','7c222fb2927d828af22f592134e8932480637c0d',0,'0000:00:00:00:00:00','0000:00:00:00:00:00',1,'ke781',12,'e126',NULL,NULL,1,'2016:07:19:10:44:40',NULL,'c7bcacd6ac7a6d41e4ff395343622bb8',NULL,'g3DR',NULL,47),(178,'tz.student176','student176','midname176','lastname176','Test Student 176',1,'1983:5:6:00:00:00',1,2,2,2,'XXXXXXXXXXXXXXXXXXXXXXXXXXXXXXXXXXXXXXXXXXXXXXXXXXXXXXXXXXXXXXXXXXXXXXXXXXXXXXXXXXXXXXXXXXXXXXXXXXXXXXXXXXXXXXXXXXXXXXXXXXXXXXXXXXXXXXXXXXXXXXXXXXXXXXXXXXXXXXXXXXXXXXXXXXXXXXXXXXXXXXXXXXXXXXXXXXXXXXXXXXXXXXXXXXXXXXXXXXXXXXXXXXXXXXXXXXXXXXXXXXXXXXXXXXXXXXXXXXXXXXXXXXXXXXXXXXXXXXXXXXXXXXXXXXXXXXXXXXXXXXXXXXXXXXXXXXXXXXXXXXXXXXXXXXXXXXXXXXXXXXXXXXXXXXXXXXXXXXXXXXXXXXXXXXXXXXXXXXXXXXXXXXXXXXXXXXXXXXXXXXXXXXXXXXXXXXXXXXXXXXXXXXXXXXXXXXXXXXXXXXXXXXXXXXXXXXXXXXXXXXXXXXXXXXXXXXXXXXXXXXXXXXXXXXXXXXXXXXXXXXXXXXXXXXXX',3,'st176@mri.ac.tz','+255791260176','student_2.jpg','7c222fb2927d828af22f592134e8932480637c0d',0,'0000:00:00:00:00:00','0000:00:00:00:00:00',1,'ke781',12,'e126',NULL,NULL,1,'2016:07:19:10:44:40',NULL,'c7bcacd6ac7a6d41e4ff395343622bb8',NULL,'g3DR',NULL,47),(179,'tz.student177','student177','midname177','lastname177','Test Student 177',1,'1983:5:6:00:00:00',2,2,2,2,'XXXXXXXXXXXXXXXXXXXXXXXXXXXXXXXXXXXXXXXXXXXXXXXXXXXXXXXXXXXXXXXXXXXXXXXXXXXXXXXXXXXXXXXXXXXXXXXXXXXXXXXXXXXXXXXXXXXXXXXXXXXXXXXXXXXXXXXXXXXXXXXXXXXXXXXXXXXXXXXXXXXXXXXXXXXXXXXXXXXXXXXXXXXXXXXXXXXXXXXXXXXXXXXXXXXXXXXXXXXXXXXXXXXXXXXXXXXXXXXXXXXXXXXXXXXXXXXXXXXXXXXXXXXXXXXXXXXXXXXXXXXXXXXXXXXXXXXXXXXXXXXXXXXXXXXXXXXXXXXXXXXXXXXXXXXXXXXXXXXXXXXXXXXXXXXXXXXXXXXXXXXXXXXXXXXXXXXXXXXXXXXXXXXXXXXXXXXXXXXXXXXXXXXXXXXXXXXXXXXXXXXXXXXXXXXXXXXXXXXXXXXXXXXXXXXXXXXXXXXXXXXXXXXXXXXXXXXXXXXXXXXXXXXXXXXXXXXXXXXXXXXXXXXXXXXX',3,'st177@mri.ac.tz','+255791260177','student_2.jpg','7c222fb2927d828af22f592134e8932480637c0d',0,'0000:00:00:00:00:00','0000:00:00:00:00:00',1,'ke781',12,'e126',NULL,NULL,1,'2016:07:19:10:44:40',NULL,'c7bcacd6ac7a6d41e4ff395343622bb8',NULL,'g3DR',NULL,47),(180,'tz.student178','student178','midname178','lastname178','Test Student 178',1,'1983:5:6:00:00:00',1,2,2,2,'XXXXXXXXXXXXXXXXXXXXXXXXXXXXXXXXXXXXXXXXXXXXXXXXXXXXXXXXXXXXXXXXXXXXXXXXXXXXXXXXXXXXXXXXXXXXXXXXXXXXXXXXXXXXXXXXXXXXXXXXXXXXXXXXXXXXXXXXXXXXXXXXXXXXXXXXXXXXXXXXXXXXXXXXXXXXXXXXXXXXXXXXXXXXXXXXXXXXXXXXXXXXXXXXXXXXXXXXXXXXXXXXXXXXXXXXXXXXXXXXXXXXXXXXXXXXXXXXXXXXXXXXXXXXXXXXXXXXXXXXXXXXXXXXXXXXXXXXXXXXXXXXXXXXXXXXXXXXXXXXXXXXXXXXXXXXXXXXXXXXXXXXXXXXXXXXXXXXXXXXXXXXXXXXXXXXXXXXXXXXXXXXXXXXXXXXXXXXXXXXXXXXXXXXXXXXXXXXXXXXXXXXXXXXXXXXXXXXXXXXXXXXXXXXXXXXXXXXXXXXXXXXXXXXXXXXXXXXXXXXXXXXXXXXXXXXXXXXXXXXXXXXXXXXXXXX',3,'st178@mri.ac.tz','+255791260178','student_2.jpg','7c222fb2927d828af22f592134e8932480637c0d',0,'0000:00:00:00:00:00','0000:00:00:00:00:00',1,'ke781',12,'e126',NULL,NULL,1,'2016:07:19:10:44:40',NULL,'c7bcacd6ac7a6d41e4ff395343622bb8',NULL,'g3DR',NULL,47),(181,'tz.student179','student179','midname179','lastname179','Test Student 179',1,'1983:5:6:00:00:00',2,2,2,2,'XXXXXXXXXXXXXXXXXXXXXXXXXXXXXXXXXXXXXXXXXXXXXXXXXXXXXXXXXXXXXXXXXXXXXXXXXXXXXXXXXXXXXXXXXXXXXXXXXXXXXXXXXXXXXXXXXXXXXXXXXXXXXXXXXXXXXXXXXXXXXXXXXXXXXXXXXXXXXXXXXXXXXXXXXXXXXXXXXXXXXXXXXXXXXXXXXXXXXXXXXXXXXXXXXXXXXXXXXXXXXXXXXXXXXXXXXXXXXXXXXXXXXXXXXXXXXXXXXXXXXXXXXXXXXXXXXXXXXXXXXXXXXXXXXXXXXXXXXXXXXXXXXXXXXXXXXXXXXXXXXXXXXXXXXXXXXXXXXXXXXXXXXXXXXXXXXXXXXXXXXXXXXXXXXXXXXXXXXXXXXXXXXXXXXXXXXXXXXXXXXXXXXXXXXXXXXXXXXXXXXXXXXXXXXXXXXXXXXXXXXXXXXXXXXXXXXXXXXXXXXXXXXXXXXXXXXXXXXXXXXXXXXXXXXXXXXXXXXXXXXXXXXXXXXXXX',3,'st179@mri.ac.tz','+255791260179','student_2.jpg','7c222fb2927d828af22f592134e8932480637c0d',0,'0000:00:00:00:00:00','0000:00:00:00:00:00',1,'ke781',12,'e126',NULL,NULL,1,'2016:07:19:10:44:40',NULL,'c7bcacd6ac7a6d41e4ff395343622bb8',NULL,'g3DR',NULL,47),(182,'tz.student180','student180','midname180','lastname180','Test Student 180',1,'1983:5:6:00:00:00',1,2,2,2,'XXXXXXXXXXXXXXXXXXXXXXXXXXXXXXXXXXXXXXXXXXXXXXXXXXXXXXXXXXXXXXXXXXXXXXXXXXXXXXXXXXXXXXXXXXXXXXXXXXXXXXXXXXXXXXXXXXXXXXXXXXXXXXXXXXXXXXXXXXXXXXXXXXXXXXXXXXXXXXXXXXXXXXXXXXXXXXXXXXXXXXXXXXXXXXXXXXXXXXXXXXXXXXXXXXXXXXXXXXXXXXXXXXXXXXXXXXXXXXXXXXXXXXXXXXXXXXXXXXXXXXXXXXXXXXXXXXXXXXXXXXXXXXXXXXXXXXXXXXXXXXXXXXXXXXXXXXXXXXXXXXXXXXXXXXXXXXXXXXXXXXXXXXXXXXXXXXXXXXXXXXXXXXXXXXXXXXXXXXXXXXXXXXXXXXXXXXXXXXXXXXXXXXXXXXXXXXXXXXXXXXXXXXXXXXXXXXXXXXXXXXXXXXXXXXXXXXXXXXXXXXXXXXXXXXXXXXXXXXXXXXXXXXXXXXXXXXXXXXXXXXXXXXXXXXXX',3,'st180@mri.ac.tz','+255791260180','student_2.jpg','7c222fb2927d828af22f592134e8932480637c0d',0,'0000:00:00:00:00:00','0000:00:00:00:00:00',1,'ke781',12,'e126',NULL,NULL,1,'2016:07:19:10:44:40',NULL,'c7bcacd6ac7a6d41e4ff395343622bb8',NULL,'g3DR',NULL,47),(183,'tz.student181','student181','midname181','lastname181','Test Student 181',1,'1983:5:6:00:00:00',2,2,2,2,'XXXXXXXXXXXXXXXXXXXXXXXXXXXXXXXXXXXXXXXXXXXXXXXXXXXXXXXXXXXXXXXXXXXXXXXXXXXXXXXXXXXXXXXXXXXXXXXXXXXXXXXXXXXXXXXXXXXXXXXXXXXXXXXXXXXXXXXXXXXXXXXXXXXXXXXXXXXXXXXXXXXXXXXXXXXXXXXXXXXXXXXXXXXXXXXXXXXXXXXXXXXXXXXXXXXXXXXXXXXXXXXXXXXXXXXXXXXXXXXXXXXXXXXXXXXXXXXXXXXXXXXXXXXXXXXXXXXXXXXXXXXXXXXXXXXXXXXXXXXXXXXXXXXXXXXXXXXXXXXXXXXXXXXXXXXXXXXXXXXXXXXXXXXXXXXXXXXXXXXXXXXXXXXXXXXXXXXXXXXXXXXXXXXXXXXXXXXXXXXXXXXXXXXXXXXXXXXXXXXXXXXXXXXXXXXXXXXXXXXXXXXXXXXXXXXXXXXXXXXXXXXXXXXXXXXXXXXXXXXXXXXXXXXXXXXXXXXXXXXXXXXXXXXXXXXX',3,'st181@mri.ac.tz','+255791260181','student_2.jpg','7c222fb2927d828af22f592134e8932480637c0d',0,'0000:00:00:00:00:00','0000:00:00:00:00:00',1,'ke781',12,'e126',NULL,NULL,1,'2016:07:19:10:44:40',NULL,'c7bcacd6ac7a6d41e4ff395343622bb8',NULL,'g3DR',NULL,47),(184,'tz.student182','student182','midname182','lastname182','Test Student 182',1,'1983:5:6:00:00:00',1,2,2,2,'XXXXXXXXXXXXXXXXXXXXXXXXXXXXXXXXXXXXXXXXXXXXXXXXXXXXXXXXXXXXXXXXXXXXXXXXXXXXXXXXXXXXXXXXXXXXXXXXXXXXXXXXXXXXXXXXXXXXXXXXXXXXXXXXXXXXXXXXXXXXXXXXXXXXXXXXXXXXXXXXXXXXXXXXXXXXXXXXXXXXXXXXXXXXXXXXXXXXXXXXXXXXXXXXXXXXXXXXXXXXXXXXXXXXXXXXXXXXXXXXXXXXXXXXXXXXXXXXXXXXXXXXXXXXXXXXXXXXXXXXXXXXXXXXXXXXXXXXXXXXXXXXXXXXXXXXXXXXXXXXXXXXXXXXXXXXXXXXXXXXXXXXXXXXXXXXXXXXXXXXXXXXXXXXXXXXXXXXXXXXXXXXXXXXXXXXXXXXXXXXXXXXXXXXXXXXXXXXXXXXXXXXXXXXXXXXXXXXXXXXXXXXXXXXXXXXXXXXXXXXXXXXXXXXXXXXXXXXXXXXXXXXXXXXXXXXXXXXXXXXXXXXXXXXXXXX',3,'st182@mri.ac.tz','+255791260182','student_2.jpg','7c222fb2927d828af22f592134e8932480637c0d',0,'0000:00:00:00:00:00','0000:00:00:00:00:00',1,'ke781',12,'e126',NULL,NULL,1,'2016:07:19:10:44:40',NULL,'c7bcacd6ac7a6d41e4ff395343622bb8',NULL,'g3DR',NULL,47),(185,'tz.student183','student183','midname183','lastname183','Test Student 183',1,'1983:5:6:00:00:00',2,2,2,2,'XXXXXXXXXXXXXXXXXXXXXXXXXXXXXXXXXXXXXXXXXXXXXXXXXXXXXXXXXXXXXXXXXXXXXXXXXXXXXXXXXXXXXXXXXXXXXXXXXXXXXXXXXXXXXXXXXXXXXXXXXXXXXXXXXXXXXXXXXXXXXXXXXXXXXXXXXXXXXXXXXXXXXXXXXXXXXXXXXXXXXXXXXXXXXXXXXXXXXXXXXXXXXXXXXXXXXXXXXXXXXXXXXXXXXXXXXXXXXXXXXXXXXXXXXXXXXXXXXXXXXXXXXXXXXXXXXXXXXXXXXXXXXXXXXXXXXXXXXXXXXXXXXXXXXXXXXXXXXXXXXXXXXXXXXXXXXXXXXXXXXXXXXXXXXXXXXXXXXXXXXXXXXXXXXXXXXXXXXXXXXXXXXXXXXXXXXXXXXXXXXXXXXXXXXXXXXXXXXXXXXXXXXXXXXXXXXXXXXXXXXXXXXXXXXXXXXXXXXXXXXXXXXXXXXXXXXXXXXXXXXXXXXXXXXXXXXXXXXXXXXXXXXXXXXXXX',3,'st183@mri.ac.tz','+255791260183','student_2.jpg','7c222fb2927d828af22f592134e8932480637c0d',0,'0000:00:00:00:00:00','0000:00:00:00:00:00',1,'ke781',12,'e126',NULL,NULL,1,'2016:07:19:10:44:40',NULL,'c7bcacd6ac7a6d41e4ff395343622bb8',NULL,'g3DR',NULL,47),(186,'tz.student184','student184','midname184','lastname184','Test Student 184',1,'1983:5:6:00:00:00',1,2,2,2,'XXXXXXXXXXXXXXXXXXXXXXXXXXXXXXXXXXXXXXXXXXXXXXXXXXXXXXXXXXXXXXXXXXXXXXXXXXXXXXXXXXXXXXXXXXXXXXXXXXXXXXXXXXXXXXXXXXXXXXXXXXXXXXXXXXXXXXXXXXXXXXXXXXXXXXXXXXXXXXXXXXXXXXXXXXXXXXXXXXXXXXXXXXXXXXXXXXXXXXXXXXXXXXXXXXXXXXXXXXXXXXXXXXXXXXXXXXXXXXXXXXXXXXXXXXXXXXXXXXXXXXXXXXXXXXXXXXXXXXXXXXXXXXXXXXXXXXXXXXXXXXXXXXXXXXXXXXXXXXXXXXXXXXXXXXXXXXXXXXXXXXXXXXXXXXXXXXXXXXXXXXXXXXXXXXXXXXXXXXXXXXXXXXXXXXXXXXXXXXXXXXXXXXXXXXXXXXXXXXXXXXXXXXXXXXXXXXXXXXXXXXXXXXXXXXXXXXXXXXXXXXXXXXXXXXXXXXXXXXXXXXXXXXXXXXXXXXXXXXXXXXXXXXXXXXXX',3,'st184@mri.ac.tz','+255791260184','student_2.jpg','7c222fb2927d828af22f592134e8932480637c0d',0,'0000:00:00:00:00:00','0000:00:00:00:00:00',1,'ke781',12,'e126',NULL,NULL,1,'2016:07:19:10:44:40',NULL,'c7bcacd6ac7a6d41e4ff395343622bb8',NULL,'g3DR',NULL,47),(187,'tz.student185','student185','midname185','lastname185','Test Student 185',1,'1983:5:6:00:00:00',2,2,2,2,'XXXXXXXXXXXXXXXXXXXXXXXXXXXXXXXXXXXXXXXXXXXXXXXXXXXXXXXXXXXXXXXXXXXXXXXXXXXXXXXXXXXXXXXXXXXXXXXXXXXXXXXXXXXXXXXXXXXXXXXXXXXXXXXXXXXXXXXXXXXXXXXXXXXXXXXXXXXXXXXXXXXXXXXXXXXXXXXXXXXXXXXXXXXXXXXXXXXXXXXXXXXXXXXXXXXXXXXXXXXXXXXXXXXXXXXXXXXXXXXXXXXXXXXXXXXXXXXXXXXXXXXXXXXXXXXXXXXXXXXXXXXXXXXXXXXXXXXXXXXXXXXXXXXXXXXXXXXXXXXXXXXXXXXXXXXXXXXXXXXXXXXXXXXXXXXXXXXXXXXXXXXXXXXXXXXXXXXXXXXXXXXXXXXXXXXXXXXXXXXXXXXXXXXXXXXXXXXXXXXXXXXXXXXXXXXXXXXXXXXXXXXXXXXXXXXXXXXXXXXXXXXXXXXXXXXXXXXXXXXXXXXXXXXXXXXXXXXXXXXXXXXXXXXXXXXX',3,'st185@mri.ac.tz','+255791260185','student_2.jpg','7c222fb2927d828af22f592134e8932480637c0d',0,'0000:00:00:00:00:00','0000:00:00:00:00:00',1,'ke781',12,'e126',NULL,NULL,1,'2016:07:19:10:44:40',NULL,'c7bcacd6ac7a6d41e4ff395343622bb8',NULL,'g3DR',NULL,47),(188,'tz.student186','student186','midname186','lastname186','Test Student 186',1,'1983:5:6:00:00:00',1,2,2,2,'XXXXXXXXXXXXXXXXXXXXXXXXXXXXXXXXXXXXXXXXXXXXXXXXXXXXXXXXXXXXXXXXXXXXXXXXXXXXXXXXXXXXXXXXXXXXXXXXXXXXXXXXXXXXXXXXXXXXXXXXXXXXXXXXXXXXXXXXXXXXXXXXXXXXXXXXXXXXXXXXXXXXXXXXXXXXXXXXXXXXXXXXXXXXXXXXXXXXXXXXXXXXXXXXXXXXXXXXXXXXXXXXXXXXXXXXXXXXXXXXXXXXXXXXXXXXXXXXXXXXXXXXXXXXXXXXXXXXXXXXXXXXXXXXXXXXXXXXXXXXXXXXXXXXXXXXXXXXXXXXXXXXXXXXXXXXXXXXXXXXXXXXXXXXXXXXXXXXXXXXXXXXXXXXXXXXXXXXXXXXXXXXXXXXXXXXXXXXXXXXXXXXXXXXXXXXXXXXXXXXXXXXXXXXXXXXXXXXXXXXXXXXXXXXXXXXXXXXXXXXXXXXXXXXXXXXXXXXXXXXXXXXXXXXXXXXXXXXXXXXXXXXXXXXXXXX',3,'st186@mri.ac.tz','+255791260186','student_2.jpg','7c222fb2927d828af22f592134e8932480637c0d',0,'0000:00:00:00:00:00','0000:00:00:00:00:00',1,'ke781',12,'e126',NULL,NULL,1,'2016:07:19:10:44:40',NULL,'c7bcacd6ac7a6d41e4ff395343622bb8',NULL,'g3DR',NULL,47),(189,'tz.student187','student187','midname187','lastname187','Test Student 187',1,'1983:5:6:00:00:00',2,2,2,2,'XXXXXXXXXXXXXXXXXXXXXXXXXXXXXXXXXXXXXXXXXXXXXXXXXXXXXXXXXXXXXXXXXXXXXXXXXXXXXXXXXXXXXXXXXXXXXXXXXXXXXXXXXXXXXXXXXXXXXXXXXXXXXXXXXXXXXXXXXXXXXXXXXXXXXXXXXXXXXXXXXXXXXXXXXXXXXXXXXXXXXXXXXXXXXXXXXXXXXXXXXXXXXXXXXXXXXXXXXXXXXXXXXXXXXXXXXXXXXXXXXXXXXXXXXXXXXXXXXXXXXXXXXXXXXXXXXXXXXXXXXXXXXXXXXXXXXXXXXXXXXXXXXXXXXXXXXXXXXXXXXXXXXXXXXXXXXXXXXXXXXXXXXXXXXXXXXXXXXXXXXXXXXXXXXXXXXXXXXXXXXXXXXXXXXXXXXXXXXXXXXXXXXXXXXXXXXXXXXXXXXXXXXXXXXXXXXXXXXXXXXXXXXXXXXXXXXXXXXXXXXXXXXXXXXXXXXXXXXXXXXXXXXXXXXXXXXXXXXXXXXXXXXXXXXXXX',3,'st187@mri.ac.tz','+255791260187','student_2.jpg','7c222fb2927d828af22f592134e8932480637c0d',0,'0000:00:00:00:00:00','0000:00:00:00:00:00',1,'ke781',12,'e126',NULL,NULL,1,'2016:07:19:10:44:40',NULL,'c7bcacd6ac7a6d41e4ff395343622bb8',NULL,'g3DR',NULL,47),(190,'tz.student188','student188','midname188','lastname188','Test Student 188',1,'1983:5:6:00:00:00',1,2,2,2,'XXXXXXXXXXXXXXXXXXXXXXXXXXXXXXXXXXXXXXXXXXXXXXXXXXXXXXXXXXXXXXXXXXXXXXXXXXXXXXXXXXXXXXXXXXXXXXXXXXXXXXXXXXXXXXXXXXXXXXXXXXXXXXXXXXXXXXXXXXXXXXXXXXXXXXXXXXXXXXXXXXXXXXXXXXXXXXXXXXXXXXXXXXXXXXXXXXXXXXXXXXXXXXXXXXXXXXXXXXXXXXXXXXXXXXXXXXXXXXXXXXXXXXXXXXXXXXXXXXXXXXXXXXXXXXXXXXXXXXXXXXXXXXXXXXXXXXXXXXXXXXXXXXXXXXXXXXXXXXXXXXXXXXXXXXXXXXXXXXXXXXXXXXXXXXXXXXXXXXXXXXXXXXXXXXXXXXXXXXXXXXXXXXXXXXXXXXXXXXXXXXXXXXXXXXXXXXXXXXXXXXXXXXXXXXXXXXXXXXXXXXXXXXXXXXXXXXXXXXXXXXXXXXXXXXXXXXXXXXXXXXXXXXXXXXXXXXXXXXXXXXXXXXXXXXXX',3,'st188@mri.ac.tz','+255791260188','student_2.jpg','7c222fb2927d828af22f592134e8932480637c0d',0,'0000:00:00:00:00:00','0000:00:00:00:00:00',1,'ke781',12,'e126',NULL,NULL,1,'2016:07:19:10:44:40',NULL,'c7bcacd6ac7a6d41e4ff395343622bb8',NULL,'g3DR',NULL,47),(191,'tz.student189','student189','midname189','lastname189','Test Student 189',1,'1983:5:6:00:00:00',2,2,2,2,'XXXXXXXXXXXXXXXXXXXXXXXXXXXXXXXXXXXXXXXXXXXXXXXXXXXXXXXXXXXXXXXXXXXXXXXXXXXXXXXXXXXXXXXXXXXXXXXXXXXXXXXXXXXXXXXXXXXXXXXXXXXXXXXXXXXXXXXXXXXXXXXXXXXXXXXXXXXXXXXXXXXXXXXXXXXXXXXXXXXXXXXXXXXXXXXXXXXXXXXXXXXXXXXXXXXXXXXXXXXXXXXXXXXXXXXXXXXXXXXXXXXXXXXXXXXXXXXXXXXXXXXXXXXXXXXXXXXXXXXXXXXXXXXXXXXXXXXXXXXXXXXXXXXXXXXXXXXXXXXXXXXXXXXXXXXXXXXXXXXXXXXXXXXXXXXXXXXXXXXXXXXXXXXXXXXXXXXXXXXXXXXXXXXXXXXXXXXXXXXXXXXXXXXXXXXXXXXXXXXXXXXXXXXXXXXXXXXXXXXXXXXXXXXXXXXXXXXXXXXXXXXXXXXXXXXXXXXXXXXXXXXXXXXXXXXXXXXXXXXXXXXXXXXXXXXX',3,'st189@mri.ac.tz','+255791260189','student_2.jpg','7c222fb2927d828af22f592134e8932480637c0d',0,'0000:00:00:00:00:00','0000:00:00:00:00:00',1,'ke781',12,'e126',NULL,NULL,1,'2016:07:19:10:44:40',NULL,'c7bcacd6ac7a6d41e4ff395343622bb8',NULL,'g3DR',NULL,47),(192,'tz.student190','student190','midname190','lastname190','Test Student 190',1,'1983:5:6:00:00:00',1,2,2,2,'XXXXXXXXXXXXXXXXXXXXXXXXXXXXXXXXXXXXXXXXXXXXXXXXXXXXXXXXXXXXXXXXXXXXXXXXXXXXXXXXXXXXXXXXXXXXXXXXXXXXXXXXXXXXXXXXXXXXXXXXXXXXXXXXXXXXXXXXXXXXXXXXXXXXXXXXXXXXXXXXXXXXXXXXXXXXXXXXXXXXXXXXXXXXXXXXXXXXXXXXXXXXXXXXXXXXXXXXXXXXXXXXXXXXXXXXXXXXXXXXXXXXXXXXXXXXXXXXXXXXXXXXXXXXXXXXXXXXXXXXXXXXXXXXXXXXXXXXXXXXXXXXXXXXXXXXXXXXXXXXXXXXXXXXXXXXXXXXXXXXXXXXXXXXXXXXXXXXXXXXXXXXXXXXXXXXXXXXXXXXXXXXXXXXXXXXXXXXXXXXXXXXXXXXXXXXXXXXXXXXXXXXXXXXXXXXXXXXXXXXXXXXXXXXXXXXXXXXXXXXXXXXXXXXXXXXXXXXXXXXXXXXXXXXXXXXXXXXXXXXXXXXXXXXXXXX',3,'st190@mri.ac.tz','+255791260190','student_2.jpg','7c222fb2927d828af22f592134e8932480637c0d',0,'0000:00:00:00:00:00','0000:00:00:00:00:00',1,'ke781',12,'e126',NULL,NULL,1,'2016:07:19:10:44:40',NULL,'c7bcacd6ac7a6d41e4ff395343622bb8',NULL,'g3DR',NULL,47),(193,'tz.student191','student191','midname191','lastname191','Test Student 191',1,'1983:5:6:00:00:00',2,2,2,2,'XXXXXXXXXXXXXXXXXXXXXXXXXXXXXXXXXXXXXXXXXXXXXXXXXXXXXXXXXXXXXXXXXXXXXXXXXXXXXXXXXXXXXXXXXXXXXXXXXXXXXXXXXXXXXXXXXXXXXXXXXXXXXXXXXXXXXXXXXXXXXXXXXXXXXXXXXXXXXXXXXXXXXXXXXXXXXXXXXXXXXXXXXXXXXXXXXXXXXXXXXXXXXXXXXXXXXXXXXXXXXXXXXXXXXXXXXXXXXXXXXXXXXXXXXXXXXXXXXXXXXXXXXXXXXXXXXXXXXXXXXXXXXXXXXXXXXXXXXXXXXXXXXXXXXXXXXXXXXXXXXXXXXXXXXXXXXXXXXXXXXXXXXXXXXXXXXXXXXXXXXXXXXXXXXXXXXXXXXXXXXXXXXXXXXXXXXXXXXXXXXXXXXXXXXXXXXXXXXXXXXXXXXXXXXXXXXXXXXXXXXXXXXXXXXXXXXXXXXXXXXXXXXXXXXXXXXXXXXXXXXXXXXXXXXXXXXXXXXXXXXXXXXXXXXXXX',3,'st191@mri.ac.tz','+255791260191','student_2.jpg','7c222fb2927d828af22f592134e8932480637c0d',0,'0000:00:00:00:00:00','0000:00:00:00:00:00',1,'ke781',12,'e126',NULL,NULL,1,'2016:07:19:10:44:40',NULL,'c7bcacd6ac7a6d41e4ff395343622bb8',NULL,'g3DR',NULL,47),(194,'tz.student192','student192','midname192','lastname192','Test Student 192',1,'1983:5:6:00:00:00',1,2,2,2,'XXXXXXXXXXXXXXXXXXXXXXXXXXXXXXXXXXXXXXXXXXXXXXXXXXXXXXXXXXXXXXXXXXXXXXXXXXXXXXXXXXXXXXXXXXXXXXXXXXXXXXXXXXXXXXXXXXXXXXXXXXXXXXXXXXXXXXXXXXXXXXXXXXXXXXXXXXXXXXXXXXXXXXXXXXXXXXXXXXXXXXXXXXXXXXXXXXXXXXXXXXXXXXXXXXXXXXXXXXXXXXXXXXXXXXXXXXXXXXXXXXXXXXXXXXXXXXXXXXXXXXXXXXXXXXXXXXXXXXXXXXXXXXXXXXXXXXXXXXXXXXXXXXXXXXXXXXXXXXXXXXXXXXXXXXXXXXXXXXXXXXXXXXXXXXXXXXXXXXXXXXXXXXXXXXXXXXXXXXXXXXXXXXXXXXXXXXXXXXXXXXXXXXXXXXXXXXXXXXXXXXXXXXXXXXXXXXXXXXXXXXXXXXXXXXXXXXXXXXXXXXXXXXXXXXXXXXXXXXXXXXXXXXXXXXXXXXXXXXXXXXXXXXXXXXXX',3,'st192@mri.ac.tz','+255791260192','student_2.jpg','7c222fb2927d828af22f592134e8932480637c0d',0,'0000:00:00:00:00:00','0000:00:00:00:00:00',1,'ke781',12,'e126',NULL,NULL,1,'2016:07:19:10:44:40',NULL,'c7bcacd6ac7a6d41e4ff395343622bb8',NULL,'g3DR',NULL,47),(195,'tz.student193','student193','midname193','lastname193','Test Student 193',1,'1983:5:6:00:00:00',2,2,2,2,'XXXXXXXXXXXXXXXXXXXXXXXXXXXXXXXXXXXXXXXXXXXXXXXXXXXXXXXXXXXXXXXXXXXXXXXXXXXXXXXXXXXXXXXXXXXXXXXXXXXXXXXXXXXXXXXXXXXXXXXXXXXXXXXXXXXXXXXXXXXXXXXXXXXXXXXXXXXXXXXXXXXXXXXXXXXXXXXXXXXXXXXXXXXXXXXXXXXXXXXXXXXXXXXXXXXXXXXXXXXXXXXXXXXXXXXXXXXXXXXXXXXXXXXXXXXXXXXXXXXXXXXXXXXXXXXXXXXXXXXXXXXXXXXXXXXXXXXXXXXXXXXXXXXXXXXXXXXXXXXXXXXXXXXXXXXXXXXXXXXXXXXXXXXXXXXXXXXXXXXXXXXXXXXXXXXXXXXXXXXXXXXXXXXXXXXXXXXXXXXXXXXXXXXXXXXXXXXXXXXXXXXXXXXXXXXXXXXXXXXXXXXXXXXXXXXXXXXXXXXXXXXXXXXXXXXXXXXXXXXXXXXXXXXXXXXXXXXXXXXXXXXXXXXXXXXX',3,'st193@mri.ac.tz','+255791260193','student_2.jpg','7c222fb2927d828af22f592134e8932480637c0d',0,'0000:00:00:00:00:00','0000:00:00:00:00:00',1,'ke781',12,'e126',NULL,NULL,1,'2016:07:19:10:44:40',NULL,'c7bcacd6ac7a6d41e4ff395343622bb8',NULL,'g3DR',NULL,47),(196,'tz.student194','student194','midname194','lastname194','Test Student 194',1,'1983:5:6:00:00:00',1,2,2,2,'XXXXXXXXXXXXXXXXXXXXXXXXXXXXXXXXXXXXXXXXXXXXXXXXXXXXXXXXXXXXXXXXXXXXXXXXXXXXXXXXXXXXXXXXXXXXXXXXXXXXXXXXXXXXXXXXXXXXXXXXXXXXXXXXXXXXXXXXXXXXXXXXXXXXXXXXXXXXXXXXXXXXXXXXXXXXXXXXXXXXXXXXXXXXXXXXXXXXXXXXXXXXXXXXXXXXXXXXXXXXXXXXXXXXXXXXXXXXXXXXXXXXXXXXXXXXXXXXXXXXXXXXXXXXXXXXXXXXXXXXXXXXXXXXXXXXXXXXXXXXXXXXXXXXXXXXXXXXXXXXXXXXXXXXXXXXXXXXXXXXXXXXXXXXXXXXXXXXXXXXXXXXXXXXXXXXXXXXXXXXXXXXXXXXXXXXXXXXXXXXXXXXXXXXXXXXXXXXXXXXXXXXXXXXXXXXXXXXXXXXXXXXXXXXXXXXXXXXXXXXXXXXXXXXXXXXXXXXXXXXXXXXXXXXXXXXXXXXXXXXXXXXXXXXXXXX',3,'st194@mri.ac.tz','+255791260194','student_2.jpg','7c222fb2927d828af22f592134e8932480637c0d',0,'0000:00:00:00:00:00','0000:00:00:00:00:00',1,'ke781',12,'e126',NULL,NULL,1,'2016:07:19:10:44:40',NULL,'c7bcacd6ac7a6d41e4ff395343622bb8',NULL,'g3DR',NULL,47),(197,'tz.student195','student195','midname195','lastname195','Test Student 195',1,'1983:5:6:00:00:00',2,2,2,2,'XXXXXXXXXXXXXXXXXXXXXXXXXXXXXXXXXXXXXXXXXXXXXXXXXXXXXXXXXXXXXXXXXXXXXXXXXXXXXXXXXXXXXXXXXXXXXXXXXXXXXXXXXXXXXXXXXXXXXXXXXXXXXXXXXXXXXXXXXXXXXXXXXXXXXXXXXXXXXXXXXXXXXXXXXXXXXXXXXXXXXXXXXXXXXXXXXXXXXXXXXXXXXXXXXXXXXXXXXXXXXXXXXXXXXXXXXXXXXXXXXXXXXXXXXXXXXXXXXXXXXXXXXXXXXXXXXXXXXXXXXXXXXXXXXXXXXXXXXXXXXXXXXXXXXXXXXXXXXXXXXXXXXXXXXXXXXXXXXXXXXXXXXXXXXXXXXXXXXXXXXXXXXXXXXXXXXXXXXXXXXXXXXXXXXXXXXXXXXXXXXXXXXXXXXXXXXXXXXXXXXXXXXXXXXXXXXXXXXXXXXXXXXXXXXXXXXXXXXXXXXXXXXXXXXXXXXXXXXXXXXXXXXXXXXXXXXXXXXXXXXXXXXXXXXXXX',3,'st195@mri.ac.tz','+255791260195','student_2.jpg','7c222fb2927d828af22f592134e8932480637c0d',0,'0000:00:00:00:00:00','0000:00:00:00:00:00',1,'ke781',12,'e126',NULL,NULL,1,'2016:07:19:10:44:40',NULL,'c7bcacd6ac7a6d41e4ff395343622bb8',NULL,'g3DR',NULL,47),(198,'tz.student196','student196','midname196','lastname196','Test Student 196',1,'1983:5:6:00:00:00',1,2,2,2,'XXXXXXXXXXXXXXXXXXXXXXXXXXXXXXXXXXXXXXXXXXXXXXXXXXXXXXXXXXXXXXXXXXXXXXXXXXXXXXXXXXXXXXXXXXXXXXXXXXXXXXXXXXXXXXXXXXXXXXXXXXXXXXXXXXXXXXXXXXXXXXXXXXXXXXXXXXXXXXXXXXXXXXXXXXXXXXXXXXXXXXXXXXXXXXXXXXXXXXXXXXXXXXXXXXXXXXXXXXXXXXXXXXXXXXXXXXXXXXXXXXXXXXXXXXXXXXXXXXXXXXXXXXXXXXXXXXXXXXXXXXXXXXXXXXXXXXXXXXXXXXXXXXXXXXXXXXXXXXXXXXXXXXXXXXXXXXXXXXXXXXXXXXXXXXXXXXXXXXXXXXXXXXXXXXXXXXXXXXXXXXXXXXXXXXXXXXXXXXXXXXXXXXXXXXXXXXXXXXXXXXXXXXXXXXXXXXXXXXXXXXXXXXXXXXXXXXXXXXXXXXXXXXXXXXXXXXXXXXXXXXXXXXXXXXXXXXXXXXXXXXXXXXXXXXXX',3,'st196@mri.ac.tz','+255791260196','student_2.jpg','7c222fb2927d828af22f592134e8932480637c0d',0,'0000:00:00:00:00:00','0000:00:00:00:00:00',1,'ke781',12,'e126',NULL,NULL,1,'2016:07:19:10:44:40',NULL,'c7bcacd6ac7a6d41e4ff395343622bb8',NULL,'g3DR',NULL,47),(199,'tz.student197','student197','midname197','lastname197','Test Student 197',1,'1983:5:6:00:00:00',2,2,2,2,'XXXXXXXXXXXXXXXXXXXXXXXXXXXXXXXXXXXXXXXXXXXXXXXXXXXXXXXXXXXXXXXXXXXXXXXXXXXXXXXXXXXXXXXXXXXXXXXXXXXXXXXXXXXXXXXXXXXXXXXXXXXXXXXXXXXXXXXXXXXXXXXXXXXXXXXXXXXXXXXXXXXXXXXXXXXXXXXXXXXXXXXXXXXXXXXXXXXXXXXXXXXXXXXXXXXXXXXXXXXXXXXXXXXXXXXXXXXXXXXXXXXXXXXXXXXXXXXXXXXXXXXXXXXXXXXXXXXXXXXXXXXXXXXXXXXXXXXXXXXXXXXXXXXXXXXXXXXXXXXXXXXXXXXXXXXXXXXXXXXXXXXXXXXXXXXXXXXXXXXXXXXXXXXXXXXXXXXXXXXXXXXXXXXXXXXXXXXXXXXXXXXXXXXXXXXXXXXXXXXXXXXXXXXXXXXXXXXXXXXXXXXXXXXXXXXXXXXXXXXXXXXXXXXXXXXXXXXXXXXXXXXXXXXXXXXXXXXXXXXXXXXXXXXXXXXX',3,'st197@mri.ac.tz','+255791260197','student_2.jpg','7c222fb2927d828af22f592134e8932480637c0d',0,'0000:00:00:00:00:00','0000:00:00:00:00:00',1,'ke781',12,'e126',NULL,NULL,1,'2016:07:19:10:44:40',NULL,'c7bcacd6ac7a6d41e4ff395343622bb8',NULL,'g3DR',NULL,47),(200,'tz.student198','student198','midname198','lastname198','Test Student 198',1,'1983:5:6:00:00:00',1,2,2,2,'XXXXXXXXXXXXXXXXXXXXXXXXXXXXXXXXXXXXXXXXXXXXXXXXXXXXXXXXXXXXXXXXXXXXXXXXXXXXXXXXXXXXXXXXXXXXXXXXXXXXXXXXXXXXXXXXXXXXXXXXXXXXXXXXXXXXXXXXXXXXXXXXXXXXXXXXXXXXXXXXXXXXXXXXXXXXXXXXXXXXXXXXXXXXXXXXXXXXXXXXXXXXXXXXXXXXXXXXXXXXXXXXXXXXXXXXXXXXXXXXXXXXXXXXXXXXXXXXXXXXXXXXXXXXXXXXXXXXXXXXXXXXXXXXXXXXXXXXXXXXXXXXXXXXXXXXXXXXXXXXXXXXXXXXXXXXXXXXXXXXXXXXXXXXXXXXXXXXXXXXXXXXXXXXXXXXXXXXXXXXXXXXXXXXXXXXXXXXXXXXXXXXXXXXXXXXXXXXXXXXXXXXXXXXXXXXXXXXXXXXXXXXXXXXXXXXXXXXXXXXXXXXXXXXXXXXXXXXXXXXXXXXXXXXXXXXXXXXXXXXXXXXXXXXXXXX',3,'st198@mri.ac.tz','+255791260198','student_2.jpg','7c222fb2927d828af22f592134e8932480637c0d',0,'0000:00:00:00:00:00','0000:00:00:00:00:00',1,'ke781',12,'e126',NULL,NULL,1,'2016:07:19:10:44:40',NULL,'c7bcacd6ac7a6d41e4ff395343622bb8',NULL,'g3DR',NULL,47),(201,'tz.student199','student199','midname199','lastname199','Test Student 199',1,'1983:5:6:00:00:00',2,2,2,2,'XXXXXXXXXXXXXXXXXXXXXXXXXXXXXXXXXXXXXXXXXXXXXXXXXXXXXXXXXXXXXXXXXXXXXXXXXXXXXXXXXXXXXXXXXXXXXXXXXXXXXXXXXXXXXXXXXXXXXXXXXXXXXXXXXXXXXXXXXXXXXXXXXXXXXXXXXXXXXXXXXXXXXXXXXXXXXXXXXXXXXXXXXXXXXXXXXXXXXXXXXXXXXXXXXXXXXXXXXXXXXXXXXXXXXXXXXXXXXXXXXXXXXXXXXXXXXXXXXXXXXXXXXXXXXXXXXXXXXXXXXXXXXXXXXXXXXXXXXXXXXXXXXXXXXXXXXXXXXXXXXXXXXXXXXXXXXXXXXXXXXXXXXXXXXXXXXXXXXXXXXXXXXXXXXXXXXXXXXXXXXXXXXXXXXXXXXXXXXXXXXXXXXXXXXXXXXXXXXXXXXXXXXXXXXXXXXXXXXXXXXXXXXXXXXXXXXXXXXXXXXXXXXXXXXXXXXXXXXXXXXXXXXXXXXXXXXXXXXXXXXXXXXXXXXXXX',3,'st199@mri.ac.tz','+255791260199','student_2.jpg','7c222fb2927d828af22f592134e8932480637c0d',0,'0000:00:00:00:00:00','0000:00:00:00:00:00',1,'ke781',12,'e126',NULL,NULL,1,'2016:07:19:10:44:40',NULL,'c7bcacd6ac7a6d41e4ff395343622bb8',NULL,'g3DR',NULL,47),(202,'tz.student200','student200','midname200','lastname200','Test Student 200',1,'1983:5:6:00:00:00',1,2,2,2,'XXXXXXXXXXXXXXXXXXXXXXXXXXXXXXXXXXXXXXXXXXXXXXXXXXXXXXXXXXXXXXXXXXXXXXXXXXXXXXXXXXXXXXXXXXXXXXXXXXXXXXXXXXXXXXXXXXXXXXXXXXXXXXXXXXXXXXXXXXXXXXXXXXXXXXXXXXXXXXXXXXXXXXXXXXXXXXXXXXXXXXXXXXXXXXXXXXXXXXXXXXXXXXXXXXXXXXXXXXXXXXXXXXXXXXXXXXXXXXXXXXXXXXXXXXXXXXXXXXXXXXXXXXXXXXXXXXXXXXXXXXXXXXXXXXXXXXXXXXXXXXXXXXXXXXXXXXXXXXXXXXXXXXXXXXXXXXXXXXXXXXXXXXXXXXXXXXXXXXXXXXXXXXXXXXXXXXXXXXXXXXXXXXXXXXXXXXXXXXXXXXXXXXXXXXXXXXXXXXXXXXXXXXXXXXXXXXXXXXXXXXXXXXXXXXXXXXXXXXXXXXXXXXXXXXXXXXXXXXXXXXXXXXXXXXXXXXXXXXXXXXXXXXXXXXXX',3,'st200@mri.ac.tz','+255791260200','student_2.jpg','7c222fb2927d828af22f592134e8932480637c0d',0,'0000:00:00:00:00:00','0000:00:00:00:00:00',1,'ke781',12,'e126',NULL,NULL,1,'2016:07:19:10:44:40',NULL,'c7bcacd6ac7a6d41e4ff395343622bb8',NULL,'g3DR',NULL,47),(203,'Raheli','Raheli','Ndimangwa','Fadhili','Raheli Ndimangwa Fadhili',1,'1983:5:7:00:00:00',2,1,41,1,'XXXXXXXXXXXXXXXXXXXXXXXXXXXXXXXXXXXXXXXXXXXXXXXXXXXXXXXXXXXXXXXXXXXXXXXXXXXXXXXXXXXXXXXXXXXXXXXXXXXXXXXXXXXXXXXXXXXXXXXXXXXXXXXXXXXXXXXXXXXXXXXXXXXXXXXXXXXXXXXXXXXXXXXXXXXXXXXXXXXXXXXXXXXXXXXXXXXXXXXXXXXXXXXXXXXXXXXXXXXXXXXXXXXXXXXXXXXXXXXXXXXXXXXXXXXXXXXXXXXXXXXXXXXXXXXXXXXXXXXXXXXXXXXXXXXXXXXXXXXXXXXXXXXXXXXXXXXXXXXXXXXXXXXXXXXXXXXXXXXXXXXXXXXXXXXXXXXXXXXXXXXXXXXXXXXXXXXXXXXXXXXXXXXXXXXXXXXXXXXXXXXXXXXXXXXXXXXXXXXXXXXXXXXXXXXXXXXXXXXXXXXXXXXXXXXXXXXXXXXXXXXXXXXXXXXXXXXXXXXXXXXXXXXXXXXXXXXXXXXXXXXXXXXXXXXX',2,'raheli.ndimangwa@gmail.com','+255787101809','default.png','7c222fb2927d828af22f592134e8932480637c0d',0,'0000:00:00:00:00:00','2016:07:20:13:46:48',NULL,NULL,NULL,NULL,NULL,NULL,1,'0000:00:00:00:00:00',NULL,'17751807f44264e85dcb3e46088adbb9',NULL,NULL,NULL,63),(204,'valentina.bwire','Valentina','Nyamanoko','Bwire','Valentina Nyamanoko Bwire',1,'1985:10:18:00:00:00',2,2,2,2,'XXXXXXXXXXXXXXXXXXXXXXXXXXXXXXXXXXXXXXXXXXXXXXXXXXXXXXXXXXXXXXXXXXXXXXXXXXXXXXXXXXXXXXXXXXXXXXXXXXXXXXXXXXXXXXXXXXXXXXXXXXXXXXXXXXXXXXXXXXXXXXXXXXXXXXXXXXXXXXXXXXXXXXXXXXXXXXXXXXXXXXXXXXXXXXXXXXXXXXXXXXXXXXXXXXXXXXXXXXXXXXXXXXXXXXXXXXXXXXXXXXXXXXXXXXXXXXXXXXXXXXXXXXXXXXXXXXXXXXXXXXXXXXXXXXXXXXXXXXXXXXXXXXXXXXXXXXXXXXXXXXXXXXXXXXXXXXXXXXXXXXXXXXXXXXXXXXXXXXXXXXXXXXXXXXXXXXXXXXXXXXXXXXXXXXXXXXXXXXXXXXXXXXXXXXXXXXXXXXXXXXXXXXXXXXXXXXXXXXXXXXXXXXXXXXXXXXXXXXXXXXXXXXXXXXXXXXXXXXXXXXXXXXXXXXXXXXXXXXXXXXXXXXXXXXXX',3,'tsbwire@gmail.com','+255762357596','student_204.png','7c222fb2927d828af22f592134e8932480637c0d',0,'0000:00:00:00:00:00','0000:00:00:00:00:00',1,'kd788',11,'hk78',NULL,NULL,1,'2016:07:25:13:14:37',NULL,'71ea5d46492ee0c9254678407f1fb297',NULL,'7Oim',NULL,47),(205,'lusekelo','Lusekelo','Edwin 1','Nyale','Lusekelo Edwin Nyale',1,'1988:7:11:00:00:00',1,1,1,4,'XXXXXXXXXXXXXXXXXXXXXXXXXXXXXXXXXXXXXXXXXXXXXXXXXXXXXXXXXXXXXXXXXXXXXXXXXXXXXXXXXXXXXXXXXXXXXXXXXXXXXXXXXXXXXXXXXXXXXXXXXXXXXXXXXXXXXXXXXXXXXXXXXXXXXXXXXXXXXXXXXXXXXXXXXXXXXXXXXXXXXXXXXXXXXXXXXXXXXXXXXXXXXXXXXXXXXXXXXXXXXXXXXXXXXXXXXXXXXXXXXXXXXXXXXXXXXXXXXXXXXXXXXXXXXXXXXXXXXXXXXXXXXXXXXXXXXXXXXXXXXXXXXXXXXXXXXXXXXXXXXXXXXXXXXXXXXXXXXXXXXXXXXXXXXXXXXXXXXXXXXXXXXXXXXXXXXXXXXXXXXXXXXXXXXXXXXXXXXXXXXXXXXXXXXXXXXXXXXXXXXXXXXXXXXXXXXXXXXXXXXXXXXXXXXXXXXXXXXXXXXXXXXXXXXXXXXXXXXXXXXXXXXXXXXXXXXXXXXXXXXXXXXXXXXXXX',2,'nyalelusekelo@gmail.com','+255753023763','default.png','7c222fb2927d828af22f592134e8932480637c0d',0,'2016:08:23:18:40:19','2016:07:27:15:20:21',NULL,NULL,NULL,NULL,NULL,NULL,1,'0000:00:00:00:00:00',NULL,'b95333d5f853f99aea1cf5e691deee68',NULL,'QzYzMthS',NULL,31),(206,'valentina.ndimangwa','Valentina','Nyamanoko','Bwire','Valentina Nyamanoko Bwire',1,'1985:10:18:00:00:00',2,1,4,46,'XXXXXXXXXXXXXXXXXXXXXXXXXXXXXXXXXXXXXXXXXXXXXXXXXXXXXXXXXXXXXXXXXXXXXXXXXXXXXXXXXXXXXXXXXXXXXXXXXXXXXXXXXXXXXXXXXXXXXXXXX1XXXXXXXXXXXXXXXXXXXXXXXXXXXXXXXXXXXXXXXXXXXXXXXXXXXXXXXXXXXXXXXXXXXXXXXXXXXXXXXXXXXXXXXXXXXXXXXXXXXXXXXXXXXXXXXXXXXXXXXXXXXXXXXXXXXXXXXXXXXXXXXXXXXXXXXXXXXXXXXXXXXXXXXXXXXXXXXXXXXXXXXXXXXXXXX010101XXXXXXXXXXXXXXXXXXXXXXXXXXXXXXX0XXXXXXXXXXXXXXXXXXXXXXXXXXXXXXXXXXXXXXXXXXXXXXXXXXXXXXXXXXXXXXXXXXXXXXXXXXXXXXXXXXXXXXXXXXXXXXXXXXXXXXXXXXXXXXXXXXXXXXXXXXXXXXXXXXXXXXXXXXXXXXXXXXXXXXXXXXXXXXXXX',1,'vnbwire@gmail.com','+255784808101','user_206.jpg','01b307acba4f54f55aafc33bb06bbbf6ca803e9a',0,'2016:08:07:15:10:36','2016:07:28:05:52:38',NULL,NULL,NULL,NULL,23,NULL,1,'0000:00:00:00:00:00',NULL,'1335d4569ea24c3f685c7ba344ca16f7',NULL,'WQ20FvYU',NULL,31),(207,'raheli.ndimangwa','Raheli','Ndimangwa','Fadhili','Raheli Ndimangwa Fadhili',1,'2011:5:7:00:00:00',2,1,41,4,'XXXXXXXXXXXXXXXXXXXXXXXXXXXXXXXXXXXXXXXXXXXXXXXXXXXXXXXXXXXXXXXXXXXXXXXXXXXXXXXXXXXXXXXXXXXXXXXXXXXXXXXXXXXXXXXXXXXXXXXXXXXXXXXXXXXXXXXXXXXXXXXXXXXXXXXXXXXXXXXXXXXXXXXXXXXXXXXXXXXXXXXXXXXXXXXXXXXXXXXXXXXXXXXXXXXXXXXXXXXXXXXXXXXXXXXXXXXXXXXXXXXXXXXXXXXXXXXXXXXXXXXXXXXXXXXXXXXXXXXXXXXXXXXXXXXXXXXXXXXXXXXXXXXXXXXXXXXXXXXXXXXXXXXXXXXXXXXXXXXXXXXXXXXXXXXXXXXXXXXXXXXXXXXXXXXXXXXXXXXXXXXXXXXXXXXXXXXXXXXXXXXXXXXXXXXXXXXXXXXXXXXXXXXXXXXXXXXXXXXXXXXXXXXXXXXXXXXXXXXXXXXXXXXXXXXXXXXXXXXXXXXXXXXXXXXXXXXXXXXXXXXXXXXXXXXX',2,'raheli.ndimangwa@hotmail.com','+255678908789','default.png','7c222fb2927d828af22f592134e8932480637c0d',0,'2016:08:23:18:37:39','2016:07:28:11:17:42',NULL,NULL,NULL,NULL,NULL,NULL,1,'0000:00:00:00:00:00',NULL,'00274fdb261e50570a03a7605bafad21',NULL,NULL,NULL,31),(208,'emanuelanorld','Emmanuel','Anorld','Moleli','Emmanuel Anorld Moleli',1,'1998:8:6:00:00:00',1,2,7,47,'XXXXXXXXXXXXXXXXXXXXXXXXXXXXXXXXXXXXXXXXXXXXXXXXXXXXXXXXXXXXXXXXXXXXXXXXXXXXXXXXXXXXXXXXXXXXXXXXXXXXXXXXXXXXXXXXXXXXXXXXXXXXXXXXXXXXXXXXXXXXXXXXXXXXXXXXXXXXXXXXXXXXXXXXXXXXXXXXXXXXXXXXXXXXXXXXXXXXXXXXXXXXXXXXXXXXXXXXXXXXXXXXXXXXXXXXXXXXXXXXXXXXXXXXXXXXXXXXXXXXXXXXXXXXXXXXXXXXXXXXXXXXXXXXXXXXXXXXXXXXXXXXXXXXXXXXXXXXXXXXXXXXXXXXXXXXXXXXXXXXXXXXXXXXXXXXXXXXXXXXXXXXXXXXXXXXXXXXXXXXXXXXXXXXXXXXXXXXXXXXXXXXXXXXXXXXXXXXXXXXXXXXXXXXXXXXXXXXXXXXXXXXXXXXXXXXXXXXXXXXXXXXXXXXXXXXXXXXXXXXXXXXXXXXXXXXXXXXXXXXXXXXXXXXXXXX',1,'emanuelanorld85@gmail.com','0715211662','default.png','7c222fb2927d828af22f592134e8932480637c0d',0,'0000:00:00:00:00:00','2016:08:01:17:56:44',NULL,NULL,NULL,NULL,NULL,NULL,1,'0000:00:00:00:00:00',NULL,'fa2e4debdaf8328b72e3aef9385a3f42',NULL,'wMvinaBt',NULL,63),(209,'frank.christopher','Frank','Christopher','Kimaro','Frank Christopher Kimaro',1,'1987:8:14:00:00:00',1,1,7,47,'XXXXXXXXXXXXXXXXXXXXXXXXXXXXXXXXXXXXXXXXXXXXXXXXXXXXXXXXXXXXXXXXXXXXXXXXXXXXXXXXXXXXXXXXXXXXXXXXXXXXXXXXXXXXXXXXXXXXXXXXXXXXXXXXXXXXXXXXXXXXXXXXXXXXXXXXXXXXXXXXXXXXXXXXXXXXXXXXXXXXXXXXXXXXXXXXXXXXXXXXXXXXXXXXXXXXXXXXXXXXXXXXXXXXXXXXXXXXXXXXXXXXXXXXXXXXXXXXXXXXXXXXXXXXXXXXXXXXXXXXXXXXXXXXXXXXXXXXXXXXXXXXXXXXXXXXXXXXXXXXXXXXXXXXXXXXXXXXXXXXXXXXXXXXXXXXXXXXXXXXXXXXXXXXXXXXXXXXXXXXXXXXXXXXXXXXXXXXXXXXXXXXXXXXXXXXXXXXXXXXXXXXXXXXXXXXXXXXXXXXXXXXXXXXXXXXXXXXXXXXXXXXXXXXXXXXXXXXXXXXXXXXXXXXXXXXXXXXXXXXXXXXXXXXXXXX',1,'jefhad@gmail.com','+255758577878','default.png','7c222fb2927d828af22f592134e8932480637c0d',0,'0000:00:00:00:00:00','2016:08:01:17:59:39',NULL,NULL,NULL,NULL,NULL,NULL,1,'0000:00:00:00:00:00',NULL,'b4cad736dd5c804b6749b1c8400abe20',NULL,NULL,NULL,63),(210,'gabriel.msuka','Gabriel','Justine','Msuka','Gabriel Justine Msuka',1,'2002:8:2:00:00:00',1,2,8,47,'XXXXXXXXXXXXXXXXXXXXXXXXXXXXXXXXXXXXXXXXXXXXXXXXXXXXXXXXXXXXXXXXXXXXXXXXXXXXXXXXXXXXXXXXXXXXXXXXXXXXXXXXXXXXXXXXXXXXXXXXXXXXXXXXXXXXXXXXXXXXXXXXXXXXXXXXXXXXXXXXXXXXXXXXXXXXXXXXXXXXXXXXXXXXXXXXXXXXXXXXXXXXXXXXXXXXXXXXXXXXXXXXXXXXXXXXXXXXXXXXXXXXXXXXXXXXXXXXXXXXXXXXXXXXXXXXXXXXXXXXXXXXXXXXXXXXXXXXXXXXXXXXXXXXXXXXXXXXXXXXXXXXXXXXXXXXXXXXXXXXXXXXXXXXXXXXXXXXXXXXXXXXXXXXXXXXXXXXXXXXXXXXXXXXXXXXXXXXXXXXXXXXXXXXXXXXXXXXXXXXXXXXXXXXXXXXXXXXXXXXXXXXXXXXXXXXXXXXXXXXXXXXXXXXXXXXXXXXXXXXXXXXXXXXXXXXXXXXXXXXXXXXXXXXXXXX',1,'gmsuka@gmail.com','0788272748','default.png','7c222fb2927d828af22f592134e8932480637c0d',0,'0000:00:00:00:00:00','2016:08:03:09:59:24',NULL,NULL,NULL,NULL,NULL,NULL,1,'0000:00:00:00:00:00',NULL,'1b9b986f7f158b76c58ab38b2cc70a23',NULL,NULL,NULL,63),(211,'ismaelk','Ismail','Mohammed','Khangane','Ismail Khangane',1,'1968:8:12:00:00:00',1,2,1,1,'XXXXXXXXXXXXXXXXXXXXXXXXXXXXXXXXXXXXXXXXXXXXXXXXXXXXXXXXXXXXXXXXXXXXXXXXXXXXXXXXXXXXXXXXXXXXXXXXXXXXXXXXXXXXXXXXXXXXXXXXXXXXXXXXXXXXXXXXXXXXXXXXXXXXXXXXXXXXXXXXXXXXXXXXXXXXXXXXXXXXXXXXXXXXXXXXXXXXXXXXXXXXXXXXXXXXXXXXXXXXXXXXXXXXXXXXXXXXXXXXXXXXXXXXXXXXXXXXXXXXXXXXXXXXXXXXXXXXXXXXXXXXXXXXXXXXXXXXXXXXXXXXXXXXXXXXXXXXXXXXXXXXXXXXXXXXXXXXXXXXXXXXXXXXXXXXXXXXXXXXXXXXXXXXXXXXXXXXXXXXXXXXXXXXXXXXXXXXXXXXXXXXXXXXXXXXXXXXXXXXXXXXXXXXXXXXXXXXXXXXXXXXXXXXXXXXXXXXXXXXXXXXXXXXXXXXXXXXXXXXXXXXXXXXXXXXXXXXXXXXXXXXXXXXXXXX',1,'ismaelk@bugando.ac.tz','0763700713','default.png','7c222fb2927d828af22f592134e8932480637c0d',0,'0000:00:00:00:00:00','2016:08:03:16:12:59',NULL,NULL,NULL,NULL,NULL,NULL,1,'0000:00:00:00:00:00',NULL,'74aaacac073d9d63305944fe0b63d581',NULL,NULL,NULL,63),(212,'5084e28158c160e7dab4f70d9e41397d','Ndimangwa','Fadhili','Ngoya','Ndimangwa Fadhili',1,'1983:5:6:00:00:00',1,2,2,2,'XXXXXXXXXXXXXXXXXXXXXXXXXXXXXXXXXXXXXXXXXXXXXXXXXXXXXXXXXXXXXXXXXXXXXXXXXXXXXXXXXXXXXXXXXXXXXXXXXXXXXXXXXXXXXXXXXXXXXXXXXXXXXXXXXXXXXXXXXXXXXXXXXXXXXXXXXXXXXXXXXXXXXXXXXXXXXXXXXXXXXXXXXXXXXXXXXXXXXXXXXXXXXXXXXXXXXXXXXXXXXXXXXXXXXXXXXXXXXXXXXXXXXXXXXXXXXXXXXXXXXXXXXXXXXXXXXXXXXXXXXXXXXXXXXXXXXXXXXXXXXXXXXXXXXXXXXXXXXXXXXXXXXXXXXXXXXXXXXXXXXXXXXXXXXXXXXXXXXXXXXXXXXXXXXXXXXXXXXXXXXXXXXXXXXXXXXXXXXXXXXXXXXXXXXXXXXXXXXXXXXXXXXXXXXXXXXXXXXXXXXXXXXXXXXXXXXXXXXXXXXXXXXXXXXXXXXXXXXXXXXXXXXXXXXXXXXXXXXXXXXXXXXXXXXXXX',3,NULL,NULL,'default.png',NULL,0,'0000:00:00:00:00:00','0000:00:00:00:00:00',NULL,NULL,NULL,NULL,NULL,NULL,1,'0000:00:00:00:00:00',NULL,'236c7aaf1a0faeb6f62c8e929aff5f94',NULL,'o11Y',NULL,15),(213,'tuarira.mhina','Tuarira 1','Mhina 1','Mmbaga 1','Tuarira Mhina Mmbaga',1,'2016:8:5:00:00:00',1,1,9,4,'XXXXXXXXXXXXXXXXXXXXXXXXXXXXXXXXXXXXXXXXXXXXXXXXXXXXXXXXXXXXXXXXXXXXXXXXXXXXXXXXXXXXXXXXXXXXXXXXXXXXXXXXXXXXXXXXXXXXXXXXXXXXXXXXXXXXXXXXXXXXXXXXXXXXXXXXXXXXXXXXXXXXXXXXXXXXXXXXXXXXXXXXXXXXXXXXXXXXXXXXXXXXXXXXXXXXXXXXXXXXXXXXXXXXXXXXXXXXXXXXXXXXXXXXXXXXXXXXXXXXXXXXXXXXXXXXXXXXXXXXXXXXXXXXXXXXXXXXXXXXXXXXXXXXXXXXXXXXXXXXXXXXXXXXXXXXXXXXXXXXXXXXXXXXXXXXXXXXXXXXXXXXXXXXXXXXXXXXXXXXXXXXXXXXXXXXXXXXXXXXXXXXXXXXXXXXXXXXXXXXXXXXXXXXXXXXXXXXXXXXXXXXXXXXXXXXXXXXXXXXXXXXXXXXXXXXXXXXXXXXXXXXXXXXXXXXXXXXXXXXXXXXXXXXXXXX',2,'mhinatuarira1@gmail.com','0719230914','instructor_213.jpg','7c222fb2927d828af22f592134e8932480637c0d',0,'2016:08:07:15:14:02','2016:08:07:14:56:00',NULL,NULL,NULL,NULL,NULL,NULL,1,'0000:00:00:00:00:00',NULL,'8604ac0cf95a71806dbe77ef273532fb',NULL,'QMTbEGaZ',NULL,31),(214,'f27004d2b71bbec43488638214600e36',NULL,NULL,NULL,NULL,1,'0000:00:00:00:00:00',NULL,NULL,2,2,'XXXXXXXXXXXXXXXXXXXXXXXXXXXXXXXXXXXXXXXXXXXXXXXXXXXXXXXXXXXXXXXXXXXXXXXXXXXXXXXXXXXXXXXXXXXXXXXXXXXXXXXXXXXXXXXXXXXXXXXXXXXXXXXXXXXXXXXXXXXXXXXXXXXXXXXXXXXXXXXXXXXXXXXXXXXXXXXXXXXXXXXXXXXXXXXXXXXXXXXXXXXXXXXXXXXXXXXXXXXXXXXXXXXXXXXXXXXXXXXXXXXXXXXXXXXXXXXXXXXXXXXXXXXXXXXXXXXXXXXXXXXXXXXXXXXXXXXXXXXXXXXXXXXXXXXXXXXXXXXXXXXXXXXXXXXXXXXXXXXXXXXXXXXXXXXXXXXXXXXXXXXXXXXXXXXXXXXXXXXXXXXXXXXXXXXXXXXXXXXXXXXXXXXXXXXXXXXXXXXXXXXXXXXXXXXXXXXXXXXXXXXXXXXXXXXXXXXXXXXXXXXXXXXXXXXXXXXXXXXXXXXXXXXXXXXXXXXXXXXXXXXXXXXXXXXX',3,NULL,NULL,'default.png',NULL,0,'0000:00:00:00:00:00','0000:00:00:00:00:00',NULL,NULL,NULL,NULL,NULL,NULL,1,'0000:00:00:00:00:00',NULL,'93d619ab0e279d1771788dea7d354306',NULL,'GaAf',NULL,15),(215,'lidya.andrew','Lidya','Andrew','Tea','Lidya Andrew Tea',1,'2001:8:9:00:00:00',2,1,9,4,'XXXXXXXXXXXXXXXXXXXXXXXXXXXXXXXXXXXXXXXXXXXXXXXXXXXXXXXXXXXXXXXXXXXXXXXXXXXXXXXXXXXXXXXXXXXXXXXXXXXXXXXXXXXXXXXXXXXXXXXXXXXXXXXXXXXXXXXXXXXXXXXXXXXXXXXXXXXXXXXXXXXXXXXXXXXXXXXXXXXXXXXXXXXXXXXXXXXXXXXXXXXXXXXXXXXXXXXXXXXXXXXXXXXXXXXXXXXXXXXXXXXXXXXXXXXXXXXXXXXXXXXXXXXXXXXXXXXXXXXXXXXXXXXXXXXXXXXXXXXXXXXXXXXXXXXXXXXXXXXXXXXXXXXXXXXXXXXXXXXXXXXXXXXXXXXXXXXXXXXXXXXXXXXXXXXXXXXXXXXXXXXXXXXXXXXXXXXXXXXXXXXXXXXXXXXXXXXXXXXXXXXXXXXXXXXXXXXXXXXXXXXXXXXXXXXXXXXXXXXXXXXXXXXXXXXXXXXXXXXXXXXXXXXXXXXXXXXXXXXXXXXXXXXXXXXX',1,'studen1@field.com','+255755441187','default.png','7c222fb2927d828af22f592134e8932480637c0d',0,'0000:00:00:00:00:00','2016:08:16:15:17:55',NULL,NULL,NULL,NULL,NULL,NULL,1,'0000:00:00:00:00:00',NULL,'d332380e42af0876e55be5233413d0df',NULL,NULL,NULL,63),(216,'emma.nyambo','Emma','Liberati','Nyambo','Emma L Nyambo',1,'2000:8:11:00:00:00',2,1,9,4,'XXXXXXXXXXXXXXXXXXXXXXXXXXXXXXXXXXXXXXXXXXXXXXXXXXXXXXXXXXXXXXXXXXXXXXXXXXXXXXXXXXXXXXXXXXXXXXXXXXXXXXXXXXXXXXXXXXXXXXXXXXXXXXXXXXXXXXXXXXXXXXXXXXXXXXXXXXXXXXXXXXXXXXXXXXXXXXXXXXXXXXXXXXXXXXXXXXXXXXXXXXXXXXXXXXXXXXXXXXXXXXXXXXXXXXXXXXXXXXXXXXXXXXXXXXXXXXXXXXXXXXXXXXXXXXXXXXXXXXXXXXXXXXXXXXXXXXXXXXXXXXXXXXXXXXXXXXXXXXXXXXXXXXXXXXXXXXXXXXXXXXXXXXXXXXXXXXXXXXXXXXXXXXXXXXXXXXXXXXXXXXXXXXXXXXXXXXXXXXXXXXXXXXXXXXXXXXXXXXXXXXXXXXXXXXXXXXXXXXXXXXXXXXXXXXXXXXXXXXXXXXXXXXXXXXXXXXXXXXXXXXXXXXXXXXXXXXXXXXXXXXXXXXXXXXXX',1,'student2@field.com','+255718463694','default.png','7c222fb2927d828af22f592134e8932480637c0d',0,'0000:00:00:00:00:00','2016:08:16:15:19:38',NULL,NULL,NULL,NULL,NULL,NULL,1,'0000:00:00:00:00:00',NULL,'77c11d475efd9140e707e7de71d71a13',NULL,NULL,NULL,63),(217,'proposal1','Ndimangwa','Fadhili','Ngoya','Ndimangwa Fadhili Ngoya',1,'1983:5:6:00:00:00',1,2,1,1,'XXXXXXXXXXXXXXXXXXXXXXXXXXXXXXXXXXXXXXXXXXXXXXXXXXXXXXXXXXXXXXXXXXXXXXXXXXXXXXXXXXXXXXXXXXXXXXXXXXXXXXXXXXXXXXXXXXXXXXXXXXXXXXXXXXXXXXXXXXXXXXXXXXXXXXXXXXXXXXXXXXXXXXXXXXXXXXXXXXXXXXXXXXXXXXXXXXXXXXXXXXXXXXXXXXXXXXXXXXXXXXXXXXXXXXXXXXXXXXXXXXXXXXXXXXXXXXXXXXXXXXXXXXXXXXXXXXXXXXXXXXXXXXXXXXXXXXXXXXXXXXXXXXXXXXXXXXXXXXXXXXXXXXXXXXXXXXXXXXXXXXXXXXXXXXXXXXXXXXXXXXXXXXXXXXXXXXXXXXXXXXXXXXXXXXXXXXXXXXXXXXXXXXXXXXXXXXXXXXXXXXXXXXXXXXXXXXXXXXXXXXXXXXXXXXXXXXXXXXXXXXXXXXXXXXXXXXXXXXXXXXXXXXXXXXXXXXXXXXXXXXXXXXXXXXXX',1,'proposal1@gmail.com','+255787100900','default.png','7c222fb2927d828af22f592134e8932480637c0d',1,'0000:00:00:00:00:00','2016:08:24:09:28:44',NULL,NULL,NULL,NULL,NULL,NULL,1,'0000:00:00:00:00:00',NULL,'81071218abff2412476d31df9fd8986e',NULL,NULL,NULL,63);
/*!40000 ALTER TABLE `login` ENABLE KEYS */;
UNLOCK TABLES;

--
-- Table structure for table `marital`
--

DROP TABLE IF EXISTS `marital`;
/*!40101 SET @saved_cs_client     = @@character_set_client */;
/*!40101 SET character_set_client = utf8 */;
CREATE TABLE `marital` (
  `maritalId` int(10) unsigned NOT NULL AUTO_INCREMENT,
  `maritalName` varchar(24) NOT NULL,
  `extraFilter` varchar(32) DEFAULT NULL,
  `extraInformation` varchar(64) DEFAULT NULL,
  `flags` int(5) NOT NULL DEFAULT '15',
  PRIMARY KEY (`maritalId`),
  UNIQUE KEY `maritalName` (`maritalName`)
) ENGINE=InnoDB AUTO_INCREMENT=9 DEFAULT CHARSET=latin1;
/*!40101 SET character_set_client = @saved_cs_client */;

--
-- Dumping data for table `marital`
--

LOCK TABLES `marital` WRITE;
/*!40000 ALTER TABLE `marital` DISABLE KEYS */;
INSERT INTO `marital` VALUES (1,'Single',NULL,NULL,15),(2,'Married',NULL,NULL,15),(3,'Divorced',NULL,NULL,15),(4,'Widowed',NULL,NULL,15),(5,'Cohabiting',NULL,NULL,15),(6,'Civil Union',NULL,NULL,15),(7,'Domestic Partner',NULL,NULL,15),(8,'Unmarried Partner',NULL,NULL,15);
/*!40000 ALTER TABLE `marital` ENABLE KEYS */;
UNLOCK TABLES;

--
-- Table structure for table `messagePolicyType`
--

DROP TABLE IF EXISTS `messagePolicyType`;
/*!40101 SET @saved_cs_client     = @@character_set_client */;
/*!40101 SET character_set_client = utf8 */;
CREATE TABLE `messagePolicyType` (
  `typeId` int(10) unsigned NOT NULL AUTO_INCREMENT,
  `typeName` varchar(48) NOT NULL,
  `typeCode` int(2) NOT NULL,
  `extraFilter` varchar(32) DEFAULT NULL,
  `extraInformation` varchar(64) DEFAULT NULL,
  `flags` int(5) NOT NULL DEFAULT '15',
  PRIMARY KEY (`typeId`),
  UNIQUE KEY `typeName` (`typeName`)
) ENGINE=InnoDB DEFAULT CHARSET=latin1;
/*!40101 SET character_set_client = @saved_cs_client */;

--
-- Dumping data for table `messagePolicyType`
--

LOCK TABLES `messagePolicyType` WRITE;
/*!40000 ALTER TABLE `messagePolicyType` DISABLE KEYS */;
/*!40000 ALTER TABLE `messagePolicyType` ENABLE KEYS */;
UNLOCK TABLES;

--
-- Table structure for table `messageType`
--

DROP TABLE IF EXISTS `messageType`;
/*!40101 SET @saved_cs_client     = @@character_set_client */;
/*!40101 SET character_set_client = utf8 */;
CREATE TABLE `messageType` (
  `typeId` int(10) unsigned NOT NULL AUTO_INCREMENT,
  `typeName` varchar(48) NOT NULL,
  `typeCode` int(2) NOT NULL,
  `extraFilter` varchar(32) DEFAULT NULL,
  `extraInformation` varchar(64) DEFAULT NULL,
  `flags` int(5) NOT NULL DEFAULT '15',
  PRIMARY KEY (`typeId`),
  UNIQUE KEY `typeName` (`typeName`)
) ENGINE=InnoDB AUTO_INCREMENT=4 DEFAULT CHARSET=latin1;
/*!40101 SET character_set_client = @saved_cs_client */;

--
-- Dumping data for table `messageType`
--

LOCK TABLES `messageType` WRITE;
/*!40000 ALTER TABLE `messageType` DISABLE KEYS */;
INSERT INTO `messageType` VALUES (1,'Local',1,NULL,NULL,15),(2,'SMS',2,NULL,NULL,15),(3,'Email',3,NULL,NULL,15);
/*!40000 ALTER TABLE `messageType` ENABLE KEYS */;
UNLOCK TABLES;

--
-- Table structure for table `monthOfAYear`
--

DROP TABLE IF EXISTS `monthOfAYear`;
/*!40101 SET @saved_cs_client     = @@character_set_client */;
/*!40101 SET character_set_client = utf8 */;
CREATE TABLE `monthOfAYear` (
  `monthId` int(10) unsigned NOT NULL AUTO_INCREMENT,
  `monthName` varchar(9) NOT NULL,
  `monthAbbreviation` varchar(3) NOT NULL,
  `monthNumber` int(2) NOT NULL,
  `extraFilter` varchar(32) DEFAULT NULL,
  `extraInformation` varchar(64) DEFAULT NULL,
  `flags` int(5) NOT NULL DEFAULT '15',
  PRIMARY KEY (`monthId`),
  UNIQUE KEY `monthName` (`monthName`),
  UNIQUE KEY `monthAbbreviation` (`monthAbbreviation`),
  UNIQUE KEY `monthNumber` (`monthNumber`)
) ENGINE=InnoDB AUTO_INCREMENT=13 DEFAULT CHARSET=latin1;
/*!40101 SET character_set_client = @saved_cs_client */;

--
-- Dumping data for table `monthOfAYear`
--

LOCK TABLES `monthOfAYear` WRITE;
/*!40000 ALTER TABLE `monthOfAYear` DISABLE KEYS */;
INSERT INTO `monthOfAYear` VALUES (1,'January','Jan',1,NULL,NULL,15),(2,'February','Feb',2,NULL,NULL,15),(3,'March','Mar',3,NULL,NULL,15),(4,'April','Apr',4,NULL,NULL,15),(5,'May','May',5,NULL,NULL,15),(6,'June','Jun',6,NULL,NULL,15),(7,'July','Jul',7,NULL,NULL,15),(8,'August','Aug',8,NULL,NULL,15),(9,'September','Sep',9,NULL,NULL,15),(10,'October','Oct',10,NULL,NULL,15),(11,'November','Nov',11,NULL,NULL,15),(12,'December','Dec',12,NULL,NULL,15);
/*!40000 ALTER TABLE `monthOfAYear` ENABLE KEYS */;
UNLOCK TABLES;

--
-- Table structure for table `pHPTimezone`
--

DROP TABLE IF EXISTS `pHPTimezone`;
/*!40101 SET @saved_cs_client     = @@character_set_client */;
/*!40101 SET character_set_client = utf8 */;
CREATE TABLE `pHPTimezone` (
  `zoneId` int(10) unsigned NOT NULL AUTO_INCREMENT,
  `zoneName` varchar(48) NOT NULL,
  `extraFilter` varchar(32) DEFAULT NULL,
  `extraInformation` varchar(64) DEFAULT NULL,
  `flags` int(5) NOT NULL DEFAULT '15',
  PRIMARY KEY (`zoneId`)
) ENGINE=InnoDB AUTO_INCREMENT=2 DEFAULT CHARSET=latin1;
/*!40101 SET character_set_client = @saved_cs_client */;

--
-- Dumping data for table `pHPTimezone`
--

LOCK TABLES `pHPTimezone` WRITE;
/*!40000 ALTER TABLE `pHPTimezone` DISABLE KEYS */;
INSERT INTO `pHPTimezone` VALUES (1,'Africa/Dar_es_Salaam',NULL,NULL,15);
/*!40000 ALTER TABLE `pHPTimezone` ENABLE KEYS */;
UNLOCK TABLES;

--
-- Table structure for table `profile`
--

DROP TABLE IF EXISTS `profile`;
/*!40101 SET @saved_cs_client     = @@character_set_client */;
/*!40101 SET character_set_client = utf8 */;
CREATE TABLE `profile` (
  `profileId` int(10) unsigned NOT NULL AUTO_INCREMENT,
  `profileName` varchar(96) NOT NULL DEFAULT 'Default Profile',
  `systemName` varchar(108) NOT NULL DEFAULT 'Default SYS',
  `logo` varchar(64) DEFAULT NULL,
  `telephoneList` varchar(108) DEFAULT NULL,
  `emailList` varchar(108) DEFAULT NULL,
  `otherCommunication` varchar(108) DEFAULT NULL,
  `postalAddress` varchar(108) DEFAULT NULL,
  `website` varchar(64) DEFAULT NULL,
  `faxList` varchar(108) DEFAULT NULL,
  `city` varchar(32) DEFAULT NULL,
  `countryId` int(10) unsigned DEFAULT NULL,
  `pHPTimezoneId` int(10) unsigned DEFAULT NULL,
  `dob` varchar(19) NOT NULL DEFAULT '0000:00:00:00:00:00',
  `currentAccademicYearId` int(10) unsigned DEFAULT NULL,
  `beginOfTheYearDate` varchar(19) NOT NULL DEFAULT '*:09:01:*:*:*',
  `nextGraduationYear` int(4) NOT NULL DEFAULT '2016',
  `nextSemester` int(1) NOT NULL DEFAULT '1',
  `numberOfSemestersPerYear` int(1) NOT NULL DEFAULT '2',
  `gpsCoordinate` varchar(72) DEFAULT NULL,
  `themeId` int(10) unsigned DEFAULT NULL,
  `firstDayOfAWeekId` int(10) unsigned DEFAULT NULL,
  `xmlFile` varchar(12) NOT NULL DEFAULT 'profile.xml',
  `xmlFileChecksum` char(32) DEFAULT NULL,
  `serverIpAddress` varchar(15) NOT NULL DEFAULT '192.168.1.1',
  `localAreaNetworkMask` varchar(15) NOT NULL DEFAULT '255.255.255.0',
  `maxNumberOfReturnedSearchRecords` int(4) NOT NULL DEFAULT '512',
  `maxNumberOfDisplayedRowsPerPage` int(4) NOT NULL DEFAULT '64',
  `minAgeCriteriaForStudents` int(4) NOT NULL DEFAULT '12',
  `minAgeCriteriaForUsers` int(4) NOT NULL DEFAULT '12',
  `nextRegistrationNumber` int(16) unsigned NOT NULL DEFAULT '1',
  `registrationNumberWidth` int(16) unsigned NOT NULL DEFAULT '4',
  `nextExaminationNumber` int(16) unsigned NOT NULL DEFAULT '1',
  `examinationNumberWidth` int(16) unsigned NOT NULL DEFAULT '4',
  `applicationCounter` int(2) unsigned NOT NULL DEFAULT '0',
  `revisionNumber` int(8) unsigned NOT NULL DEFAULT '1',
  `revisionTime` varchar(19) NOT NULL DEFAULT '0000:00:00:00:00:00',
  `serverMACAddress` varchar(24) DEFAULT NULL,
  `systemHash` char(32) DEFAULT NULL,
  `extraFilter` varchar(32) DEFAULT NULL,
  `extraInformation` varchar(64) DEFAULT NULL,
  `flags` int(5) NOT NULL DEFAULT '0',
  PRIMARY KEY (`profileId`),
  KEY `countryId` (`countryId`),
  KEY `pHPTimezoneId` (`pHPTimezoneId`),
  KEY `themeId` (`themeId`),
  KEY `firstDayOfAWeekId` (`firstDayOfAWeekId`),
  KEY `currentAccademicYearId` (`currentAccademicYearId`),
  CONSTRAINT `currentAccademicYearId` FOREIGN KEY (`currentAccademicYearId`) REFERENCES `accademicyear` (`accademicYearId`),
  CONSTRAINT `profile_ibfk_1` FOREIGN KEY (`countryId`) REFERENCES `country` (`countryId`),
  CONSTRAINT `profile_ibfk_2` FOREIGN KEY (`pHPTimezoneId`) REFERENCES `phptimezone` (`zoneId`),
  CONSTRAINT `profile_ibfk_3` FOREIGN KEY (`themeId`) REFERENCES `themes` (`themeId`),
  CONSTRAINT `profile_ibfk_4` FOREIGN KEY (`firstDayOfAWeekId`) REFERENCES `daysofaweek` (`dayId`)
) ENGINE=InnoDB AUTO_INCREMENT=2 DEFAULT CHARSET=latin1;
/*!40101 SET character_set_client = @saved_cs_client */;

--
-- Dumping data for table `profile`
--

LOCK TABLES `profile` WRITE;
/*!40000 ALTER TABLE `profile` DISABLE KEYS */;
INSERT INTO `profile` VALUES (1,'Kilimanjaro Christian Medical University College ','Management Information System for Accademics','uploaded_sys_logo.png','+255272753616','admission@kcmuco.ac.tz','','P.O Box 2240, Moshi','www.kcmuco.ac.tz','+255272751351','Moshi',227,NULL,'1999:1:1:00:00:00',7,'0:9:1:00:00:00',2016,1,2,NULL,3,1,'profile.xml',NULL,'192.168.1.1','255.255.255.0',512,8,12,12,6,4,1,4,19,2,'2016:08:19:06:26:26',NULL,NULL,'3LPLMxif','SYS.KCMUCo.OK',1);
/*!40000 ALTER TABLE `profile` ENABLE KEYS */;
UNLOCK TABLES;

--
-- Table structure for table `religion`
--

DROP TABLE IF EXISTS `religion`;
/*!40101 SET @saved_cs_client     = @@character_set_client */;
/*!40101 SET character_set_client = utf8 */;
CREATE TABLE `religion` (
  `religionId` int(10) unsigned NOT NULL AUTO_INCREMENT,
  `religionName` varchar(48) NOT NULL,
  `extraFilter` varchar(32) DEFAULT NULL,
  `extraInformation` varchar(64) DEFAULT NULL,
  `flags` int(5) NOT NULL DEFAULT '15',
  PRIMARY KEY (`religionId`),
  UNIQUE KEY `religionName` (`religionName`)
) ENGINE=InnoDB AUTO_INCREMENT=16 DEFAULT CHARSET=latin1;
/*!40101 SET character_set_client = @saved_cs_client */;

--
-- Dumping data for table `religion`
--

LOCK TABLES `religion` WRITE;
/*!40000 ALTER TABLE `religion` DISABLE KEYS */;
INSERT INTO `religion` VALUES (1,'Christian',NULL,NULL,15),(2,'Muslim',NULL,NULL,15),(3,'Buddhist',NULL,NULL,15),(4,'Hindu',NULL,NULL,15),(5,'Ethinic/Indigeneous',NULL,NULL,15),(6,'Indigeneous',NULL,NULL,15),(7,'Judaism',NULL,NULL,15),(8,'Baha\'i',NULL,NULL,15),(9,'Irreligious and Atheist',NULL,NULL,15),(10,'Sikhism',NULL,NULL,15),(11,'Taoists/Confucianists/Chinese tradional religion',NULL,NULL,15),(12,'Jainism',NULL,NULL,15),(13,'Mormonism',NULL,NULL,15),(14,'Spiritism',NULL,NULL,15),(15,'Others',NULL,NULL,15);
/*!40000 ALTER TABLE `religion` ENABLE KEYS */;
UNLOCK TABLES;

--
-- Table structure for table `results`
--

DROP TABLE IF EXISTS `results`;
/*!40101 SET @saved_cs_client     = @@character_set_client */;
/*!40101 SET character_set_client = utf8 */;
CREATE TABLE `results` (
  `resultsId` int(10) unsigned NOT NULL AUTO_INCREMENT,
  `resultsValid` tinyint(1) NOT NULL DEFAULT '0',
  `groupId` int(10) unsigned NOT NULL,
  `examinationId` int(10) unsigned NOT NULL,
  `rawMarksCSVFile` varchar(32) DEFAULT NULL,
  `rawMarksCSVFileChecksum` char(32) DEFAULT NULL,
  `gradedMarksCSVFile` varchar(32) DEFAULT NULL,
  `gradedMarksCSVFileChecksum` char(32) DEFAULT NULL,
  `extraFilter` varchar(32) DEFAULT NULL,
  `extraInformation` varchar(64) DEFAULT NULL,
  `flags` int(5) NOT NULL DEFAULT '15',
  PRIMARY KEY (`resultsId`),
  KEY `groupId` (`groupId`),
  KEY `examinationId` (`examinationId`),
  CONSTRAINT `results_ibfk_1` FOREIGN KEY (`groupId`) REFERENCES `resultsgroup` (`groupId`),
  CONSTRAINT `results_ibfk_2` FOREIGN KEY (`examinationId`) REFERENCES `examination` (`examinationId`)
) ENGINE=InnoDB AUTO_INCREMENT=91 DEFAULT CHARSET=latin1;
/*!40101 SET character_set_client = @saved_cs_client */;

--
-- Dumping data for table `results`
--

LOCK TABLES `results` WRITE;
/*!40000 ALTER TABLE `results` DISABLE KEYS */;
INSERT INTO `results` VALUES (31,0,51,6,NULL,NULL,NULL,NULL,NULL,'Continuous Test One -- GME5_2016/2017_YEAR_1_and_SEM_1',15),(32,0,51,7,NULL,NULL,NULL,NULL,NULL,'University Examination One -- GME5_2016/2017_YEAR_1_and_SEM_1',15),(33,0,51,8,NULL,NULL,NULL,NULL,NULL,'Supplimentary One -- GME5_2016/2017_YEAR_1_and_SEM_0',15),(34,0,52,9,NULL,NULL,NULL,NULL,NULL,'Continuous Assesment Two -- GME5_2016/2017_YEAR_1_and_SEM_2',15),(35,0,52,10,NULL,NULL,NULL,NULL,NULL,'University Examination Two -- GME5_2016/2017_YEAR_1_and_SEM_2',15),(36,0,52,11,NULL,NULL,NULL,NULL,NULL,'Supplimentary Two -- GME5_2016/2017_YEAR_1_and_SEM_0',15),(37,0,53,6,NULL,NULL,NULL,NULL,NULL,'Continuous Test One -- PG5_2016/2017_YEAR_1_and_SEM_1',15),(38,0,53,7,NULL,NULL,NULL,NULL,NULL,'University Examination One -- PG5_2016/2017_YEAR_1_and_SEM_1',15),(39,0,53,8,NULL,NULL,NULL,NULL,NULL,'Supplimentary One -- PG5_2016/2017_YEAR_1_and_SEM_0',15),(40,0,54,9,NULL,NULL,NULL,NULL,NULL,'Continuous Assesment Two -- PG5_2016/2017_YEAR_1_and_SEM_2',15),(41,0,54,10,NULL,NULL,NULL,NULL,NULL,'University Examination Two -- PG5_2016/2017_YEAR_1_and_SEM_2',15),(42,0,54,11,NULL,NULL,NULL,NULL,NULL,'Supplimentary Two -- PG5_2016/2017_YEAR_1_and_SEM_0',15),(43,0,55,6,NULL,NULL,NULL,NULL,NULL,'Continuous Test One -- ME5_2016/2017_YEAR_1_and_SEM_1',15),(44,0,55,7,NULL,NULL,NULL,NULL,NULL,'University Examination One -- ME5_2016/2017_YEAR_1_and_SEM_1',15),(45,0,55,8,NULL,NULL,NULL,NULL,NULL,'Supplimentary One -- ME5_2016/2017_YEAR_1_and_SEM_0',15),(46,0,56,9,NULL,NULL,NULL,NULL,NULL,'Continuous Assesment Two -- ME5_2016/2017_YEAR_1_and_SEM_2',15),(47,0,56,10,NULL,NULL,NULL,NULL,NULL,'University Examination Two -- ME5_2016/2017_YEAR_1_and_SEM_2',15),(48,0,56,11,NULL,NULL,NULL,NULL,NULL,'Supplimentary Two -- ME5_2016/2017_YEAR_1_and_SEM_0',15),(49,0,57,6,NULL,NULL,NULL,NULL,NULL,'Continuous Test One -- MPE5_2016/2017_YEAR_1_and_SEM_1',15),(50,0,57,7,NULL,NULL,NULL,NULL,NULL,'University Examination One -- MPE5_2016/2017_YEAR_1_and_SEM_1',15),(51,0,57,8,NULL,NULL,NULL,NULL,NULL,'Supplimentary One -- MPE5_2016/2017_YEAR_1_and_SEM_0',15),(52,0,58,9,NULL,NULL,NULL,NULL,NULL,'Continuous Assesment Two -- MPE5_2016/2017_YEAR_1_and_SEM_2',15),(53,0,58,10,NULL,NULL,NULL,NULL,NULL,'University Examination Two -- MPE5_2016/2017_YEAR_1_and_SEM_2',15),(54,0,58,11,NULL,NULL,NULL,NULL,NULL,'Supplimentary Two -- MPE5_2016/2017_YEAR_1_and_SEM_0',15),(55,0,59,6,NULL,NULL,NULL,NULL,NULL,'Continuous Test One -- EEMM5_2016/2017_YEAR_1_and_SEM_1',15),(56,0,59,7,NULL,NULL,NULL,NULL,NULL,'University Examination One -- EEMM5_2016/2017_YEAR_1_and_SEM_1',15),(57,0,59,8,NULL,NULL,NULL,NULL,NULL,'Supplimentary One -- EEMM5_2016/2017_YEAR_1_and_SEM_0',15),(58,0,60,9,NULL,NULL,NULL,NULL,NULL,'Continuous Assesment Two -- EEMM5_2016/2017_YEAR_1_and_SEM_2',15),(59,0,60,10,NULL,NULL,NULL,NULL,NULL,'University Examination Two -- EEMM5_2016/2017_YEAR_1_and_SEM_2',15),(60,0,60,11,NULL,NULL,NULL,NULL,NULL,'Supplimentary Two -- EEMM5_2016/2017_YEAR_1_and_SEM_0',15),(61,0,61,6,'results_61.csv','b844b82d1872e033b243e4144d7b6353','results_61.csv.graded','58a57ae79100d63e8c39c41092aa8ca3','RCc24MCr','Continuous Test One -- GME5_2015/2016_YEAR_1_and_SEM_1',47),(62,0,61,7,'results_62.csv','142a9b8e1e91f5ecd359ff7fea4cc079','results_62.csv.graded','aa418356d778d0153324423a4d525baa','PR8KmKvI','University Examination One -- GME5_2015/2016_YEAR_1_and_SEM_1',47),(63,0,61,8,NULL,NULL,NULL,NULL,NULL,'Supplimentary One -- GME5_2015/2016_YEAR_1_and_SEM_0',47),(64,0,62,9,NULL,NULL,NULL,NULL,NULL,'Continuous Assesment Two -- GME5_2015/2016_YEAR_1_and_SEM_2',15),(65,0,62,10,NULL,NULL,NULL,NULL,NULL,'University Examination Two -- GME5_2015/2016_YEAR_1_and_SEM_2',15),(66,0,62,11,NULL,NULL,NULL,NULL,NULL,'Supplimentary Two -- GME5_2015/2016_YEAR_1_and_SEM_0',15),(67,0,63,6,NULL,NULL,NULL,NULL,NULL,'Continuous Test One -- PG5_2015/2016_YEAR_1_and_SEM_1',15),(68,0,63,7,NULL,NULL,NULL,NULL,NULL,'University Examination One -- PG5_2015/2016_YEAR_1_and_SEM_1',15),(69,0,63,8,NULL,NULL,NULL,NULL,NULL,'Supplimentary One -- PG5_2015/2016_YEAR_1_and_SEM_0',15),(70,0,64,9,NULL,NULL,NULL,NULL,NULL,'Continuous Assesment Two -- PG5_2015/2016_YEAR_1_and_SEM_2',15),(71,0,64,10,NULL,NULL,NULL,NULL,NULL,'University Examination Two -- PG5_2015/2016_YEAR_1_and_SEM_2',15),(72,0,64,11,NULL,NULL,NULL,NULL,NULL,'Supplimentary Two -- PG5_2015/2016_YEAR_1_and_SEM_0',15),(73,0,65,6,NULL,NULL,NULL,NULL,NULL,'Continuous Test One -- ME5_2015/2016_YEAR_1_and_SEM_1',15),(74,0,65,7,NULL,NULL,NULL,NULL,NULL,'University Examination One -- ME5_2015/2016_YEAR_1_and_SEM_1',15),(75,0,65,8,NULL,NULL,NULL,NULL,NULL,'Supplimentary One -- ME5_2015/2016_YEAR_1_and_SEM_0',15),(76,0,66,9,NULL,NULL,NULL,NULL,NULL,'Continuous Assesment Two -- ME5_2015/2016_YEAR_1_and_SEM_2',15),(77,0,66,10,NULL,NULL,NULL,NULL,NULL,'University Examination Two -- ME5_2015/2016_YEAR_1_and_SEM_2',15),(78,0,66,11,NULL,NULL,NULL,NULL,NULL,'Supplimentary Two -- ME5_2015/2016_YEAR_1_and_SEM_0',15),(79,0,67,6,NULL,NULL,NULL,NULL,NULL,'Continuous Test One -- MPE5_2015/2016_YEAR_1_and_SEM_1',15),(80,0,67,7,NULL,NULL,NULL,NULL,NULL,'University Examination One -- MPE5_2015/2016_YEAR_1_and_SEM_1',15),(81,0,67,8,NULL,NULL,NULL,NULL,NULL,'Supplimentary One -- MPE5_2015/2016_YEAR_1_and_SEM_0',15),(82,0,68,9,NULL,NULL,NULL,NULL,NULL,'Continuous Assesment Two -- MPE5_2015/2016_YEAR_1_and_SEM_2',15),(83,0,68,10,NULL,NULL,NULL,NULL,NULL,'University Examination Two -- MPE5_2015/2016_YEAR_1_and_SEM_2',15),(84,0,68,11,NULL,NULL,NULL,NULL,NULL,'Supplimentary Two -- MPE5_2015/2016_YEAR_1_and_SEM_0',15),(85,0,69,6,NULL,NULL,NULL,NULL,NULL,'Continuous Test One -- EEMM5_2015/2016_YEAR_1_and_SEM_1',15),(86,0,69,7,NULL,NULL,NULL,NULL,NULL,'University Examination One -- EEMM5_2015/2016_YEAR_1_and_SEM_1',15),(87,0,69,8,NULL,NULL,NULL,NULL,NULL,'Supplimentary One -- EEMM5_2015/2016_YEAR_1_and_SEM_0',15),(88,0,70,9,NULL,NULL,NULL,NULL,NULL,'Continuous Assesment Two -- EEMM5_2015/2016_YEAR_1_and_SEM_2',15),(89,0,70,10,NULL,NULL,NULL,NULL,NULL,'University Examination Two -- EEMM5_2015/2016_YEAR_1_and_SEM_2',15),(90,0,70,11,NULL,NULL,NULL,NULL,NULL,'Supplimentary Two -- EEMM5_2015/2016_YEAR_1_and_SEM_0',15);
/*!40000 ALTER TABLE `results` ENABLE KEYS */;
UNLOCK TABLES;

--
-- Table structure for table `resultsGroup`
--

DROP TABLE IF EXISTS `resultsGroup`;
/*!40101 SET @saved_cs_client     = @@character_set_client */;
/*!40101 SET character_set_client = utf8 */;
CREATE TABLE `resultsGroup` (
  `groupId` int(10) unsigned NOT NULL AUTO_INCREMENT,
  `resultsValid` tinyint(1) NOT NULL DEFAULT '0',
  `examinationGroupId` int(10) unsigned NOT NULL,
  `courseId` int(10) unsigned NOT NULL,
  `_year` int(4) unsigned NOT NULL,
  `batchId` int(10) unsigned NOT NULL,
  `rawMarksCSVFile` varchar(32) DEFAULT NULL,
  `rawMarksCSVFileChecksum` char(32) DEFAULT NULL,
  `gradedMarksCSVFile` varchar(32) DEFAULT NULL,
  `gradedMarksCSVFileChecksum` char(32) DEFAULT NULL,
  `displayResultsEnable` tinyint(1) NOT NULL DEFAULT '0',
  `displayResultsSummaryEnable` tinyint(1) NOT NULL DEFAULT '0',
  `availableSemesterList` varchar(108) DEFAULT NULL,
  `extraFilter` varchar(32) DEFAULT NULL,
  `extraInformation` varchar(64) DEFAULT NULL,
  `flags` int(5) NOT NULL DEFAULT '15',
  PRIMARY KEY (`groupId`),
  KEY `examinationGroupId` (`examinationGroupId`),
  KEY `batchId` (`batchId`),
  KEY `resultsGroup_ibfk_2` (`courseId`),
  CONSTRAINT `resultsGroup_ibfk_1` FOREIGN KEY (`examinationGroupId`) REFERENCES `examinationgroup` (`groupId`),
  CONSTRAINT `resultsGroup_ibfk_2` FOREIGN KEY (`courseId`) REFERENCES `course` (`courseId`),
  CONSTRAINT `resultsGroup_ibfk_3` FOREIGN KEY (`batchId`) REFERENCES `accademicyear` (`accademicYearId`)
) ENGINE=InnoDB AUTO_INCREMENT=71 DEFAULT CHARSET=latin1;
/*!40101 SET character_set_client = @saved_cs_client */;

--
-- Dumping data for table `resultsGroup`
--

LOCK TABLES `resultsGroup` WRITE;
/*!40000 ALTER TABLE `resultsGroup` DISABLE KEYS */;
INSERT INTO `resultsGroup` VALUES (51,0,5,3,1,8,NULL,NULL,NULL,NULL,0,0,NULL,NULL,'NTA Level 5 Semester One -- GME5_2016/2017_YEAR_1',15),(52,0,6,3,1,8,NULL,NULL,NULL,NULL,0,0,NULL,NULL,'NTA Level 5 Semester Two -- GME5_2016/2017_YEAR_1',15),(53,0,5,6,1,8,NULL,NULL,NULL,NULL,0,0,NULL,NULL,'NTA Level 5 Semester One -- PG5_2016/2017_YEAR_1',15),(54,0,6,6,1,8,NULL,NULL,NULL,NULL,0,0,NULL,NULL,'NTA Level 5 Semester Two -- PG5_2016/2017_YEAR_1',15),(55,0,5,9,1,8,NULL,NULL,NULL,NULL,0,0,NULL,NULL,'NTA Level 5 Semester One -- ME5_2016/2017_YEAR_1',15),(56,0,6,9,1,8,NULL,NULL,NULL,NULL,0,0,NULL,NULL,'NTA Level 5 Semester Two -- ME5_2016/2017_YEAR_1',15),(57,0,5,13,1,8,NULL,NULL,NULL,NULL,0,0,NULL,NULL,'NTA Level 5 Semester One -- MPE5_2016/2017_YEAR_1',15),(58,0,6,13,1,8,NULL,NULL,NULL,NULL,0,0,NULL,NULL,'NTA Level 5 Semester Two -- MPE5_2016/2017_YEAR_1',15),(59,0,5,16,1,8,NULL,NULL,NULL,NULL,0,0,NULL,NULL,'NTA Level 5 Semester One -- EEMM5_2016/2017_YEAR_1',15),(60,0,6,16,1,8,NULL,NULL,NULL,NULL,0,0,NULL,NULL,'NTA Level 5 Semester Two -- EEMM5_2016/2017_YEAR_1',15),(61,0,5,3,1,7,'resultsgroup_61.csv','95d7f65ce3fcf22a18597b9df6f5f6ff','resultsgroup_61.csv.graded','137e79722405726b4182f754de4a20d9',0,0,NULL,'mxOUFnvR','NTA Level 5 Semester One -- GME5_2015/2016_YEAR_1',47),(62,0,6,3,1,7,NULL,NULL,NULL,NULL,0,0,NULL,NULL,'NTA Level 5 Semester Two -- GME5_2015/2016_YEAR_1',15),(63,0,5,6,1,7,NULL,NULL,NULL,NULL,0,0,NULL,NULL,'NTA Level 5 Semester One -- PG5_2015/2016_YEAR_1',15),(64,0,6,6,1,7,NULL,NULL,NULL,NULL,0,0,NULL,NULL,'NTA Level 5 Semester Two -- PG5_2015/2016_YEAR_1',15),(65,0,5,9,1,7,NULL,NULL,NULL,NULL,0,0,NULL,NULL,'NTA Level 5 Semester One -- ME5_2015/2016_YEAR_1',15),(66,0,6,9,1,7,NULL,NULL,NULL,NULL,0,0,NULL,NULL,'NTA Level 5 Semester Two -- ME5_2015/2016_YEAR_1',15),(67,0,5,13,1,7,NULL,NULL,NULL,NULL,0,0,NULL,NULL,'NTA Level 5 Semester One -- MPE5_2015/2016_YEAR_1',15),(68,0,6,13,1,7,NULL,NULL,NULL,NULL,0,0,NULL,NULL,'NTA Level 5 Semester Two -- MPE5_2015/2016_YEAR_1',15),(69,0,5,16,1,7,NULL,NULL,NULL,NULL,0,0,NULL,NULL,'NTA Level 5 Semester One -- EEMM5_2015/2016_YEAR_1',15),(70,0,6,16,1,7,NULL,NULL,NULL,NULL,0,0,NULL,NULL,'NTA Level 5 Semester Two -- EEMM5_2015/2016_YEAR_1',15);
/*!40000 ALTER TABLE `resultsGroup` ENABLE KEYS */;
UNLOCK TABLES;

--
-- Table structure for table `schedule`
--

DROP TABLE IF EXISTS `schedule`;
/*!40101 SET @saved_cs_client     = @@character_set_client */;
/*!40101 SET character_set_client = utf8 */;
CREATE TABLE `schedule` (
  `scheduleId` int(10) unsigned NOT NULL AUTO_INCREMENT,
  `scheduleName` varchar(48) NOT NULL,
  `venueId` int(10) unsigned DEFAULT NULL,
  `instructorList` varchar(108) DEFAULT NULL,
  `groupList` varchar(108) DEFAULT NULL,
  `startTime` varchar(19) DEFAULT NULL,
  `endTime` varchar(19) DEFAULT NULL,
  `textColor` varchar(6) NOT NULL DEFAULT '000000',
  `backgroundColor` varchar(6) NOT NULL DEFAULT 'ffffff',
  `extraFilter` varchar(32) DEFAULT NULL,
  `extraInformation` varchar(64) DEFAULT NULL,
  `flags` int(5) NOT NULL DEFAULT '15',
  PRIMARY KEY (`scheduleId`),
  UNIQUE KEY `scheduleName` (`scheduleName`),
  KEY `venueId` (`venueId`),
  CONSTRAINT `schedule_ibfk_1` FOREIGN KEY (`venueId`) REFERENCES `venue` (`venueId`)
) ENGINE=InnoDB DEFAULT CHARSET=latin1;
/*!40101 SET character_set_client = @saved_cs_client */;

--
-- Dumping data for table `schedule`
--

LOCK TABLES `schedule` WRITE;
/*!40000 ALTER TABLE `schedule` DISABLE KEYS */;
/*!40000 ALTER TABLE `schedule` ENABLE KEYS */;
UNLOCK TABLES;

--
-- Table structure for table `securityQuestion`
--

DROP TABLE IF EXISTS `securityQuestion`;
/*!40101 SET @saved_cs_client     = @@character_set_client */;
/*!40101 SET character_set_client = utf8 */;
CREATE TABLE `securityQuestion` (
  `questionId` int(10) unsigned NOT NULL AUTO_INCREMENT,
  `questionName` varchar(96) NOT NULL,
  `extraFilter` varchar(32) DEFAULT NULL,
  `extraInformation` varchar(64) DEFAULT NULL,
  `flags` int(5) NOT NULL DEFAULT '15',
  PRIMARY KEY (`questionId`)
) ENGINE=InnoDB AUTO_INCREMENT=23 DEFAULT CHARSET=latin1;
/*!40101 SET character_set_client = @saved_cs_client */;

--
-- Dumping data for table `securityQuestion`
--

LOCK TABLES `securityQuestion` WRITE;
/*!40000 ALTER TABLE `securityQuestion` DISABLE KEYS */;
INSERT INTO `securityQuestion` VALUES (1,'What was your childhood nickname?',NULL,NULL,15),(2,'In what city did you meet your spouse/significant other?',NULL,NULL,15),(3,'What is the name of your favorite childhood friend?',NULL,NULL,15),(4,'What street did you live on in third grade?',NULL,NULL,15),(5,'What is your oldest sibling\'s birthday month and year? (e.g., January 1900)',NULL,NULL,15),(6,'What is the middle name of your oldest child?',NULL,NULL,15),(7,'What is your oldest sibling\'s middle name?',NULL,NULL,15),(8,'What school did you attend for sixth grade?',NULL,NULL,15),(9,'What was your childhood phone number including area code? (e.g., 000-000-0000)',NULL,NULL,15),(10,'What is your oldest cousin\'s first and last name?',NULL,NULL,15),(11,'What was the name of your first stuffed animal?',NULL,NULL,15),(12,'In what city or town did your mother and father meet?',NULL,NULL,15),(13,'Where were you when you had your first kiss?',NULL,NULL,15),(14,'What is the first name of the boy or girl that you first kissed?',NULL,NULL,15),(15,'What was the last name of your third grade teacher?',NULL,NULL,15),(16,'In what city does your nearest sibling live?',NULL,NULL,15),(17,'What is your oldest brother\'s birthday month and year? (e.g., January 1900)',NULL,NULL,15),(18,'What is your maternal grandmother\'s maiden name?',NULL,NULL,15),(19,'In what city or town was your first job?',NULL,NULL,15),(20,'What is the name of the place your wedding reception was held?',NULL,NULL,15),(21,'What is the name of a college you applied to but didn\'t attend?',NULL,NULL,15),(22,'Where were you when you first heard about 9/11?',NULL,NULL,15);
/*!40000 ALTER TABLE `securityQuestion` ENABLE KEYS */;
UNLOCK TABLES;

--
-- Table structure for table `sex`
--

DROP TABLE IF EXISTS `sex`;
/*!40101 SET @saved_cs_client     = @@character_set_client */;
/*!40101 SET character_set_client = utf8 */;
CREATE TABLE `sex` (
  `sexId` int(10) unsigned NOT NULL AUTO_INCREMENT,
  `sexName` varchar(8) NOT NULL,
  `extraFilter` varchar(32) DEFAULT NULL,
  `extraInformation` varchar(64) DEFAULT NULL,
  `flags` int(5) NOT NULL DEFAULT '15',
  PRIMARY KEY (`sexId`),
  UNIQUE KEY `sexName` (`sexName`)
) ENGINE=InnoDB AUTO_INCREMENT=3 DEFAULT CHARSET=latin1;
/*!40101 SET character_set_client = @saved_cs_client */;

--
-- Dumping data for table `sex`
--

LOCK TABLES `sex` WRITE;
/*!40000 ALTER TABLE `sex` DISABLE KEYS */;
INSERT INTO `sex` VALUES (1,'Male',NULL,NULL,15),(2,'Female',NULL,NULL,15);
/*!40000 ALTER TABLE `sex` ENABLE KEYS */;
UNLOCK TABLES;

--
-- Table structure for table `students`
--

DROP TABLE IF EXISTS `students`;
/*!40101 SET @saved_cs_client     = @@character_set_client */;
/*!40101 SET character_set_client = utf8 */;
CREATE TABLE `students` (
  `studentId` int(10) unsigned NOT NULL AUTO_INCREMENT,
  `loginId` int(10) unsigned NOT NULL,
  `occupation` varchar(32) DEFAULT NULL,
  `registrationNumber` varchar(64) DEFAULT NULL,
  `citizenshipId` int(10) unsigned DEFAULT NULL,
  `nativeplace` varchar(48) DEFAULT NULL,
  `disability` varchar(32) DEFAULT NULL,
  `denominationId` int(10) unsigned DEFAULT NULL,
  `postalAddress` varchar(64) DEFAULT NULL,
  `physicalAddress` varchar(64) DEFAULT NULL,
  `employed` tinyint(1) NOT NULL DEFAULT '0',
  `courseId` int(10) unsigned DEFAULT NULL,
  `referenceNumber` varchar(16) DEFAULT NULL,
  `registrationTime` varchar(19) NOT NULL DEFAULT '0000:00:00:00:00:00',
  `cyear` int(2) unsigned NOT NULL DEFAULT '0',
  `csemester` int(2) unsigned NOT NULL DEFAULT '0',
  `applicationCounter` int(2) NOT NULL DEFAULT '0',
  `xmlFile` varchar(24) DEFAULT NULL,
  `xmlFileChecksum` char(32) DEFAULT NULL,
  `batchList` varchar(108) DEFAULT NULL,
  `admissionBatch` int(10) unsigned DEFAULT NULL,
  `currentAccademicYear` int(10) unsigned DEFAULT NULL,
  `currentBatch` int(10) unsigned DEFAULT NULL,
  `formFourYear` int(4) unsigned NOT NULL DEFAULT '0',
  `formFourIndex` varchar(32) DEFAULT NULL,
  `optionalTransactionList` varchar(108) DEFAULT NULL,
  `transcriptHash` char(32) DEFAULT NULL,
  `transcriptFile` varchar(32) DEFAULT NULL,
  `graduationYear` int(4) unsigned NOT NULL DEFAULT '0',
  `extraFilter` varchar(32) DEFAULT NULL,
  `extraInformation` varchar(64) DEFAULT NULL,
  `flags` int(5) NOT NULL DEFAULT '15',
  PRIMARY KEY (`studentId`),
  UNIQUE KEY `registrationNumber` (`registrationNumber`),
  KEY `loginId` (`loginId`),
  KEY `citizenshipId` (`citizenshipId`),
  KEY `denominationId` (`denominationId`),
  KEY `courseId` (`courseId`),
  KEY `admissionBatch` (`admissionBatch`),
  KEY `currentAccademicYear` (`currentAccademicYear`),
  KEY `currentBatch` (`currentBatch`),
  CONSTRAINT `students_ibfk_1` FOREIGN KEY (`loginId`) REFERENCES `login` (`loginId`),
  CONSTRAINT `students_ibfk_2` FOREIGN KEY (`citizenshipId`) REFERENCES `country` (`countryId`),
  CONSTRAINT `students_ibfk_3` FOREIGN KEY (`denominationId`) REFERENCES `denomination` (`denominationId`),
  CONSTRAINT `students_ibfk_4` FOREIGN KEY (`courseId`) REFERENCES `course` (`courseId`),
  CONSTRAINT `students_ibfk_5` FOREIGN KEY (`admissionBatch`) REFERENCES `accademicyear` (`accademicYearId`),
  CONSTRAINT `students_ibfk_6` FOREIGN KEY (`currentAccademicYear`) REFERENCES `accademicyear` (`accademicYearId`),
  CONSTRAINT `students_ibfk_7` FOREIGN KEY (`currentBatch`) REFERENCES `accademicyear` (`accademicYearId`)
) ENGINE=InnoDB AUTO_INCREMENT=205 DEFAULT CHARSET=latin1;
/*!40101 SET character_set_client = @saved_cs_client */;

--
-- Dumping data for table `students`
--

LOCK TABLES `students` WRITE;
/*!40000 ALTER TABLE `students` DISABLE KEYS */;
INSERT INTO `students` VALUES (1,2,'Student',NULL,227,'Mamba, Mpinji',NULL,114,'P.O Box 7436, Moshi','Longuo B, KCMC',1,3,'g3DR','2016:07:19:10:44:40',1,1,16,'student_1.xml','0d5a33869fea7c9d9780c472569e0418','7',7,7,7,2000,'S.114/302',NULL,NULL,NULL,0,'xXMjZFP8','',47),(2,3,'Student','0001MID16',227,'Mamba, Mpinji',NULL,114,'P.O Box 7436, Moshi','Longuo B, KCMC',1,3,'g3DR','2016:07:19:10:44:40',1,2,16,'student_1.xml','0d5a33869fea7c9d9780c472569e0418','7',7,7,7,2000,'S.114/302',NULL,'1f525d57d005a259f68751cd60991c04','student_2.csv',2016,'V9BMQytC','',127),(3,4,'Student','0002MID16',227,'Mamba, Mpinji',NULL,114,'P.O Box 7436, Moshi','Longuo B, KCMC',1,3,'g3DR','2016:07:19:10:44:40',1,2,16,'student_1.xml','0d5a33869fea7c9d9780c472569e0418','7',7,8,7,2000,'S.114/302',NULL,NULL,NULL,0,'OQxEJGOc','',319),(4,5,'Student','0003MID16',227,'Mamba, Mpinji',NULL,114,'P.O Box 7436, Moshi','Longuo B, KCMC',1,3,'g3DR','2016:07:19:10:44:40',1,1,16,'student_1.xml','0d5a33869fea7c9d9780c472569e0418','7',7,7,7,2000,'S.114/302',NULL,NULL,NULL,0,'CvUzDB2Y','',63),(5,6,'Student','0004MID16',227,'Mamba, Mpinji',NULL,114,'P.O Box 7436, Moshi','Longuo B, KCMC',1,3,'g3DR','2016:07:19:10:44:40',1,1,16,'student_1.xml','0d5a33869fea7c9d9780c472569e0418','7',7,7,7,2000,'S.114/302',NULL,NULL,NULL,0,'wHgIE6hK','',63),(6,7,'Student','TZ.NACTE.00005',227,'Mamba, Mpinji',NULL,114,'P.O Box 7436, Moshi','Longuo B, KCMC',1,3,'g3DR','2016:07:19:10:44:40',1,1,16,'student_1.xml','0d5a33869fea7c9d9780c472569e0418','7',7,7,7,2000,'S.114/302',NULL,NULL,NULL,0,'KA9rHCvi','',47),(7,8,'Student','TZ.NACTE.0098.012',227,'Mamba, Mpinji',NULL,114,'P.O Box 7436, Moshi','Longuo B, KCMC',1,3,'g3DR','2016:07:19:10:44:40',1,1,16,'student_1.xml','0d5a33869fea7c9d9780c472569e0418','7',7,7,7,2000,'S.114/302',NULL,NULL,NULL,0,'d86PP7ge','',47),(8,9,'Student','TZ..NACTE.TEST.001',227,'Mamba, Mpinji',NULL,114,'P.O Box 7436, Moshi','Longuo B, KCMC',1,3,'g3DR','2016:08:21:10:08:53',1,1,16,'student_1.xml','0d5a33869fea7c9d9780c472569e0418','7',7,8,7,2000,'S.114/302',NULL,NULL,NULL,0,'DCxV4L7v','',47),(9,10,'Student','TZ.NACTE.000008',227,'Mamba, Mpinji',NULL,114,'P.O Box 7436, Moshi','Longuo B, KCMC',1,3,'g3DR','2016:08:21:12:35:33',1,1,16,'student_1.xml','0d5a33869fea7c9d9780c472569e0418','7',7,8,7,2000,'S.114/302',NULL,NULL,NULL,0,'ZD6AUCyJ','',47),(10,11,'Student',NULL,227,'Mamba, Mpinji',NULL,114,'P.O Box 7436, Moshi','Longuo B, KCMC',1,3,'g3DR','2016:07:19:10:44:40',1,1,16,'student_1.xml','0d5a33869fea7c9d9780c472569e0418','7',7,7,7,2000,'S.114/302',NULL,NULL,NULL,0,NULL,'',15),(11,12,'Student','0005MID16',227,'Mamba, Mpinji',NULL,114,'P.O Box 7436, Moshi','Longuo B, KCMC',1,3,'g3DR','2016:07:19:10:44:40',1,1,16,'student_1.xml','0d5a33869fea7c9d9780c472569e0418','7',7,7,7,2000,'S.114/302',NULL,NULL,NULL,0,'C3b2tHZo','',63),(12,13,'Student',NULL,227,'Mamba, Mpinji',NULL,114,'P.O Box 7436, Moshi','Longuo B, KCMC',1,3,'g3DR','2016:07:19:10:44:40',1,1,16,'student_1.xml','0d5a33869fea7c9d9780c472569e0418','7',7,7,7,2000,'S.114/302',NULL,NULL,NULL,0,NULL,'',15),(13,14,'Student',NULL,227,'Mamba, Mpinji',NULL,114,'P.O Box 7436, Moshi','Longuo B, KCMC',1,3,'g3DR','2016:07:19:10:44:40',1,1,16,'student_1.xml','0d5a33869fea7c9d9780c472569e0418','7',7,7,7,2000,'S.114/302',NULL,NULL,NULL,0,NULL,'',15),(14,15,'Student',NULL,227,'Mamba, Mpinji',NULL,114,'P.O Box 7436, Moshi','Longuo B, KCMC',1,3,'g3DR','2016:07:19:10:44:40',1,1,16,'student_1.xml','0d5a33869fea7c9d9780c472569e0418','7',7,7,7,2000,'S.114/302',NULL,NULL,NULL,0,NULL,'',15),(15,16,'Student',NULL,227,'Mamba, Mpinji',NULL,114,'P.O Box 7436, Moshi','Longuo B, KCMC',1,3,'g3DR','2016:07:19:10:44:40',1,1,16,'student_1.xml','0d5a33869fea7c9d9780c472569e0418','7',7,7,7,2000,'S.114/302',NULL,NULL,NULL,0,NULL,'',15),(16,17,'Student',NULL,227,'Mamba, Mpinji',NULL,114,'P.O Box 7436, Moshi','Longuo B, KCMC',1,3,'g3DR','2016:07:19:10:44:40',1,1,16,'student_1.xml','0d5a33869fea7c9d9780c472569e0418','7',7,7,7,2000,'S.114/302',NULL,NULL,NULL,0,NULL,'',15),(17,18,'Student',NULL,227,'Mamba, Mpinji',NULL,114,'P.O Box 7436, Moshi','Longuo B, KCMC',1,3,'g3DR','2016:07:19:10:44:40',1,1,16,'student_1.xml','0d5a33869fea7c9d9780c472569e0418','7',7,7,7,2000,'S.114/302',NULL,NULL,NULL,0,NULL,'',15),(18,19,'Student',NULL,227,'Mamba, Mpinji',NULL,114,'P.O Box 7436, Moshi','Longuo B, KCMC',1,3,'g3DR','2016:07:19:10:44:40',1,1,16,'student_1.xml','0d5a33869fea7c9d9780c472569e0418','7',7,7,7,2000,'S.114/302',NULL,NULL,NULL,0,NULL,'',15),(19,20,'Student',NULL,227,'Mamba, Mpinji',NULL,114,'P.O Box 7436, Moshi','Longuo B, KCMC',1,3,'g3DR','2016:07:19:10:44:40',1,1,16,'student_1.xml','0d5a33869fea7c9d9780c472569e0418','7',7,7,7,2000,'S.114/302',NULL,NULL,NULL,0,NULL,'',15),(20,21,'Student',NULL,227,'Mamba, Mpinji',NULL,114,'P.O Box 7436, Moshi','Longuo B, KCMC',1,3,'g3DR','2016:07:19:10:44:40',1,1,16,'student_1.xml','0d5a33869fea7c9d9780c472569e0418','7',7,7,7,2000,'S.114/302',NULL,NULL,NULL,0,NULL,'',15),(21,22,'Student',NULL,227,'Mamba, Mpinji',NULL,114,'P.O Box 7436, Moshi','Longuo B, KCMC',1,3,'g3DR','2016:07:19:10:44:40',1,1,16,'student_1.xml','0d5a33869fea7c9d9780c472569e0418','7',7,7,7,2000,'S.114/302',NULL,NULL,NULL,0,NULL,'',15),(22,23,'Student',NULL,227,'Mamba, Mpinji',NULL,114,'P.O Box 7436, Moshi','Longuo B, KCMC',1,3,'g3DR','2016:07:19:10:44:40',1,1,16,'student_1.xml','0d5a33869fea7c9d9780c472569e0418','7',7,7,7,2000,'S.114/302',NULL,NULL,NULL,0,NULL,'',15),(23,24,'Student',NULL,227,'Mamba, Mpinji',NULL,114,'P.O Box 7436, Moshi','Longuo B, KCMC',1,3,'g3DR','2016:07:19:10:44:40',1,1,16,'student_1.xml','0d5a33869fea7c9d9780c472569e0418','7',7,7,7,2000,'S.114/302',NULL,NULL,NULL,0,NULL,'',15),(24,25,'Student',NULL,227,'Mamba, Mpinji',NULL,114,'P.O Box 7436, Moshi','Longuo B, KCMC',1,3,'g3DR','2016:07:19:10:44:40',1,1,16,'student_1.xml','0d5a33869fea7c9d9780c472569e0418','7',7,7,7,2000,'S.114/302',NULL,NULL,NULL,0,NULL,'',15),(25,26,'Student',NULL,227,'Mamba, Mpinji',NULL,114,'P.O Box 7436, Moshi','Longuo B, KCMC',1,3,'g3DR','2016:07:19:10:44:40',1,1,16,'student_1.xml','0d5a33869fea7c9d9780c472569e0418','7',7,7,7,2000,'S.114/302',NULL,NULL,NULL,0,NULL,'',15),(26,27,'Student',NULL,227,'Mamba, Mpinji',NULL,114,'P.O Box 7436, Moshi','Longuo B, KCMC',1,3,'g3DR','2016:07:19:10:44:40',1,1,16,'student_1.xml','0d5a33869fea7c9d9780c472569e0418','7',7,7,7,2000,'S.114/302',NULL,NULL,NULL,0,NULL,'',15),(27,28,'Student',NULL,227,'Mamba, Mpinji',NULL,114,'P.O Box 7436, Moshi','Longuo B, KCMC',1,3,'g3DR','2016:07:19:10:44:40',1,1,16,'student_1.xml','0d5a33869fea7c9d9780c472569e0418','7',7,7,7,2000,'S.114/302',NULL,NULL,NULL,0,NULL,'',15),(28,29,'Student',NULL,227,'Mamba, Mpinji',NULL,114,'P.O Box 7436, Moshi','Longuo B, KCMC',1,3,'g3DR','2016:07:19:10:44:40',1,1,16,'student_1.xml','0d5a33869fea7c9d9780c472569e0418','7',7,7,7,2000,'S.114/302',NULL,NULL,NULL,0,NULL,'',15),(29,30,'Student',NULL,227,'Mamba, Mpinji',NULL,114,'P.O Box 7436, Moshi','Longuo B, KCMC',1,3,'g3DR','2016:07:19:10:44:40',1,1,16,'student_1.xml','0d5a33869fea7c9d9780c472569e0418','7',7,7,7,2000,'S.114/302',NULL,NULL,NULL,0,NULL,'',15),(30,31,'Student',NULL,227,'Mamba, Mpinji',NULL,114,'P.O Box 7436, Moshi','Longuo B, KCMC',1,3,'g3DR','2016:07:19:10:44:40',1,1,16,'student_1.xml','0d5a33869fea7c9d9780c472569e0418','7',7,7,7,2000,'S.114/302',NULL,NULL,NULL,0,NULL,'',15),(31,32,'Student',NULL,227,'Mamba, Mpinji',NULL,114,'P.O Box 7436, Moshi','Longuo B, KCMC',1,3,'g3DR','2016:07:19:10:44:40',1,1,16,'student_1.xml','0d5a33869fea7c9d9780c472569e0418','7',7,7,7,2000,'S.114/302',NULL,NULL,NULL,0,NULL,'',15),(32,33,'Student',NULL,227,'Mamba, Mpinji',NULL,114,'P.O Box 7436, Moshi','Longuo B, KCMC',1,3,'g3DR','2016:07:19:10:44:40',1,1,16,'student_1.xml','0d5a33869fea7c9d9780c472569e0418','7',7,7,7,2000,'S.114/302',NULL,NULL,NULL,0,NULL,'',15),(33,34,'Student',NULL,227,'Mamba, Mpinji',NULL,114,'P.O Box 7436, Moshi','Longuo B, KCMC',1,3,'g3DR','2016:07:19:10:44:40',1,1,16,'student_1.xml','0d5a33869fea7c9d9780c472569e0418','7',7,7,7,2000,'S.114/302',NULL,NULL,NULL,0,NULL,'',15),(34,35,'Student',NULL,227,'Mamba, Mpinji',NULL,114,'P.O Box 7436, Moshi','Longuo B, KCMC',1,3,'g3DR','2016:07:19:10:44:40',1,1,16,'student_1.xml','0d5a33869fea7c9d9780c472569e0418','7',7,7,7,2000,'S.114/302',NULL,NULL,NULL,0,NULL,'',15),(35,36,'Student',NULL,227,'Mamba, Mpinji',NULL,114,'P.O Box 7436, Moshi','Longuo B, KCMC',1,3,'g3DR','2016:07:19:10:44:40',1,1,16,'student_1.xml','0d5a33869fea7c9d9780c472569e0418','7',7,7,7,2000,'S.114/302',NULL,NULL,NULL,0,NULL,'',15),(36,37,'Student',NULL,227,'Mamba, Mpinji',NULL,114,'P.O Box 7436, Moshi','Longuo B, KCMC',1,3,'g3DR','2016:07:19:10:44:40',1,1,16,'student_1.xml','0d5a33869fea7c9d9780c472569e0418','7',7,7,7,2000,'S.114/302',NULL,NULL,NULL,0,NULL,'',15),(37,38,'Student',NULL,227,'Mamba, Mpinji',NULL,114,'P.O Box 7436, Moshi','Longuo B, KCMC',1,3,'g3DR','2016:07:19:10:44:40',1,1,16,'student_1.xml','0d5a33869fea7c9d9780c472569e0418','7',7,7,7,2000,'S.114/302',NULL,NULL,NULL,0,NULL,'',15),(38,39,'Student',NULL,227,'Mamba, Mpinji',NULL,114,'P.O Box 7436, Moshi','Longuo B, KCMC',1,3,'g3DR','2016:07:19:10:44:40',1,1,16,'student_1.xml','0d5a33869fea7c9d9780c472569e0418','7',7,7,7,2000,'S.114/302',NULL,NULL,NULL,0,NULL,'',15),(39,40,'Student',NULL,227,'Mamba, Mpinji',NULL,114,'P.O Box 7436, Moshi','Longuo B, KCMC',1,3,'g3DR','2016:07:19:10:44:40',1,1,16,'student_1.xml','0d5a33869fea7c9d9780c472569e0418','7',7,7,7,2000,'S.114/302',NULL,NULL,NULL,0,NULL,'',15),(40,41,'Student',NULL,227,'Mamba, Mpinji',NULL,114,'P.O Box 7436, Moshi','Longuo B, KCMC',1,3,'g3DR','2016:07:19:10:44:40',1,1,16,'student_1.xml','0d5a33869fea7c9d9780c472569e0418','7',7,7,7,2000,'S.114/302',NULL,NULL,NULL,0,NULL,'',15),(41,42,'Student',NULL,227,'Mamba, Mpinji',NULL,114,'P.O Box 7436, Moshi','Longuo B, KCMC',1,3,'g3DR','2016:07:19:10:44:40',1,1,16,'student_1.xml','0d5a33869fea7c9d9780c472569e0418','7',7,7,7,2000,'S.114/302',NULL,NULL,NULL,0,NULL,'',15),(42,43,'Student',NULL,227,'Mamba, Mpinji',NULL,114,'P.O Box 7436, Moshi','Longuo B, KCMC',1,3,'g3DR','2016:07:19:10:44:40',1,1,16,'student_1.xml','0d5a33869fea7c9d9780c472569e0418','7',7,7,7,2000,'S.114/302',NULL,NULL,NULL,0,NULL,'',15),(43,44,'Student',NULL,227,'Mamba, Mpinji',NULL,114,'P.O Box 7436, Moshi','Longuo B, KCMC',1,3,'g3DR','2016:07:19:10:44:40',1,1,16,'student_1.xml','0d5a33869fea7c9d9780c472569e0418','7',7,7,7,2000,'S.114/302',NULL,NULL,NULL,0,NULL,'',15),(44,45,'Student',NULL,227,'Mamba, Mpinji',NULL,114,'P.O Box 7436, Moshi','Longuo B, KCMC',1,3,'g3DR','2016:07:19:10:44:40',1,1,16,'student_1.xml','0d5a33869fea7c9d9780c472569e0418','7',7,7,7,2000,'S.114/302',NULL,NULL,NULL,0,NULL,'',15),(45,46,'Student',NULL,227,'Mamba, Mpinji',NULL,114,'P.O Box 7436, Moshi','Longuo B, KCMC',1,3,'g3DR','2016:07:19:10:44:40',1,1,16,'student_1.xml','0d5a33869fea7c9d9780c472569e0418','7',7,7,7,2000,'S.114/302',NULL,NULL,NULL,0,NULL,'',15),(46,47,'Student',NULL,227,'Mamba, Mpinji',NULL,114,'P.O Box 7436, Moshi','Longuo B, KCMC',1,3,'g3DR','2016:07:19:10:44:40',1,1,16,'student_1.xml','0d5a33869fea7c9d9780c472569e0418','7',7,7,7,2000,'S.114/302',NULL,NULL,NULL,0,NULL,'',15),(47,48,'Student',NULL,227,'Mamba, Mpinji',NULL,114,'P.O Box 7436, Moshi','Longuo B, KCMC',1,3,'g3DR','2016:07:19:10:44:40',1,1,16,'student_1.xml','0d5a33869fea7c9d9780c472569e0418','7',7,7,7,2000,'S.114/302',NULL,NULL,NULL,0,NULL,'',15),(48,49,'Student',NULL,227,'Mamba, Mpinji',NULL,114,'P.O Box 7436, Moshi','Longuo B, KCMC',1,3,'g3DR','2016:07:19:10:44:40',1,1,16,'student_1.xml','0d5a33869fea7c9d9780c472569e0418','7',7,7,7,2000,'S.114/302',NULL,NULL,NULL,0,NULL,'',15),(49,50,'Student',NULL,227,'Mamba, Mpinji',NULL,114,'P.O Box 7436, Moshi','Longuo B, KCMC',1,3,'g3DR','2016:07:19:10:44:40',1,1,16,'student_1.xml','0d5a33869fea7c9d9780c472569e0418','7',7,7,7,2000,'S.114/302',NULL,NULL,NULL,0,NULL,'',15),(50,51,'Student',NULL,227,'Mamba, Mpinji',NULL,114,'P.O Box 7436, Moshi','Longuo B, KCMC',1,3,'g3DR','2016:07:19:10:44:40',1,1,16,'student_1.xml','0d5a33869fea7c9d9780c472569e0418','7',7,7,7,2000,'S.114/302',NULL,NULL,NULL,0,NULL,'',15),(51,52,'Student',NULL,227,'Mamba, Mpinji',NULL,114,'P.O Box 7436, Moshi','Longuo B, KCMC',1,3,'g3DR','2016:07:19:10:44:40',1,1,16,'student_1.xml','0d5a33869fea7c9d9780c472569e0418','7',7,7,7,2000,'S.114/302',NULL,NULL,NULL,0,NULL,'',15),(52,53,'Student',NULL,227,'Mamba, Mpinji',NULL,114,'P.O Box 7436, Moshi','Longuo B, KCMC',1,3,'g3DR','2016:07:19:10:44:40',1,1,16,'student_1.xml','0d5a33869fea7c9d9780c472569e0418','7',7,7,7,2000,'S.114/302',NULL,NULL,NULL,0,NULL,'',15),(53,54,'Student',NULL,227,'Mamba, Mpinji',NULL,114,'P.O Box 7436, Moshi','Longuo B, KCMC',1,3,'g3DR','2016:07:19:10:44:40',1,1,16,'student_1.xml','0d5a33869fea7c9d9780c472569e0418','7',7,7,7,2000,'S.114/302',NULL,NULL,NULL,0,NULL,'',15),(54,55,'Student',NULL,227,'Mamba, Mpinji',NULL,114,'P.O Box 7436, Moshi','Longuo B, KCMC',1,3,'g3DR','2016:07:19:10:44:40',1,1,16,'student_1.xml','0d5a33869fea7c9d9780c472569e0418','7',7,7,7,2000,'S.114/302',NULL,NULL,NULL,0,NULL,'',15),(55,56,'Student',NULL,227,'Mamba, Mpinji',NULL,114,'P.O Box 7436, Moshi','Longuo B, KCMC',1,3,'g3DR','2016:07:19:10:44:40',1,1,16,'student_1.xml','0d5a33869fea7c9d9780c472569e0418','7',7,7,7,2000,'S.114/302',NULL,NULL,NULL,0,NULL,'',15),(56,57,'Student',NULL,227,'Mamba, Mpinji',NULL,114,'P.O Box 7436, Moshi','Longuo B, KCMC',1,3,'g3DR','2016:07:19:10:44:40',1,1,16,'student_1.xml','0d5a33869fea7c9d9780c472569e0418','7',7,7,7,2000,'S.114/302',NULL,NULL,NULL,0,NULL,'',15),(57,58,'Student',NULL,227,'Mamba, Mpinji',NULL,114,'P.O Box 7436, Moshi','Longuo B, KCMC',1,3,'g3DR','2016:07:19:10:44:40',1,1,16,'student_1.xml','0d5a33869fea7c9d9780c472569e0418','7',7,7,7,2000,'S.114/302',NULL,NULL,NULL,0,NULL,'',15),(58,59,'Student',NULL,227,'Mamba, Mpinji',NULL,114,'P.O Box 7436, Moshi','Longuo B, KCMC',1,3,'g3DR','2016:07:19:10:44:40',1,1,16,'student_1.xml','0d5a33869fea7c9d9780c472569e0418','7',7,7,7,2000,'S.114/302',NULL,NULL,NULL,0,NULL,'',15),(59,60,'Student',NULL,227,'Mamba, Mpinji',NULL,114,'P.O Box 7436, Moshi','Longuo B, KCMC',1,3,'g3DR','2016:07:19:10:44:40',1,1,16,'student_1.xml','0d5a33869fea7c9d9780c472569e0418','7',7,7,7,2000,'S.114/302',NULL,NULL,NULL,0,NULL,'',15),(60,61,'Student',NULL,227,'Mamba, Mpinji',NULL,114,'P.O Box 7436, Moshi','Longuo B, KCMC',1,3,'g3DR','2016:07:19:10:44:40',1,1,16,'student_1.xml','0d5a33869fea7c9d9780c472569e0418','7',7,7,7,2000,'S.114/302',NULL,NULL,NULL,0,NULL,'',15),(61,62,'Student',NULL,227,'Mamba, Mpinji',NULL,114,'P.O Box 7436, Moshi','Longuo B, KCMC',1,3,'g3DR','2016:07:19:10:44:40',1,1,16,'student_1.xml','0d5a33869fea7c9d9780c472569e0418','7',7,7,7,2000,'S.114/302',NULL,NULL,NULL,0,NULL,'',15),(62,63,'Student',NULL,227,'Mamba, Mpinji',NULL,114,'P.O Box 7436, Moshi','Longuo B, KCMC',1,3,'g3DR','2016:07:19:10:44:40',1,1,16,'student_1.xml','0d5a33869fea7c9d9780c472569e0418','7',7,7,7,2000,'S.114/302',NULL,NULL,NULL,0,NULL,'',15),(63,64,'Student',NULL,227,'Mamba, Mpinji',NULL,114,'P.O Box 7436, Moshi','Longuo B, KCMC',1,3,'g3DR','2016:07:19:10:44:40',1,1,16,'student_1.xml','0d5a33869fea7c9d9780c472569e0418','7',7,7,7,2000,'S.114/302',NULL,NULL,NULL,0,NULL,'',15),(64,65,'Student',NULL,227,'Mamba, Mpinji',NULL,114,'P.O Box 7436, Moshi','Longuo B, KCMC',1,3,'g3DR','2016:07:19:10:44:40',1,1,16,'student_1.xml','0d5a33869fea7c9d9780c472569e0418','7',7,7,7,2000,'S.114/302',NULL,NULL,NULL,0,NULL,'',15),(65,66,'Student',NULL,227,'Mamba, Mpinji',NULL,114,'P.O Box 7436, Moshi','Longuo B, KCMC',1,3,'g3DR','2016:07:19:10:44:40',1,1,16,'student_1.xml','0d5a33869fea7c9d9780c472569e0418','7',7,7,7,2000,'S.114/302',NULL,NULL,NULL,0,NULL,'',15),(66,67,'Student',NULL,227,'Mamba, Mpinji',NULL,114,'P.O Box 7436, Moshi','Longuo B, KCMC',1,3,'g3DR','2016:07:19:10:44:40',1,1,16,'student_1.xml','0d5a33869fea7c9d9780c472569e0418','7',7,7,7,2000,'S.114/302',NULL,NULL,NULL,0,NULL,'',15),(67,68,'Student',NULL,227,'Mamba, Mpinji',NULL,114,'P.O Box 7436, Moshi','Longuo B, KCMC',1,3,'g3DR','2016:07:19:10:44:40',1,1,16,'student_1.xml','0d5a33869fea7c9d9780c472569e0418','7',7,7,7,2000,'S.114/302',NULL,NULL,NULL,0,NULL,'',15),(68,69,'Student',NULL,227,'Mamba, Mpinji',NULL,114,'P.O Box 7436, Moshi','Longuo B, KCMC',1,3,'g3DR','2016:07:19:10:44:40',1,1,16,'student_1.xml','0d5a33869fea7c9d9780c472569e0418','7',7,7,7,2000,'S.114/302',NULL,NULL,NULL,0,NULL,'',15),(69,70,'Student',NULL,227,'Mamba, Mpinji',NULL,114,'P.O Box 7436, Moshi','Longuo B, KCMC',1,3,'g3DR','2016:07:19:10:44:40',1,1,16,'student_1.xml','0d5a33869fea7c9d9780c472569e0418','7',7,7,7,2000,'S.114/302',NULL,NULL,NULL,0,NULL,'',15),(70,71,'Student',NULL,227,'Mamba, Mpinji',NULL,114,'P.O Box 7436, Moshi','Longuo B, KCMC',1,3,'g3DR','2016:07:19:10:44:40',1,1,16,'student_1.xml','0d5a33869fea7c9d9780c472569e0418','7',7,7,7,2000,'S.114/302',NULL,NULL,NULL,0,NULL,'',15),(71,72,'Student',NULL,227,'Mamba, Mpinji',NULL,114,'P.O Box 7436, Moshi','Longuo B, KCMC',1,3,'g3DR','2016:07:19:10:44:40',1,1,16,'student_1.xml','0d5a33869fea7c9d9780c472569e0418','7',7,7,7,2000,'S.114/302',NULL,NULL,NULL,0,NULL,'',15),(72,73,'Student',NULL,227,'Mamba, Mpinji',NULL,114,'P.O Box 7436, Moshi','Longuo B, KCMC',1,3,'g3DR','2016:07:19:10:44:40',1,1,16,'student_1.xml','0d5a33869fea7c9d9780c472569e0418','7',7,7,7,2000,'S.114/302',NULL,NULL,NULL,0,NULL,'',15),(73,74,'Student',NULL,227,'Mamba, Mpinji',NULL,114,'P.O Box 7436, Moshi','Longuo B, KCMC',1,3,'g3DR','2016:07:19:10:44:40',1,1,16,'student_1.xml','0d5a33869fea7c9d9780c472569e0418','7',7,7,7,2000,'S.114/302',NULL,NULL,NULL,0,NULL,'',15),(74,75,'Student',NULL,227,'Mamba, Mpinji',NULL,114,'P.O Box 7436, Moshi','Longuo B, KCMC',1,3,'g3DR','2016:07:19:10:44:40',1,1,16,'student_1.xml','0d5a33869fea7c9d9780c472569e0418','7',7,7,7,2000,'S.114/302',NULL,NULL,NULL,0,NULL,'',15),(75,76,'Student',NULL,227,'Mamba, Mpinji',NULL,114,'P.O Box 7436, Moshi','Longuo B, KCMC',1,3,'g3DR','2016:07:19:10:44:40',1,1,16,'student_1.xml','0d5a33869fea7c9d9780c472569e0418','7',7,7,7,2000,'S.114/302',NULL,NULL,NULL,0,NULL,'',15),(76,77,'Student',NULL,227,'Mamba, Mpinji',NULL,114,'P.O Box 7436, Moshi','Longuo B, KCMC',1,3,'g3DR','2016:07:19:10:44:40',1,1,16,'student_1.xml','0d5a33869fea7c9d9780c472569e0418','7',7,7,7,2000,'S.114/302',NULL,NULL,NULL,0,NULL,'',15),(77,78,'Student',NULL,227,'Mamba, Mpinji',NULL,114,'P.O Box 7436, Moshi','Longuo B, KCMC',1,3,'g3DR','2016:07:19:10:44:40',1,1,16,'student_1.xml','0d5a33869fea7c9d9780c472569e0418','7',7,7,7,2000,'S.114/302',NULL,NULL,NULL,0,NULL,'',15),(78,79,'Student',NULL,227,'Mamba, Mpinji',NULL,114,'P.O Box 7436, Moshi','Longuo B, KCMC',1,3,'g3DR','2016:07:19:10:44:40',1,1,16,'student_1.xml','0d5a33869fea7c9d9780c472569e0418','7',7,7,7,2000,'S.114/302',NULL,NULL,NULL,0,NULL,'',15),(79,80,'Student',NULL,227,'Mamba, Mpinji',NULL,114,'P.O Box 7436, Moshi','Longuo B, KCMC',1,3,'g3DR','2016:07:19:10:44:40',1,1,16,'student_1.xml','0d5a33869fea7c9d9780c472569e0418','7',7,7,7,2000,'S.114/302',NULL,NULL,NULL,0,NULL,'',15),(80,81,'Student',NULL,227,'Mamba, Mpinji',NULL,114,'P.O Box 7436, Moshi','Longuo B, KCMC',1,3,'g3DR','2016:07:19:10:44:40',1,1,16,'student_1.xml','0d5a33869fea7c9d9780c472569e0418','7',7,7,7,2000,'S.114/302',NULL,NULL,NULL,0,NULL,'',15),(81,82,'Student',NULL,227,'Mamba, Mpinji',NULL,114,'P.O Box 7436, Moshi','Longuo B, KCMC',1,3,'g3DR','2016:07:19:10:44:40',1,1,16,'student_1.xml','0d5a33869fea7c9d9780c472569e0418','7',7,7,7,2000,'S.114/302',NULL,NULL,NULL,0,NULL,'',15),(82,83,'Student',NULL,227,'Mamba, Mpinji',NULL,114,'P.O Box 7436, Moshi','Longuo B, KCMC',1,3,'g3DR','2016:07:19:10:44:40',1,1,16,'student_1.xml','0d5a33869fea7c9d9780c472569e0418','7',7,7,7,2000,'S.114/302',NULL,NULL,NULL,0,NULL,'',15),(83,84,'Student',NULL,227,'Mamba, Mpinji',NULL,114,'P.O Box 7436, Moshi','Longuo B, KCMC',1,3,'g3DR','2016:07:19:10:44:40',1,1,16,'student_1.xml','0d5a33869fea7c9d9780c472569e0418','7',7,7,7,2000,'S.114/302',NULL,NULL,NULL,0,NULL,'',15),(84,85,'Student',NULL,227,'Mamba, Mpinji',NULL,114,'P.O Box 7436, Moshi','Longuo B, KCMC',1,3,'g3DR','2016:07:19:10:44:40',1,1,16,'student_1.xml','0d5a33869fea7c9d9780c472569e0418','7',7,7,7,2000,'S.114/302',NULL,NULL,NULL,0,NULL,'',15),(85,86,'Student',NULL,227,'Mamba, Mpinji',NULL,114,'P.O Box 7436, Moshi','Longuo B, KCMC',1,3,'g3DR','2016:07:19:10:44:40',1,1,16,'student_1.xml','0d5a33869fea7c9d9780c472569e0418','7',7,7,7,2000,'S.114/302',NULL,NULL,NULL,0,NULL,'',15),(86,87,'Student',NULL,227,'Mamba, Mpinji',NULL,114,'P.O Box 7436, Moshi','Longuo B, KCMC',1,3,'g3DR','2016:07:19:10:44:40',1,1,16,'student_1.xml','0d5a33869fea7c9d9780c472569e0418','7',7,7,7,2000,'S.114/302',NULL,NULL,NULL,0,NULL,'',15),(87,88,'Student',NULL,227,'Mamba, Mpinji',NULL,114,'P.O Box 7436, Moshi','Longuo B, KCMC',1,3,'g3DR','2016:07:19:10:44:40',1,1,16,'student_1.xml','0d5a33869fea7c9d9780c472569e0418','7',7,7,7,2000,'S.114/302',NULL,NULL,NULL,0,NULL,'',15),(88,89,'Student',NULL,227,'Mamba, Mpinji',NULL,114,'P.O Box 7436, Moshi','Longuo B, KCMC',1,3,'g3DR','2016:07:19:10:44:40',1,1,16,'student_1.xml','0d5a33869fea7c9d9780c472569e0418','7',7,7,7,2000,'S.114/302',NULL,NULL,NULL,0,NULL,'',15),(89,90,'Student',NULL,227,'Mamba, Mpinji',NULL,114,'P.O Box 7436, Moshi','Longuo B, KCMC',1,3,'g3DR','2016:07:19:10:44:40',1,1,16,'student_1.xml','0d5a33869fea7c9d9780c472569e0418','7',7,7,7,2000,'S.114/302',NULL,NULL,NULL,0,NULL,'',15),(90,91,'Student',NULL,227,'Mamba, Mpinji',NULL,114,'P.O Box 7436, Moshi','Longuo B, KCMC',1,3,'g3DR','2016:07:19:10:44:40',1,1,16,'student_1.xml','0d5a33869fea7c9d9780c472569e0418','7',7,7,7,2000,'S.114/302',NULL,NULL,NULL,0,NULL,'',15),(91,92,'Student',NULL,227,'Mamba, Mpinji',NULL,114,'P.O Box 7436, Moshi','Longuo B, KCMC',1,3,'g3DR','2016:07:19:10:44:40',1,1,16,'student_1.xml','0d5a33869fea7c9d9780c472569e0418','7',7,7,7,2000,'S.114/302',NULL,NULL,NULL,0,NULL,'',15),(92,93,'Student',NULL,227,'Mamba, Mpinji',NULL,114,'P.O Box 7436, Moshi','Longuo B, KCMC',1,3,'g3DR','2016:07:19:10:44:40',1,1,16,'student_1.xml','0d5a33869fea7c9d9780c472569e0418','7',7,7,7,2000,'S.114/302',NULL,NULL,NULL,0,NULL,'',15),(93,94,'Student',NULL,227,'Mamba, Mpinji',NULL,114,'P.O Box 7436, Moshi','Longuo B, KCMC',1,3,'g3DR','2016:07:19:10:44:40',1,1,16,'student_1.xml','0d5a33869fea7c9d9780c472569e0418','7',7,7,7,2000,'S.114/302',NULL,NULL,NULL,0,NULL,'',15),(94,95,'Student',NULL,227,'Mamba, Mpinji',NULL,114,'P.O Box 7436, Moshi','Longuo B, KCMC',1,3,'g3DR','2016:07:19:10:44:40',1,1,16,'student_1.xml','0d5a33869fea7c9d9780c472569e0418','7',7,7,7,2000,'S.114/302',NULL,NULL,NULL,0,NULL,'',15),(95,96,'Student',NULL,227,'Mamba, Mpinji',NULL,114,'P.O Box 7436, Moshi','Longuo B, KCMC',1,3,'g3DR','2016:07:19:10:44:40',1,1,16,'student_1.xml','0d5a33869fea7c9d9780c472569e0418','7',7,7,7,2000,'S.114/302',NULL,NULL,NULL,0,NULL,'',15),(96,97,'Student',NULL,227,'Mamba, Mpinji',NULL,114,'P.O Box 7436, Moshi','Longuo B, KCMC',1,3,'g3DR','2016:07:19:10:44:40',1,1,16,'student_1.xml','0d5a33869fea7c9d9780c472569e0418','7',7,7,7,2000,'S.114/302',NULL,NULL,NULL,0,NULL,'',15),(97,98,'Student',NULL,227,'Mamba, Mpinji',NULL,114,'P.O Box 7436, Moshi','Longuo B, KCMC',1,3,'g3DR','2016:07:19:10:44:40',1,1,16,'student_1.xml','0d5a33869fea7c9d9780c472569e0418','7',7,7,7,2000,'S.114/302',NULL,NULL,NULL,0,NULL,'',15),(98,99,'Student',NULL,227,'Mamba, Mpinji',NULL,114,'P.O Box 7436, Moshi','Longuo B, KCMC',1,3,'g3DR','2016:07:19:10:44:40',1,1,16,'student_1.xml','0d5a33869fea7c9d9780c472569e0418','7',7,7,7,2000,'S.114/302',NULL,NULL,NULL,0,NULL,'',15),(99,100,'Student',NULL,227,'Mamba, Mpinji',NULL,114,'P.O Box 7436, Moshi','Longuo B, KCMC',1,3,'g3DR','2016:07:19:10:44:40',1,1,16,'student_1.xml','0d5a33869fea7c9d9780c472569e0418','7',7,7,7,2000,'S.114/302',NULL,NULL,NULL,0,NULL,'',15),(100,101,'Student',NULL,227,'Mamba, Mpinji',NULL,114,'P.O Box 7436, Moshi','Longuo B, KCMC',1,3,'g3DR','2016:07:19:10:44:40',1,1,16,'student_1.xml','0d5a33869fea7c9d9780c472569e0418','7',7,7,7,2000,'S.114/302',NULL,NULL,NULL,0,NULL,'',15),(101,102,'Student',NULL,227,'Mamba, Mpinji',NULL,114,'P.O Box 7436, Moshi','Longuo B, KCMC',1,3,'g3DR','2016:07:19:10:44:40',1,1,16,'student_1.xml','0d5a33869fea7c9d9780c472569e0418','7',7,7,7,2000,'S.114/302',NULL,NULL,NULL,0,NULL,'',15),(102,103,'Student',NULL,227,'Mamba, Mpinji',NULL,114,'P.O Box 7436, Moshi','Longuo B, KCMC',1,3,'g3DR','2016:07:19:10:44:40',1,1,16,'student_1.xml','0d5a33869fea7c9d9780c472569e0418','7',7,7,7,2000,'S.114/302',NULL,NULL,NULL,0,NULL,'',15),(103,104,'Student',NULL,227,'Mamba, Mpinji',NULL,114,'P.O Box 7436, Moshi','Longuo B, KCMC',1,3,'g3DR','2016:07:19:10:44:40',1,1,16,'student_1.xml','0d5a33869fea7c9d9780c472569e0418','7',7,7,7,2000,'S.114/302',NULL,NULL,NULL,0,NULL,'',15),(104,105,'Student',NULL,227,'Mamba, Mpinji',NULL,114,'P.O Box 7436, Moshi','Longuo B, KCMC',1,3,'g3DR','2016:07:19:10:44:40',1,1,16,'student_1.xml','0d5a33869fea7c9d9780c472569e0418','7',7,7,7,2000,'S.114/302',NULL,NULL,NULL,0,NULL,'',15),(105,106,'Student',NULL,227,'Mamba, Mpinji',NULL,114,'P.O Box 7436, Moshi','Longuo B, KCMC',1,3,'g3DR','2016:07:19:10:44:40',1,1,16,'student_1.xml','0d5a33869fea7c9d9780c472569e0418','7',7,7,7,2000,'S.114/302',NULL,NULL,NULL,0,NULL,'',15),(106,107,'Student',NULL,227,'Mamba, Mpinji',NULL,114,'P.O Box 7436, Moshi','Longuo B, KCMC',1,3,'g3DR','2016:07:19:10:44:40',1,1,16,'student_1.xml','0d5a33869fea7c9d9780c472569e0418','7',7,7,7,2000,'S.114/302',NULL,NULL,NULL,0,NULL,'',15),(107,108,'Student',NULL,227,'Mamba, Mpinji',NULL,114,'P.O Box 7436, Moshi','Longuo B, KCMC',1,3,'g3DR','2016:07:19:10:44:40',1,1,16,'student_1.xml','0d5a33869fea7c9d9780c472569e0418','7',7,7,7,2000,'S.114/302',NULL,NULL,NULL,0,NULL,'',15),(108,109,'Student',NULL,227,'Mamba, Mpinji',NULL,114,'P.O Box 7436, Moshi','Longuo B, KCMC',1,3,'g3DR','2016:07:19:10:44:40',1,1,16,'student_1.xml','0d5a33869fea7c9d9780c472569e0418','7',7,7,7,2000,'S.114/302',NULL,NULL,NULL,0,NULL,'',15),(109,110,'Student',NULL,227,'Mamba, Mpinji',NULL,114,'P.O Box 7436, Moshi','Longuo B, KCMC',1,3,'g3DR','2016:07:19:10:44:40',1,1,16,'student_1.xml','0d5a33869fea7c9d9780c472569e0418','7',7,7,7,2000,'S.114/302',NULL,NULL,NULL,0,NULL,'',15),(110,111,'Student',NULL,227,'Mamba, Mpinji',NULL,114,'P.O Box 7436, Moshi','Longuo B, KCMC',1,3,'g3DR','2016:07:19:10:44:40',1,1,16,'student_1.xml','0d5a33869fea7c9d9780c472569e0418','7',7,7,7,2000,'S.114/302',NULL,NULL,NULL,0,NULL,'',15),(111,112,'Student',NULL,227,'Mamba, Mpinji',NULL,114,'P.O Box 7436, Moshi','Longuo B, KCMC',1,3,'g3DR','2016:07:19:10:44:40',1,1,16,'student_1.xml','0d5a33869fea7c9d9780c472569e0418','7',7,7,7,2000,'S.114/302',NULL,NULL,NULL,0,NULL,'',15),(112,113,'Student',NULL,227,'Mamba, Mpinji',NULL,114,'P.O Box 7436, Moshi','Longuo B, KCMC',1,3,'g3DR','2016:07:19:10:44:40',1,1,16,'student_1.xml','0d5a33869fea7c9d9780c472569e0418','7',7,7,7,2000,'S.114/302',NULL,NULL,NULL,0,NULL,'',15),(113,114,'Student',NULL,227,'Mamba, Mpinji',NULL,114,'P.O Box 7436, Moshi','Longuo B, KCMC',1,3,'g3DR','2016:07:19:10:44:40',1,1,16,'student_1.xml','0d5a33869fea7c9d9780c472569e0418','7',7,7,7,2000,'S.114/302',NULL,NULL,NULL,0,NULL,'',15),(114,115,'Student',NULL,227,'Mamba, Mpinji',NULL,114,'P.O Box 7436, Moshi','Longuo B, KCMC',1,3,'g3DR','2016:07:19:10:44:40',1,1,16,'student_1.xml','0d5a33869fea7c9d9780c472569e0418','7',7,7,7,2000,'S.114/302',NULL,NULL,NULL,0,NULL,'',15),(115,116,'Student',NULL,227,'Mamba, Mpinji',NULL,114,'P.O Box 7436, Moshi','Longuo B, KCMC',1,3,'g3DR','2016:07:19:10:44:40',1,1,16,'student_1.xml','0d5a33869fea7c9d9780c472569e0418','7',7,7,7,2000,'S.114/302',NULL,NULL,NULL,0,NULL,'',15),(116,117,'Student',NULL,227,'Mamba, Mpinji',NULL,114,'P.O Box 7436, Moshi','Longuo B, KCMC',1,3,'g3DR','2016:07:19:10:44:40',1,1,16,'student_1.xml','0d5a33869fea7c9d9780c472569e0418','7',7,7,7,2000,'S.114/302',NULL,NULL,NULL,0,NULL,'',15),(117,118,'Student',NULL,227,'Mamba, Mpinji',NULL,114,'P.O Box 7436, Moshi','Longuo B, KCMC',1,3,'g3DR','2016:07:19:10:44:40',1,1,16,'student_1.xml','0d5a33869fea7c9d9780c472569e0418','7',7,7,7,2000,'S.114/302',NULL,NULL,NULL,0,NULL,'',15),(118,119,'Student',NULL,227,'Mamba, Mpinji',NULL,114,'P.O Box 7436, Moshi','Longuo B, KCMC',1,3,'g3DR','2016:07:19:10:44:40',1,1,16,'student_1.xml','0d5a33869fea7c9d9780c472569e0418','7',7,7,7,2000,'S.114/302',NULL,NULL,NULL,0,NULL,'',15),(119,120,'Student',NULL,227,'Mamba, Mpinji',NULL,114,'P.O Box 7436, Moshi','Longuo B, KCMC',1,3,'g3DR','2016:07:19:10:44:40',1,1,16,'student_1.xml','0d5a33869fea7c9d9780c472569e0418','7',7,7,7,2000,'S.114/302',NULL,NULL,NULL,0,NULL,'',15),(120,121,'Student',NULL,227,'Mamba, Mpinji',NULL,114,'P.O Box 7436, Moshi','Longuo B, KCMC',1,3,'g3DR','2016:07:19:10:44:40',1,1,16,'student_1.xml','0d5a33869fea7c9d9780c472569e0418','7',7,7,7,2000,'S.114/302',NULL,NULL,NULL,0,NULL,'',15),(121,122,'Student',NULL,227,'Mamba, Mpinji',NULL,114,'P.O Box 7436, Moshi','Longuo B, KCMC',1,3,'g3DR','2016:07:19:10:44:40',1,1,16,'student_1.xml','0d5a33869fea7c9d9780c472569e0418','7',7,7,7,2000,'S.114/302',NULL,NULL,NULL,0,NULL,'',15),(122,123,'Student',NULL,227,'Mamba, Mpinji',NULL,114,'P.O Box 7436, Moshi','Longuo B, KCMC',1,3,'g3DR','2016:07:19:10:44:40',1,1,16,'student_1.xml','0d5a33869fea7c9d9780c472569e0418','7',7,7,7,2000,'S.114/302',NULL,NULL,NULL,0,NULL,'',15),(123,124,'Student',NULL,227,'Mamba, Mpinji',NULL,114,'P.O Box 7436, Moshi','Longuo B, KCMC',1,3,'g3DR','2016:07:19:10:44:40',1,1,16,'student_1.xml','0d5a33869fea7c9d9780c472569e0418','7',7,7,7,2000,'S.114/302',NULL,NULL,NULL,0,NULL,'',15),(124,125,'Student',NULL,227,'Mamba, Mpinji',NULL,114,'P.O Box 7436, Moshi','Longuo B, KCMC',1,3,'g3DR','2016:07:19:10:44:40',1,1,16,'student_1.xml','0d5a33869fea7c9d9780c472569e0418','7',7,7,7,2000,'S.114/302',NULL,NULL,NULL,0,NULL,'',15),(125,126,'Student',NULL,227,'Mamba, Mpinji',NULL,114,'P.O Box 7436, Moshi','Longuo B, KCMC',1,3,'g3DR','2016:07:19:10:44:40',1,1,16,'student_1.xml','0d5a33869fea7c9d9780c472569e0418','7',7,7,7,2000,'S.114/302',NULL,NULL,NULL,0,NULL,'',15),(126,127,'Student',NULL,227,'Mamba, Mpinji',NULL,114,'P.O Box 7436, Moshi','Longuo B, KCMC',1,3,'g3DR','2016:07:19:10:44:40',1,1,16,'student_1.xml','0d5a33869fea7c9d9780c472569e0418','7',7,7,7,2000,'S.114/302',NULL,NULL,NULL,0,NULL,'',15),(127,128,'Student',NULL,227,'Mamba, Mpinji',NULL,114,'P.O Box 7436, Moshi','Longuo B, KCMC',1,3,'g3DR','2016:07:19:10:44:40',1,1,16,'student_1.xml','0d5a33869fea7c9d9780c472569e0418','7',7,7,7,2000,'S.114/302',NULL,NULL,NULL,0,NULL,'',15),(128,129,'Student',NULL,227,'Mamba, Mpinji',NULL,114,'P.O Box 7436, Moshi','Longuo B, KCMC',1,3,'g3DR','2016:07:19:10:44:40',1,1,16,'student_1.xml','0d5a33869fea7c9d9780c472569e0418','7',7,7,7,2000,'S.114/302',NULL,NULL,NULL,0,NULL,'',15),(129,130,'Student',NULL,227,'Mamba, Mpinji',NULL,114,'P.O Box 7436, Moshi','Longuo B, KCMC',1,3,'g3DR','2016:07:19:10:44:40',1,1,16,'student_1.xml','0d5a33869fea7c9d9780c472569e0418','7',7,7,7,2000,'S.114/302',NULL,NULL,NULL,0,NULL,'',15),(130,131,'Student',NULL,227,'Mamba, Mpinji',NULL,114,'P.O Box 7436, Moshi','Longuo B, KCMC',1,3,'g3DR','2016:07:19:10:44:40',1,1,16,'student_1.xml','0d5a33869fea7c9d9780c472569e0418','7',7,7,7,2000,'S.114/302',NULL,NULL,NULL,0,NULL,'',15),(131,132,'Student',NULL,227,'Mamba, Mpinji',NULL,114,'P.O Box 7436, Moshi','Longuo B, KCMC',1,3,'g3DR','2016:07:19:10:44:40',1,1,16,'student_1.xml','0d5a33869fea7c9d9780c472569e0418','7',7,7,7,2000,'S.114/302',NULL,NULL,NULL,0,NULL,'',15),(132,133,'Student',NULL,227,'Mamba, Mpinji',NULL,114,'P.O Box 7436, Moshi','Longuo B, KCMC',1,3,'g3DR','2016:07:19:10:44:40',1,1,16,'student_1.xml','0d5a33869fea7c9d9780c472569e0418','7',7,7,7,2000,'S.114/302',NULL,NULL,NULL,0,NULL,'',15),(133,134,'Student',NULL,227,'Mamba, Mpinji',NULL,114,'P.O Box 7436, Moshi','Longuo B, KCMC',1,3,'g3DR','2016:07:19:10:44:40',1,1,16,'student_1.xml','0d5a33869fea7c9d9780c472569e0418','7',7,7,7,2000,'S.114/302',NULL,NULL,NULL,0,NULL,'',15),(134,135,'Student',NULL,227,'Mamba, Mpinji',NULL,114,'P.O Box 7436, Moshi','Longuo B, KCMC',1,3,'g3DR','2016:07:19:10:44:40',1,1,16,'student_1.xml','0d5a33869fea7c9d9780c472569e0418','7',7,7,7,2000,'S.114/302',NULL,NULL,NULL,0,NULL,'',15),(135,136,'Student',NULL,227,'Mamba, Mpinji',NULL,114,'P.O Box 7436, Moshi','Longuo B, KCMC',1,3,'g3DR','2016:07:19:10:44:40',1,1,16,'student_1.xml','0d5a33869fea7c9d9780c472569e0418','7',7,7,7,2000,'S.114/302',NULL,NULL,NULL,0,NULL,'',15),(136,137,'Student',NULL,227,'Mamba, Mpinji',NULL,114,'P.O Box 7436, Moshi','Longuo B, KCMC',1,3,'g3DR','2016:07:19:10:44:40',1,1,16,'student_1.xml','0d5a33869fea7c9d9780c472569e0418','7',7,7,7,2000,'S.114/302',NULL,NULL,NULL,0,NULL,'',15),(137,138,'Student',NULL,227,'Mamba, Mpinji',NULL,114,'P.O Box 7436, Moshi','Longuo B, KCMC',1,3,'g3DR','2016:07:19:10:44:40',1,1,16,'student_1.xml','0d5a33869fea7c9d9780c472569e0418','7',7,7,7,2000,'S.114/302',NULL,NULL,NULL,0,NULL,'',15),(138,139,'Student',NULL,227,'Mamba, Mpinji',NULL,114,'P.O Box 7436, Moshi','Longuo B, KCMC',1,3,'g3DR','2016:07:19:10:44:40',1,1,16,'student_1.xml','0d5a33869fea7c9d9780c472569e0418','7',7,7,7,2000,'S.114/302',NULL,NULL,NULL,0,NULL,'',15),(139,140,'Student',NULL,227,'Mamba, Mpinji',NULL,114,'P.O Box 7436, Moshi','Longuo B, KCMC',1,3,'g3DR','2016:07:19:10:44:40',1,1,16,'student_1.xml','0d5a33869fea7c9d9780c472569e0418','7',7,7,7,2000,'S.114/302',NULL,NULL,NULL,0,NULL,'',15),(140,141,'Student',NULL,227,'Mamba, Mpinji',NULL,114,'P.O Box 7436, Moshi','Longuo B, KCMC',1,3,'g3DR','2016:07:19:10:44:40',1,1,16,'student_1.xml','0d5a33869fea7c9d9780c472569e0418','7',7,7,7,2000,'S.114/302',NULL,NULL,NULL,0,NULL,'',15),(141,142,'Student',NULL,227,'Mamba, Mpinji',NULL,114,'P.O Box 7436, Moshi','Longuo B, KCMC',1,3,'g3DR','2016:07:19:10:44:40',1,1,16,'student_1.xml','0d5a33869fea7c9d9780c472569e0418','7',7,7,7,2000,'S.114/302',NULL,NULL,NULL,0,NULL,'',15),(142,143,'Student',NULL,227,'Mamba, Mpinji',NULL,114,'P.O Box 7436, Moshi','Longuo B, KCMC',1,3,'g3DR','2016:07:19:10:44:40',1,1,16,'student_1.xml','0d5a33869fea7c9d9780c472569e0418','7',7,7,7,2000,'S.114/302',NULL,NULL,NULL,0,NULL,'',15),(143,144,'Student',NULL,227,'Mamba, Mpinji',NULL,114,'P.O Box 7436, Moshi','Longuo B, KCMC',1,3,'g3DR','2016:07:19:10:44:40',1,1,16,'student_1.xml','0d5a33869fea7c9d9780c472569e0418','7',7,7,7,2000,'S.114/302',NULL,NULL,NULL,0,NULL,'',15),(144,145,'Student',NULL,227,'Mamba, Mpinji',NULL,114,'P.O Box 7436, Moshi','Longuo B, KCMC',1,3,'g3DR','2016:07:19:10:44:40',1,1,16,'student_1.xml','0d5a33869fea7c9d9780c472569e0418','7',7,7,7,2000,'S.114/302',NULL,NULL,NULL,0,NULL,'',15),(145,146,'Student',NULL,227,'Mamba, Mpinji',NULL,114,'P.O Box 7436, Moshi','Longuo B, KCMC',1,3,'g3DR','2016:07:19:10:44:40',1,1,16,'student_1.xml','0d5a33869fea7c9d9780c472569e0418','7',7,7,7,2000,'S.114/302',NULL,NULL,NULL,0,NULL,'',15),(146,147,'Student',NULL,227,'Mamba, Mpinji',NULL,114,'P.O Box 7436, Moshi','Longuo B, KCMC',1,3,'g3DR','2016:07:19:10:44:40',1,1,16,'student_1.xml','0d5a33869fea7c9d9780c472569e0418','7',7,7,7,2000,'S.114/302',NULL,NULL,NULL,0,NULL,'',15),(147,148,'Student',NULL,227,'Mamba, Mpinji',NULL,114,'P.O Box 7436, Moshi','Longuo B, KCMC',1,3,'g3DR','2016:07:19:10:44:40',1,1,16,'student_1.xml','0d5a33869fea7c9d9780c472569e0418','7',7,7,7,2000,'S.114/302',NULL,NULL,NULL,0,NULL,'',15),(148,149,'Student',NULL,227,'Mamba, Mpinji',NULL,114,'P.O Box 7436, Moshi','Longuo B, KCMC',1,3,'g3DR','2016:07:19:10:44:40',1,1,16,'student_1.xml','0d5a33869fea7c9d9780c472569e0418','7',7,7,7,2000,'S.114/302',NULL,NULL,NULL,0,NULL,'',15),(149,150,'Student',NULL,227,'Mamba, Mpinji',NULL,114,'P.O Box 7436, Moshi','Longuo B, KCMC',1,3,'g3DR','2016:07:19:10:44:40',1,1,16,'student_1.xml','0d5a33869fea7c9d9780c472569e0418','7',7,7,7,2000,'S.114/302',NULL,NULL,NULL,0,NULL,'',15),(150,151,'Student',NULL,227,'Mamba, Mpinji',NULL,114,'P.O Box 7436, Moshi','Longuo B, KCMC',1,3,'g3DR','2016:07:19:10:44:40',1,1,16,'student_1.xml','0d5a33869fea7c9d9780c472569e0418','7',7,7,7,2000,'S.114/302',NULL,NULL,NULL,0,NULL,'',15),(151,152,'Student',NULL,227,'Mamba, Mpinji',NULL,114,'P.O Box 7436, Moshi','Longuo B, KCMC',1,3,'g3DR','2016:07:19:10:44:40',1,1,16,'student_1.xml','0d5a33869fea7c9d9780c472569e0418','7',7,7,7,2000,'S.114/302',NULL,NULL,NULL,0,NULL,'',15),(152,153,'Student',NULL,227,'Mamba, Mpinji',NULL,114,'P.O Box 7436, Moshi','Longuo B, KCMC',1,3,'g3DR','2016:07:19:10:44:40',1,1,16,'student_1.xml','0d5a33869fea7c9d9780c472569e0418','7',7,7,7,2000,'S.114/302',NULL,NULL,NULL,0,NULL,'',15),(153,154,'Student',NULL,227,'Mamba, Mpinji',NULL,114,'P.O Box 7436, Moshi','Longuo B, KCMC',1,3,'g3DR','2016:07:19:10:44:40',1,1,16,'student_1.xml','0d5a33869fea7c9d9780c472569e0418','7',7,7,7,2000,'S.114/302',NULL,NULL,NULL,0,NULL,'',15),(154,155,'Student',NULL,227,'Mamba, Mpinji',NULL,114,'P.O Box 7436, Moshi','Longuo B, KCMC',1,3,'g3DR','2016:07:19:10:44:40',1,1,16,'student_1.xml','0d5a33869fea7c9d9780c472569e0418','7',7,7,7,2000,'S.114/302',NULL,NULL,NULL,0,NULL,'',15),(155,156,'Student',NULL,227,'Mamba, Mpinji',NULL,114,'P.O Box 7436, Moshi','Longuo B, KCMC',1,3,'g3DR','2016:07:19:10:44:40',1,1,16,'student_1.xml','0d5a33869fea7c9d9780c472569e0418','7',7,7,7,2000,'S.114/302',NULL,NULL,NULL,0,NULL,'',15),(156,157,'Student',NULL,227,'Mamba, Mpinji',NULL,114,'P.O Box 7436, Moshi','Longuo B, KCMC',1,3,'g3DR','2016:07:19:10:44:40',1,1,16,'student_1.xml','0d5a33869fea7c9d9780c472569e0418','7',7,7,7,2000,'S.114/302',NULL,NULL,NULL,0,NULL,'',15),(157,158,'Student',NULL,227,'Mamba, Mpinji',NULL,114,'P.O Box 7436, Moshi','Longuo B, KCMC',1,3,'g3DR','2016:07:19:10:44:40',1,1,16,'student_1.xml','0d5a33869fea7c9d9780c472569e0418','7',7,7,7,2000,'S.114/302',NULL,NULL,NULL,0,NULL,'',15),(158,159,'Student',NULL,227,'Mamba, Mpinji',NULL,114,'P.O Box 7436, Moshi','Longuo B, KCMC',1,3,'g3DR','2016:07:19:10:44:40',1,1,16,'student_1.xml','0d5a33869fea7c9d9780c472569e0418','7',7,7,7,2000,'S.114/302',NULL,NULL,NULL,0,NULL,'',15),(159,160,'Student',NULL,227,'Mamba, Mpinji',NULL,114,'P.O Box 7436, Moshi','Longuo B, KCMC',1,3,'g3DR','2016:07:19:10:44:40',1,1,16,'student_1.xml','0d5a33869fea7c9d9780c472569e0418','7',7,7,7,2000,'S.114/302',NULL,NULL,NULL,0,NULL,'',15),(160,161,'Student',NULL,227,'Mamba, Mpinji',NULL,114,'P.O Box 7436, Moshi','Longuo B, KCMC',1,3,'g3DR','2016:07:19:10:44:40',1,1,16,'student_1.xml','0d5a33869fea7c9d9780c472569e0418','7',7,7,7,2000,'S.114/302',NULL,NULL,NULL,0,NULL,'',15),(161,162,'Student',NULL,227,'Mamba, Mpinji',NULL,114,'P.O Box 7436, Moshi','Longuo B, KCMC',1,3,'g3DR','2016:07:19:10:44:40',1,1,16,'student_1.xml','0d5a33869fea7c9d9780c472569e0418','7',7,7,7,2000,'S.114/302',NULL,NULL,NULL,0,NULL,'',15),(162,163,'Student',NULL,227,'Mamba, Mpinji',NULL,114,'P.O Box 7436, Moshi','Longuo B, KCMC',1,3,'g3DR','2016:07:19:10:44:40',1,1,16,'student_1.xml','0d5a33869fea7c9d9780c472569e0418','7',7,7,7,2000,'S.114/302',NULL,NULL,NULL,0,NULL,'',15),(163,164,'Student',NULL,227,'Mamba, Mpinji',NULL,114,'P.O Box 7436, Moshi','Longuo B, KCMC',1,3,'g3DR','2016:07:19:10:44:40',1,1,16,'student_1.xml','0d5a33869fea7c9d9780c472569e0418','7',7,7,7,2000,'S.114/302',NULL,NULL,NULL,0,NULL,'',15),(164,165,'Student',NULL,227,'Mamba, Mpinji',NULL,114,'P.O Box 7436, Moshi','Longuo B, KCMC',1,3,'g3DR','2016:07:19:10:44:40',1,1,16,'student_1.xml','0d5a33869fea7c9d9780c472569e0418','7',7,7,7,2000,'S.114/302',NULL,NULL,NULL,0,NULL,'',15),(165,166,'Student',NULL,227,'Mamba, Mpinji',NULL,114,'P.O Box 7436, Moshi','Longuo B, KCMC',1,3,'g3DR','2016:07:19:10:44:40',1,1,16,'student_1.xml','0d5a33869fea7c9d9780c472569e0418','7',7,7,7,2000,'S.114/302',NULL,NULL,NULL,0,NULL,'',15),(166,167,'Student',NULL,227,'Mamba, Mpinji',NULL,114,'P.O Box 7436, Moshi','Longuo B, KCMC',1,3,'g3DR','2016:07:19:10:44:40',1,1,16,'student_1.xml','0d5a33869fea7c9d9780c472569e0418','7',7,7,7,2000,'S.114/302',NULL,NULL,NULL,0,NULL,'',15),(167,168,'Student',NULL,227,'Mamba, Mpinji',NULL,114,'P.O Box 7436, Moshi','Longuo B, KCMC',1,3,'g3DR','2016:07:19:10:44:40',1,1,16,'student_1.xml','0d5a33869fea7c9d9780c472569e0418','7',7,7,7,2000,'S.114/302',NULL,NULL,NULL,0,NULL,'',15),(168,169,'Student',NULL,227,'Mamba, Mpinji',NULL,114,'P.O Box 7436, Moshi','Longuo B, KCMC',1,3,'g3DR','2016:07:19:10:44:40',1,1,16,'student_1.xml','0d5a33869fea7c9d9780c472569e0418','7',7,7,7,2000,'S.114/302',NULL,NULL,NULL,0,NULL,'',15),(169,170,'Student',NULL,227,'Mamba, Mpinji',NULL,114,'P.O Box 7436, Moshi','Longuo B, KCMC',1,3,'g3DR','2016:07:19:10:44:40',1,1,16,'student_1.xml','0d5a33869fea7c9d9780c472569e0418','7',7,7,7,2000,'S.114/302',NULL,NULL,NULL,0,NULL,'',15),(170,171,'Student',NULL,227,'Mamba, Mpinji',NULL,114,'P.O Box 7436, Moshi','Longuo B, KCMC',1,3,'g3DR','2016:07:19:10:44:40',1,1,16,'student_1.xml','0d5a33869fea7c9d9780c472569e0418','7',7,7,7,2000,'S.114/302',NULL,NULL,NULL,0,NULL,'',15),(171,172,'Student',NULL,227,'Mamba, Mpinji',NULL,114,'P.O Box 7436, Moshi','Longuo B, KCMC',1,3,'g3DR','2016:07:19:10:44:40',1,1,16,'student_1.xml','0d5a33869fea7c9d9780c472569e0418','7',7,7,7,2000,'S.114/302',NULL,NULL,NULL,0,NULL,'',15),(172,173,'Student',NULL,227,'Mamba, Mpinji',NULL,114,'P.O Box 7436, Moshi','Longuo B, KCMC',1,3,'g3DR','2016:07:19:10:44:40',1,1,16,'student_1.xml','0d5a33869fea7c9d9780c472569e0418','7',7,7,7,2000,'S.114/302',NULL,NULL,NULL,0,NULL,'',15),(173,174,'Student',NULL,227,'Mamba, Mpinji',NULL,114,'P.O Box 7436, Moshi','Longuo B, KCMC',1,3,'g3DR','2016:07:19:10:44:40',1,1,16,'student_1.xml','0d5a33869fea7c9d9780c472569e0418','7',7,7,7,2000,'S.114/302',NULL,NULL,NULL,0,NULL,'',15),(174,175,'Student',NULL,227,'Mamba, Mpinji',NULL,114,'P.O Box 7436, Moshi','Longuo B, KCMC',1,3,'g3DR','2016:07:19:10:44:40',1,1,16,'student_1.xml','0d5a33869fea7c9d9780c472569e0418','7',7,7,7,2000,'S.114/302',NULL,NULL,NULL,0,NULL,'',15),(175,176,'Student',NULL,227,'Mamba, Mpinji',NULL,114,'P.O Box 7436, Moshi','Longuo B, KCMC',1,3,'g3DR','2016:07:19:10:44:40',1,1,16,'student_1.xml','0d5a33869fea7c9d9780c472569e0418','7',7,7,7,2000,'S.114/302',NULL,NULL,NULL,0,NULL,'',15),(176,177,'Student',NULL,227,'Mamba, Mpinji',NULL,114,'P.O Box 7436, Moshi','Longuo B, KCMC',1,3,'g3DR','2016:07:19:10:44:40',1,1,16,'student_1.xml','0d5a33869fea7c9d9780c472569e0418','7',7,7,7,2000,'S.114/302',NULL,NULL,NULL,0,NULL,'',15),(177,178,'Student',NULL,227,'Mamba, Mpinji',NULL,114,'P.O Box 7436, Moshi','Longuo B, KCMC',1,3,'g3DR','2016:07:19:10:44:40',1,1,16,'student_1.xml','0d5a33869fea7c9d9780c472569e0418','7',7,7,7,2000,'S.114/302',NULL,NULL,NULL,0,NULL,'',15),(178,179,'Student',NULL,227,'Mamba, Mpinji',NULL,114,'P.O Box 7436, Moshi','Longuo B, KCMC',1,3,'g3DR','2016:07:19:10:44:40',1,1,16,'student_1.xml','0d5a33869fea7c9d9780c472569e0418','7',7,7,7,2000,'S.114/302',NULL,NULL,NULL,0,NULL,'',15),(179,180,'Student',NULL,227,'Mamba, Mpinji',NULL,114,'P.O Box 7436, Moshi','Longuo B, KCMC',1,3,'g3DR','2016:07:19:10:44:40',1,1,16,'student_1.xml','0d5a33869fea7c9d9780c472569e0418','7',7,7,7,2000,'S.114/302',NULL,NULL,NULL,0,NULL,'',15),(180,181,'Student',NULL,227,'Mamba, Mpinji',NULL,114,'P.O Box 7436, Moshi','Longuo B, KCMC',1,3,'g3DR','2016:07:19:10:44:40',1,1,16,'student_1.xml','0d5a33869fea7c9d9780c472569e0418','7',7,7,7,2000,'S.114/302',NULL,NULL,NULL,0,NULL,'',15),(181,182,'Student',NULL,227,'Mamba, Mpinji',NULL,114,'P.O Box 7436, Moshi','Longuo B, KCMC',1,3,'g3DR','2016:07:19:10:44:40',1,1,16,'student_1.xml','0d5a33869fea7c9d9780c472569e0418','7',7,7,7,2000,'S.114/302',NULL,NULL,NULL,0,NULL,'',15),(182,183,'Student',NULL,227,'Mamba, Mpinji',NULL,114,'P.O Box 7436, Moshi','Longuo B, KCMC',1,3,'g3DR','2016:07:19:10:44:40',1,1,16,'student_1.xml','0d5a33869fea7c9d9780c472569e0418','7',7,7,7,2000,'S.114/302',NULL,NULL,NULL,0,NULL,'',15),(183,184,'Student',NULL,227,'Mamba, Mpinji',NULL,114,'P.O Box 7436, Moshi','Longuo B, KCMC',1,3,'g3DR','2016:07:19:10:44:40',1,1,16,'student_1.xml','0d5a33869fea7c9d9780c472569e0418','7',7,7,7,2000,'S.114/302',NULL,NULL,NULL,0,NULL,'',15),(184,185,'Student',NULL,227,'Mamba, Mpinji',NULL,114,'P.O Box 7436, Moshi','Longuo B, KCMC',1,3,'g3DR','2016:07:19:10:44:40',1,1,16,'student_1.xml','0d5a33869fea7c9d9780c472569e0418','7',7,7,7,2000,'S.114/302',NULL,NULL,NULL,0,NULL,'',15),(185,186,'Student',NULL,227,'Mamba, Mpinji',NULL,114,'P.O Box 7436, Moshi','Longuo B, KCMC',1,3,'g3DR','2016:07:19:10:44:40',1,1,16,'student_1.xml','0d5a33869fea7c9d9780c472569e0418','7',7,7,7,2000,'S.114/302',NULL,NULL,NULL,0,NULL,'',15),(186,187,'Student',NULL,227,'Mamba, Mpinji',NULL,114,'P.O Box 7436, Moshi','Longuo B, KCMC',1,3,'g3DR','2016:07:19:10:44:40',1,1,16,'student_1.xml','0d5a33869fea7c9d9780c472569e0418','7',7,7,7,2000,'S.114/302',NULL,NULL,NULL,0,NULL,'',15),(187,188,'Student',NULL,227,'Mamba, Mpinji',NULL,114,'P.O Box 7436, Moshi','Longuo B, KCMC',1,3,'g3DR','2016:07:19:10:44:40',1,1,16,'student_1.xml','0d5a33869fea7c9d9780c472569e0418','7',7,7,7,2000,'S.114/302',NULL,NULL,NULL,0,NULL,'',15),(188,189,'Student',NULL,227,'Mamba, Mpinji',NULL,114,'P.O Box 7436, Moshi','Longuo B, KCMC',1,3,'g3DR','2016:07:19:10:44:40',1,1,16,'student_1.xml','0d5a33869fea7c9d9780c472569e0418','7',7,7,7,2000,'S.114/302',NULL,NULL,NULL,0,NULL,'',15),(189,190,'Student',NULL,227,'Mamba, Mpinji',NULL,114,'P.O Box 7436, Moshi','Longuo B, KCMC',1,3,'g3DR','2016:07:19:10:44:40',1,1,16,'student_1.xml','0d5a33869fea7c9d9780c472569e0418','7',7,7,7,2000,'S.114/302',NULL,NULL,NULL,0,NULL,'',15),(190,191,'Student',NULL,227,'Mamba, Mpinji',NULL,114,'P.O Box 7436, Moshi','Longuo B, KCMC',1,3,'g3DR','2016:07:19:10:44:40',1,1,16,'student_1.xml','0d5a33869fea7c9d9780c472569e0418','7',7,7,7,2000,'S.114/302',NULL,NULL,NULL,0,NULL,'',15),(191,192,'Student',NULL,227,'Mamba, Mpinji',NULL,114,'P.O Box 7436, Moshi','Longuo B, KCMC',1,3,'g3DR','2016:07:19:10:44:40',1,1,16,'student_1.xml','0d5a33869fea7c9d9780c472569e0418','7',7,7,7,2000,'S.114/302',NULL,NULL,NULL,0,NULL,'',15),(192,193,'Student',NULL,227,'Mamba, Mpinji',NULL,114,'P.O Box 7436, Moshi','Longuo B, KCMC',1,3,'g3DR','2016:07:19:10:44:40',1,1,16,'student_1.xml','0d5a33869fea7c9d9780c472569e0418','7',7,7,7,2000,'S.114/302',NULL,NULL,NULL,0,NULL,'',15),(193,194,'Student',NULL,227,'Mamba, Mpinji',NULL,114,'P.O Box 7436, Moshi','Longuo B, KCMC',1,3,'g3DR','2016:07:19:10:44:40',1,1,16,'student_1.xml','0d5a33869fea7c9d9780c472569e0418','7',7,7,7,2000,'S.114/302',NULL,NULL,NULL,0,NULL,'',15),(194,195,'Student',NULL,227,'Mamba, Mpinji',NULL,114,'P.O Box 7436, Moshi','Longuo B, KCMC',1,3,'g3DR','2016:07:19:10:44:40',1,1,16,'student_1.xml','0d5a33869fea7c9d9780c472569e0418','7',7,7,7,2000,'S.114/302',NULL,NULL,NULL,0,NULL,'',15),(195,196,'Student',NULL,227,'Mamba, Mpinji',NULL,114,'P.O Box 7436, Moshi','Longuo B, KCMC',1,3,'g3DR','2016:07:19:10:44:40',1,1,16,'student_1.xml','0d5a33869fea7c9d9780c472569e0418','7',7,7,7,2000,'S.114/302',NULL,NULL,NULL,0,NULL,'',15),(196,197,'Student',NULL,227,'Mamba, Mpinji',NULL,114,'P.O Box 7436, Moshi','Longuo B, KCMC',1,3,'g3DR','2016:07:19:10:44:40',1,1,16,'student_1.xml','0d5a33869fea7c9d9780c472569e0418','7',7,7,7,2000,'S.114/302',NULL,NULL,NULL,0,NULL,'',15),(197,198,'Student',NULL,227,'Mamba, Mpinji',NULL,114,'P.O Box 7436, Moshi','Longuo B, KCMC',1,3,'g3DR','2016:07:19:10:44:40',1,1,16,'student_1.xml','0d5a33869fea7c9d9780c472569e0418','7',7,7,7,2000,'S.114/302',NULL,NULL,NULL,0,NULL,'',15),(198,199,'Student',NULL,227,'Mamba, Mpinji',NULL,114,'P.O Box 7436, Moshi','Longuo B, KCMC',1,3,'g3DR','2016:07:19:10:44:40',1,1,16,'student_1.xml','0d5a33869fea7c9d9780c472569e0418','7',7,7,7,2000,'S.114/302',NULL,NULL,NULL,0,NULL,'',15),(199,200,'Student',NULL,227,'Mamba, Mpinji',NULL,114,'P.O Box 7436, Moshi','Longuo B, KCMC',1,3,'g3DR','2016:07:19:10:44:40',1,1,16,'student_1.xml','0d5a33869fea7c9d9780c472569e0418','7',7,7,7,2000,'S.114/302',NULL,NULL,NULL,0,NULL,'',15),(200,201,'Student',NULL,227,'Mamba, Mpinji',NULL,114,'P.O Box 7436, Moshi','Longuo B, KCMC',1,3,'g3DR','2016:07:19:10:44:40',1,1,16,'student_1.xml','0d5a33869fea7c9d9780c472569e0418','7',7,7,7,2000,'S.114/302',NULL,NULL,NULL,0,NULL,'',15),(201,202,'Student',NULL,227,'Mamba, Mpinji',NULL,114,'P.O Box 7436, Moshi','Longuo B, KCMC',1,3,'g3DR','2016:07:19:10:44:40',1,1,16,'student_1.xml','0d5a33869fea7c9d9780c472569e0418','7',7,7,7,2000,'S.114/302',NULL,NULL,NULL,0,NULL,'',15),(202,204,'Student',NULL,227,'Mamba, Mpinji',NULL,114,'P.O Box 3010 Moshi','No 45 Moshi',0,4,'7Oim','2016:07:25:13:14:37',1,1,16,'student_202.xml','c57bfff3422cdb480e383e2198524b7a','7',7,7,7,1999,'S.567/567',NULL,NULL,NULL,0,NULL,'',15),(203,212,NULL,NULL,NULL,NULL,NULL,NULL,NULL,NULL,0,NULL,'o11Y','0000:00:00:00:00:00',0,0,4,'student_203.xml',NULL,NULL,NULL,NULL,NULL,0,NULL,NULL,NULL,NULL,0,NULL,NULL,14),(204,214,NULL,NULL,NULL,NULL,NULL,NULL,NULL,NULL,0,NULL,'GaAf','0000:00:00:00:00:00',0,0,2,NULL,NULL,NULL,NULL,NULL,NULL,0,NULL,NULL,NULL,NULL,0,NULL,NULL,15);
/*!40000 ALTER TABLE `students` ENABLE KEYS */;
UNLOCK TABLES;

--
-- Table structure for table `subject`
--

DROP TABLE IF EXISTS `subject`;
/*!40101 SET @saved_cs_client     = @@character_set_client */;
/*!40101 SET character_set_client = utf8 */;
CREATE TABLE `subject` (
  `subjectId` int(10) unsigned NOT NULL AUTO_INCREMENT,
  `subjectName` varchar(48) NOT NULL,
  `subjectCode` varchar(12) NOT NULL,
  `lectureHours` int(4) NOT NULL DEFAULT '0',
  `lectureUnits` int(4) NOT NULL DEFAULT '0',
  `practicalHours` int(4) NOT NULL DEFAULT '0',
  `practicalUnits` int(4) NOT NULL DEFAULT '0',
  `extraFilter` varchar(32) DEFAULT NULL,
  `extraInformation` varchar(64) DEFAULT NULL,
  `flags` int(5) NOT NULL DEFAULT '15',
  PRIMARY KEY (`subjectId`),
  UNIQUE KEY `subjectCode` (`subjectCode`)
) ENGINE=InnoDB AUTO_INCREMENT=127 DEFAULT CHARSET=latin1;
/*!40101 SET character_set_client = @saved_cs_client */;

--
-- Dumping data for table `subject`
--

LOCK TABLES `subject` WRITE;
/*!40000 ALTER TABLE `subject` DISABLE KEYS */;
INSERT INTO `subject` VALUES (1,'Introduction to Geology','GET04101',1,1,1,1,'FYB6jmy6','',15),(2,'Health, Safety and Environment','GET04102',1,1,1,1,'f1Czeizy','',15),(3,'Principles of Land Surveying','GET04103',1,1,1,1,'4kTUHHlX','',15),(4,'Structural Geology','GET04104',1,1,1,1,'Cw6zNnU4','',15),(6,'Basics of Mechanics','MIT04102',1,1,1,1,'e08QpBA3','',15),(8,'Technical Drawing','TDT04104',1,1,1,1,'CvBeFsrS','',15),(9,'Geological Mapping','GET04201',1,1,1,1,'LbxPpd6S','',15),(10,'Geo-Laboratory Technology','GET04202',1,1,1,1,'mxOUFnvR','',15),(11,'Environment Hazards Monitoring','GET04203',1,1,1,1,'BoK5cPXb','',15),(13,'Vibrations and Waves','PHT04202',1,1,1,1,'k4ADGMuM','',15),(14,'Communication Skills','CST04203',1,1,1,1,'PreYIEvA','',15),(15,'Introduction to Entrepreneurship','EDT04204',1,1,1,1,'Ouyq6x4Q','',15),(16,'Computer Aided Drafting','CAT04205',1,1,1,1,'fDVNJZsw','',15),(17,'Industrial Practical Training (IPT)','GET04204',1,1,1,1,'hn5sfoig','',15),(18,'Economic Geology','GET05101',1,1,1,1,'ABFimfmY','',15),(19,'Petrology','GET05102',1,1,1,1,'qcbDRF0d','',15),(20,'Exploration Geochemistry','GET05103',1,1,1,1,'hnacLwvz','',15),(21,'Control Surveying','GET05104',1,1,1,1,'UQmMOyAN','',15),(22,'Calculus and Numerical Methods','MTT05101',1,1,1,1,'4mw5Lv0D','',15),(23,'Electricity and Magnetism','PHT05102',1,1,1,1,'uGnTm8vP','',15),(25,'Technical Report Writing','TRT05104',1,1,1,1,'aLeYvsLl','',15),(26,'Exploration Drilling','GET05201',1,1,1,1,'LUjHdvbP','',15),(27,'Gemology','GET05202',1,1,1,1,'YocU6NdV','',15),(28,'Exploration Geophysics','GET05203',1,1,1,1,'cqymnw5a','',15),(29,'Ore Dilution and Production Control','MNT05203',1,1,1,1,'cM7NNqxf','',15),(30,'Indrustrial Practical Training','GET05204',1,1,1,1,'JaEZ7fkY','',15),(31,'Atomic Structure and Radioactivity','CHT05201',1,1,1,1,'xnTF5Lc3','',15),(32,'Communication and Business Correspondences','CST05202',1,1,1,1,'m8AAsHUf','',15),(33,'Venture Creation and Business Plans','EDT05203',1,1,1,1,'YcvuYPdj','',15),(34,'Mining Geology and Grade Control','GET06101',1,1,1,1,'vzdbkUpE','',15),(35,'Mining Geology Software','GET06102',1,1,1,1,'7uWvYvEK','',15),(36,'Mine Surveying','GET06103',1,1,1,1,'vHTPMiuI','',15),(37,'Linear Programming and Critical Path Methods','MTT06101',1,1,1,1,'pYNTtZEj','',15),(38,'Heat and Thermodynamics','PHT06102',1,1,1,1,'A3prPnTg','',15),(39,'Introduction to Information Technology','CTT06103',1,1,1,1,'MGtezcZk','',15),(40,'Mineral Exploration Project Management','GET06201',1,1,1,1,'REUAWWZ7','',15),(41,'GIS Database Creation and Usage','GET06202',1,1,1,1,'fIFjScL8','',15),(42,'Legal Framework in Mining','MNT05202',1,1,1,1,'p5E2XD80','',15),(43,'Final Year Project','GET06203',1,1,1,1,'5wzvVZPv','',15),(44,'Probability and Statistics','MTT06201',1,1,1,1,'3Ldsy2Bm','',15),(45,'Entrepreneurship Creativity and Innovation','EDT06202',1,1,1,1,'2ykFAvel','',15),(46,'Health, Safety and Enviroment','PGT04101',1,1,1,1,'6vs3GT8k','',15),(47,'Elements of Petroleum Geology','PGT04102',1,1,1,1,'Q4kTiptP','',15),(48,'Petroleum Structural Geology','PGT04103',1,1,1,1,'gJyKso3J','',15),(51,'Introduction to Geology','GETT04101',1,1,1,1,'NRQBZ3U0','',15),(53,'Algebra and Geometry','MTT04101',1,1,1,1,'i7DOxhr6','',15),(54,'Basics of Mechanics','PHT04102',1,1,1,1,'dVZeO7t2','',15),(55,'Computer Applications','CTT04103',1,1,1,1,'guDR37Hy','',15),(58,'Introduction to Palaeontology','PGT04201',1,1,1,1,'WitdRgpp','',15),(59,'Sedimentology and Stratigraphy','PGT04202',1,1,1,1,'TEhRwxhs','',15),(60,'Trigonometry and Complex Numbers','MTT04201',1,1,1,1,'Iw9uVH5P','',15),(62,'Industrial Practical Training (IPT)','PGT04204',1,1,1,1,'WQ2CXJtB','',15),(63,'Seismic Fundametals and Refraction Methods','PGT05101',1,1,1,1,'OhE1PMc7','',15),(64,'Seismic Reflection Acquisition and processing','PGT05102',1,1,1,1,'U3gMnwYc','',15),(65,'Petroleum Geochemistry','PGT05103',1,1,1,1,'6bU6ov9H','',15),(68,'Computer Networks and Database systems','CTT05103',1,1,1,1,'GktTHpBi','',15),(70,'Inorganic Chemistry','CHT05105',1,1,1,1,'AFHhCiiV','',15),(71,'Physical Chemistry','CHT05106',1,1,1,1,'2KeF9uCK','',15),(72,'Gravity and Magnetic Methods','PGT05201',1,1,1,1,'Pt2SoaAg','',15),(73,'Geo-Electric Methods','PGT05202',1,1,1,1,'HyRD55Xc','',15),(74,'Petrophysics and Well Logging','PGT05203',1,1,1,1,'pKtH0Ztk','',15),(75,'Petroleum Geochemistry','PGT05204',1,1,1,1,'IOAOSETn','',15),(76,'Industrial Practical Training','PGT05205',1,1,1,1,'luZJsNX6','',15),(77,'Organic Chemistry','CHT05202',1,1,1,1,'3xpdvbqg','',15),(78,'Sequence Stratigraphy','PGT06101',1,1,1,1,'86xt97D7','',15),(79,'Seismic Interpretation','PGT06102',1,1,1,1,'uyOc1lEs','',15),(80,'Principles of Basin Analysis','PGT06103',1,1,1,1,'3Ze6traR','',15),(81,'Introduction to Reservoir Engineering','PGT06104',1,1,1,1,'AbyWg9Y3','',15),(84,'Introduction to Drilling Engineering','PGT06201',1,1,1,1,'SivrWQWg','',15),(85,'Coring and Core Analysis','PGT06202',1,1,1,1,'9nLBlPya','',15),(86,'Geo-Information Management System','PGT06203',1,1,1,1,'SHpcAWWo','',15),(87,'Basics of Management and Legal Framework','PGT06204',1,1,1,1,'P1dYqUQF','',15),(88,'Final Year Project','PGT06205',1,1,1,1,'J4UGAu1K','',15),(89,'Entrepreneurial Creativity and Innovation','EDT06203',1,1,1,1,'lDg4Psdn','',15),(90,'Basics in Mining Engineering','MNT04101',1,1,1,1,'6N6Y5QlE','',15),(91,'Surface Mining Methods','MNT04102',1,1,1,1,'YBHBA3Nx','',15),(92,'Rock Properties for Drilling and Blasting','MNT04103',1,1,1,1,'iEHFVn1J','',15),(93,'Drilling Machine Operations and Maintainance','MNT04104',1,1,1,1,'PGQVQzLY','',15),(94,'Basics in Mineral Processing','MPT04101',1,1,1,1,'ktS67nN1','',15),(96,'Techinical Drawing','TDT04106',1,1,1,1,'cfFeDPEw','',15),(97,'Drilling and Blasting Practices in Mine and ..','MNT04201',1,1,1,1,'GbuThTV7','Drilling and Blasting Practices in Mine and Civil Work',15),(98,'Mine Equipment Operations and Maintainance','MNT04202',1,1,1,1,'TfYo6WZd','',15),(99,'Safety Practices in Mine and Civil Work','MNT04203',1,1,1,1,'ZeNwbOLN','',15),(100,'Risk and Disaster Management in Mine Work','MNT04204',1,1,1,1,'KTH0idZC','',15),(101,'Industrial Practical Training','MNT04205',1,1,1,1,'TZsBaWqr','',15),(102,'Principles of Land Surveying','GET04205',1,1,1,1,'chM5zIP0','',15),(103,'Rock Excavation Engineering','MNT05101',1,1,1,1,'Y1UkvvSt','',15),(104,'Rock Mechanics','MNT05102',1,1,1,1,'5jYrCnxS','',15),(105,'Underground Mine Support Installation','MNT05103',1,1,1,1,'rA3HNMwu','',15),(108,'Team Management Skills','MNT05201',1,1,1,1,'DBlVUZep','',15),(111,'Industrial Practical Training','MNT05204',1,1,1,1,'FiFcClw0','',15),(112,'Underground Mining Methods','MNT06101',1,1,1,1,'KN3sgBTI','',15),(113,'Mine Ventilation and Air Conditioning','MNT06102',1,1,1,1,'jfumIHq6','',15),(114,'Waste Dumps, Stockpiles and Tailings Dam Design','MNT06103',1,1,1,1,'QqObvpej','',15),(115,'Mine Transportation','MNT06201',1,1,1,1,'46MHou34','',15),(116,'Supervisory Skills in Mining Industry','MNT06202',1,1,1,1,'M19D6GE8','',15),(117,'Mine Design Software','MNT06203',1,1,1,1,'GWFLoKMf','',15),(118,'Mining Engineering Projects','MNT06204',1,1,1,1,'yA5O1qba','',15),(119,'Basics of Mineral Economics and Finance','MPT06203',1,1,1,1,'9J9xKtBE','',15),(120,'Sampling and Assaying','MPT04102',1,1,1,1,'cr4iNF33','',15),(121,'Envi Health & Safety in Lab & Plant Operations ','MPT04103',1,1,1,1,'FbdLUclp','Environmental Health & Safety in Laboratory and Plant Operations',15),(122,'Communication and Classification','MPT04201',1,1,1,1,'CqmFXo69','',15),(124,'Dewatering and Tailing disposal','MPT04203',1,1,1,1,'jaQGxmiY','',15),(125,'Industrial Practical Training','MPT04204',1,1,1,1,'au0QiJQh','',15),(126,'Mineral Processing Lab 1','MPT04202',1,1,1,1,'AF0CArT1','',15);
/*!40000 ALTER TABLE `subject` ENABLE KEYS */;
UNLOCK TABLES;

--
-- Table structure for table `systemPolicy`
--

DROP TABLE IF EXISTS `systemPolicy`;
/*!40101 SET @saved_cs_client     = @@character_set_client */;
/*!40101 SET character_set_client = utf8 */;
CREATE TABLE `systemPolicy` (
  `policyId` int(10) unsigned NOT NULL AUTO_INCREMENT,
  `className` varchar(64) NOT NULL,
  `policyCaption` varchar(96) NOT NULL,
  `root` tinyint(1) NOT NULL DEFAULT '0',
  `extraFilter` varchar(32) DEFAULT NULL,
  `extraInformation` varchar(64) DEFAULT NULL,
  `flags` int(5) NOT NULL DEFAULT '15',
  PRIMARY KEY (`policyId`),
  UNIQUE KEY `className` (`className`)
) ENGINE=InnoDB AUTO_INCREMENT=53 DEFAULT CHARSET=latin1;
/*!40101 SET character_set_client = @saved_cs_client */;

--
-- Dumping data for table `systemPolicy`
--

LOCK TABLES `systemPolicy` WRITE;
/*!40000 ALTER TABLE `systemPolicy` DISABLE KEYS */;
INSERT INTO `systemPolicy` VALUES (1,'systemPolicy','systemPolicy',1,NULL,NULL,65535),(2,'Reserved','Reserved',1,NULL,NULL,65535),(3,'DaysOfAWeek','DaysOfAWeek',0,NULL,NULL,65535),(4,'MonthOfAYear','MonthOfAYear',0,NULL,NULL,65535),(5,'Theme','Theme',0,NULL,NULL,65535),(6,'Country','Country',0,NULL,NULL,65535),(7,'Profile','Profile',0,NULL,NULL,65535),(8,'EducationLevel','EducationLevel',0,NULL,NULL,65535),(9,'Department','Department',0,NULL,NULL,65535),(10,'Course','Course',0,NULL,NULL,65535),(11,'Subject','Subject',0,NULL,NULL,65535),(12,'CourseAndSubjectTransaction','CourseAndSubjectTransaction',0,NULL,NULL,65535),(13,'SecurityQuestion','SecurityQuestion',0,NULL,NULL,65535),(14,'UserType','UserType',0,NULL,NULL,65535),(15,'UserStatus','UserStatus',0,NULL,NULL,65535),(16,'Sex','Sex',0,NULL,NULL,65535),(17,'Marital','Marital',0,NULL,NULL,65535),(18,'Group','Group',0,NULL,NULL,65535),(19,'JobTitle','JobTitle',0,NULL,NULL,65535),(20,'Religion','Religion',0,NULL,NULL,65535),(21,'Denomination','Denomination',0,NULL,NULL,65535),(22,'Login','Login',0,NULL,NULL,65535),(23,'User','User',0,NULL,NULL,65535),(24,'CourseInstructor','CourseInstructor',0,NULL,NULL,65535),(25,'Student','Student',0,NULL,NULL,65535),(26,'ExaminationGroup','ExaminationGroup',0,NULL,NULL,65535),(27,'Examination','Examination',0,NULL,NULL,65535),(28,'ExaminationNumberScope','ExaminationNumberScope',0,NULL,NULL,65535),(29,'ExaminationNumber','ExaminationNumber',0,NULL,NULL,65535),(30,'Grade','Grade',0,NULL,NULL,65535),(31,'Results','Results',0,NULL,NULL,65535),(32,'Currency','Currency',0,NULL,NULL,65535),(33,'FeeStructure','FeeStructure',0,NULL,NULL,65535),(34,'FeeInvoice','FeeInvoice',0,NULL,NULL,65535),(35,'FeePayer','FeePayer',0,NULL,NULL,65535),(36,'FeePayment','FeePayment',0,NULL,NULL,65535),(37,'Venue','Venue',0,NULL,NULL,65535),(38,'Timetable','Timetable',0,NULL,NULL,65535),(39,'Schedule','Schedule',0,NULL,NULL,65535),(40,'Holiday','Holiday',0,NULL,NULL,65535),(41,'Attendance','Attendance',0,NULL,NULL,65535),(42,'LeaveType','LeaveType',0,NULL,NULL,65535),(43,'LeaveApprovalSchemaGroup','LeaveApprovalSchemaGroup',0,NULL,NULL,65535),(44,'LeaveApprovalSchema','LeaveApprovalSchema',0,NULL,NULL,65535),(45,'LeaveApplication','LeaveApplication',0,NULL,NULL,65535),(46,'MessageType','MessageType',0,NULL,NULL,65535),(47,'MessagePolicyType','MessagePolicyType',0,NULL,NULL,65535),(48,'ResultsChangingSchemaGroup','ResultsChangingSchemaGroup',0,NULL,NULL,65535),(49,'ResultsChangingSchema','ResultsChangingSchema',0,NULL,NULL,65535),(50,'ResultsChangeLog','ResultsChangeLog',0,NULL,NULL,65535),(51,'EntryCriteria','EntryCriteria',0,NULL,NULL,65535),(52,'ClassOfAward','ClassOfAward',0,NULL,NULL,65535);
/*!40000 ALTER TABLE `systemPolicy` ENABLE KEYS */;
UNLOCK TABLES;

--
-- Table structure for table `systemlogs`
--

DROP TABLE IF EXISTS `systemlogs`;
/*!40101 SET @saved_cs_client     = @@character_set_client */;
/*!40101 SET character_set_client = utf8 */;
CREATE TABLE `systemlogs` (
  `logId` int(10) unsigned NOT NULL AUTO_INCREMENT,
  `logName` varchar(108) NOT NULL,
  PRIMARY KEY (`logId`)
) ENGINE=InnoDB AUTO_INCREMENT=365 DEFAULT CHARSET=latin1;
/*!40101 SET character_set_client = @saved_cs_client */;

--
-- Dumping data for table `systemlogs`
--

LOCK TABLES `systemlogs` WRITE;
/*!40000 ALTER TABLE `systemlogs` DISABLE KEYS */;
INSERT INTO `systemlogs` VALUES (1,'2016:07:18:17:58:29%Ndimangwa%34%Records Count Updates'),(2,'2016:07:19:11:57:48%Ndimangwa%376%Synchronize Course and Groups'),(3,'2016:07:19:11:59:17%Ndimangwa%349%Admitted Test Student 1'),(4,'2016:07:19:11:59:51%Ndimangwa%349%Admitted Test Student 2'),(5,'2016:07:19:12:00:09%Ndimangwa%349%Admitted Test Student 3'),(6,'2016:07:19:16:32:26%Ndimangwa%124%Password Update for Test Student 2'),(7,'2016:07:20:13:46:48%tz.student1%134%Added Raheli'),(8,'2016:07:20:16:30:47%Ndimangwa%34%Records Count Updates'),(9,'2016:07:21:10:06:21%Ndimangwa%382%Added Edit Student Course'),(10,'2016:07:21:10:07:03%Ndimangwa%382%Added Edit Student Number'),(11,'2016:07:21:10:35:56%Ndimangwa%384%Edited Edit Student Course'),(12,'2016:07:21:10:43:12%Ndimangwa%384%Edited Edit Student Number'),(13,'2016:07:21:10:44:25%Ndimangwa%385%Deleted Edit Student Number'),(14,'2016:07:21:12:16:29%Ndimangwa%104%Added Admission Officer'),(15,'2016:07:21:12:17:05%Ndimangwa%104%Added DPAA'),(16,'2016:07:21:12:17:31%Ndimangwa%104%Added DPA'),(17,'2016:07:21:12:17:53%Ndimangwa%104%Added Provost'),(18,'2016:07:21:12:36:59%Ndimangwa%384%Attach Approving/Approved List for Edit Student Course'),(19,'2016:07:21:12:40:46%Ndimangwa%384%Attach Approving/Approved List for Edit Student Course'),(20,'2016:07:21:12:42:14%Ndimangwa%384%Attach Approving/Approved List for Edit Student Course'),(21,'2016:07:21:12:43:07%Ndimangwa%384%Detach Approving/Approved List for Edit Student Course'),(22,'2016:07:21:12:43:55%Ndimangwa%384%Attach Approving/Approved List for Edit Student Course'),(23,'2016:07:21:12:45:04%Ndimangwa%384%Attach Approving/Approved List for Edit Student Course'),(24,'2016:07:21:12:46:59%Ndimangwa%384%Detach Approving/Approved List for Edit Student Course'),(25,'2016:07:21:13:11:07%Ndimangwa%384%Edited Edit Student Course'),(26,'2016:07:21:13:16:52%Ndimangwa%384%Edited Edit Student Course'),(27,'2016:07:21:22:19:34%Ndimangwa%384%Edited Edit Student Course'),(28,'2016:07:21:22:37:26%Ndimangwa%34%Warm Reload of the System'),(29,'2016:07:25:12:43:48%Ndimangwa%34%Warm Reload of the System'),(30,'2016:07:25:13:17:46%Ndimangwa%384%Edited Edit User Course and Registration Numbers'),(31,'2016:07:25:21:57:38%Ndimangwa%34%Records Count Updates'),(32,'2016:07:26:15:04:36%Ndimangwa%382%Added Change Names'),(33,'2016:07:26:15:18:47%Ndimangwa%34%Records Count Updates'),(34,'2016:07:26:15:19:47%Ndimangwa%384%Edited Change Names'),(35,'2016:07:26:16:12:27%Ndimangwa%384%Edited Change Names'),(36,'2016:07:27:06:54:49%Ndimangwa%384%Attach Approving/Approved List for Change Names'),(37,'2016:07:27:06:55:38%Ndimangwa%384%Attach Approving/Approved List for Change Names'),(38,'2016:07:27:06:56:44%Ndimangwa%384%Detach Approving/Approved List for Change Names'),(39,'2016:07:27:06:58:26%Ndimangwa%384%Attach Approving/Approved List for Change Names'),(40,'2016:07:27:15:20:21%Ndimangwa%134%Added lusekelo'),(41,'2016:07:27:15:21:44%Ndimangwa%136%Attach Course & Subjects for Lusekelo Edwin Nyale'),(42,'2016:07:27:15:31:54%Ndimangwa%136%Edited lusekelo'),(43,'2016:07:28:05:52:38%Ndimangwa%128%Added valentina.ndimangwa'),(44,'2016:07:28:11:17:42%Ndimangwa%134%Added raheli.ndimangwa'),(45,'2016:07:28:11:59:04%Ndimangwa%136%Edited lusekelo'),(46,'2016:07:29:13:08:23%Ndimangwa%98%Added Little Group'),(47,'2016:07:29:13:09:12%Ndimangwa%130%Edited valentina.ndimangwa'),(48,'2016:08:01:17:36:35%Ndimangwa%212%Added NSSF Hall'),(49,'2016:08:01:17:38:03%Ndimangwa%218%Added History'),(50,'2016:08:01:17:39:14%Ndimangwa%218%Added Sociology'),(51,'2016:08:01:17:40:49%Ndimangwa%220%Attach Groups for History'),(52,'2016:08:01:17:41:30%Ndimangwa%220%Attach Groups for Sociology'),(53,'2016:08:01:17:52:56%Ndimangwa%366%Added Policy'),(54,'2016:08:01:17:54:36%Ndimangwa%98%Added COTECH'),(55,'2016:08:01:17:54:52%Ndimangwa%104%Added Cotech'),(56,'2016:08:01:17:56:44%Ndimangwa%128%Added emanuelanorld'),(57,'2016:08:01:17:59:39%Ndimangwa%128%Added frank.christopher'),(58,'2016:08:02:08:08:02%Ndimangwa%146%Added Exam Technician Certificate Level 5'),(59,'2016:08:02:08:13:11%Ndimangwa%152%Added Continuous Assessment Test'),(60,'2016:08:02:08:13:43%Ndimangwa%152%Added Unieversity Examination'),(61,'2016:08:02:08:14:13%Ndimangwa%152%Added Continuous Examination'),(62,'2016:08:02:08:14:41%Ndimangwa%152%Added University Examination'),(63,'2016:08:02:08:15:12%Ndimangwa%152%Added Supplimentary Examination'),(64,'2016:08:02:08:15:40%Ndimangwa%154%Edited Supplimentary Examination'),(65,'2016:08:02:08:17:29%Ndimangwa%377%Synchronize Results and Examination'),(66,'2016:08:02:08:28:10%Ndimangwa%356%Results Uploaded'),(67,'2016:08:02:08:29:59%Ndimangwa%356%Results Uploaded'),(68,'2016:08:02:08:32:23%Ndimangwa%356%Results Uploaded'),(69,'2016:08:02:11:05:20%tz.student1%178%LOCKED Continuous Assessment Test'),(70,'2016:08:02:12:46:46%tz.student1%178%LOCKED Unieversity Examination'),(71,'2016:08:02:16:07:09%tz.student1%154%Edited University Examination'),(72,'2016:08:02:16:17:04%tz.student1%346%LOCKED Exam Technician Certificate Level 5'),(73,'2016:08:02:16:22:19%tz.student1%346%UNLOCKED Exam Technician Certificate Level 5'),(74,'2016:08:02:17:54:10%Ndimangwa%178%UNLOCKED Continuous Examination'),(75,'2016:08:02:17:54:39%Ndimangwa%178%UNLOCKED University Examination'),(76,'2016:08:02:17:55:06%Ndimangwa%178%UNLOCKED Supplimentary Examination'),(77,'2016:08:02:17:55:32%Ndimangwa%393%Changed semester to 2'),(78,'2016:08:03:09:57:42%Ndimangwa%104%Added ICT'),(79,'2016:08:03:09:59:24%Ndimangwa%128%Added gabriel.msuka'),(80,'2016:08:03:15:11:39%Ndimangwa%182%Added Tanzania Shilling'),(81,'2016:08:03:15:13:19%Ndimangwa%188%Added Fee Structure'),(82,'2016:08:03:15:14:08%Ndimangwa%188%Added Fee Structure'),(83,'2016:08:03:15:18:29%Ndimangwa%370%Added GME5_for_2016_2017'),(84,'2016:08:03:15:20:12%Ndimangwa%372%Attach Fee Structures for GME5_for_2016_2017'),(85,'2016:08:03:15:22:20%Ndimangwa%193%Generated Invoices for GME5_for_2016_2017'),(86,'2016:08:03:15:24:08%Ndimangwa%349%Admitted Test Student 4'),(87,'2016:08:03:15:28:38%Ndimangwa%206%TZ 17,000,090 paid by Test Student 1'),(88,'2016:08:03:15:39:34%Ndimangwa%319%Changed for Valentina Nyamanoko Bwire (login)'),(89,'2016:08:03:15:40:44%Ndimangwa%319%Changed for DPAA (jobtitle)'),(90,'2016:08:03:15:43:03%Ndimangwa%319%Changed for Little Group (group)'),(91,'2016:08:03:16:12:59%Ndimangwa%128%Added ismaelk'),(92,'2016:08:05:10:29:27%Ndimangwa%393%Changed semester to 1'),(93,'2016:08:05:11:33:09%Ndimangwa%390%Self Changing Names'),(94,'2016:08:05:12:48:41%Ndimangwa%390%Self Changing Names'),(95,'2016:08:07:08:26:34%Ndimangwa%382%Added Update Marital Status'),(96,'2016:08:07:08:27:21%Ndimangwa%382%Added Update Marital Status'),(97,'2016:08:07:08:28:14%Ndimangwa%384%Attach Approving/Approved List for Update Marital Status'),(98,'2016:08:07:08:29:09%Ndimangwa%384%Attach Approving/Approved List for Update Marital Status'),(99,'2016:08:07:08:30:14%Ndimangwa%384%Attach Approving/Approved List for Update Marital Status'),(100,'2016:08:07:08:31:25%Ndimangwa%384%Detach Approving/Approved List for Update Marital Status'),(101,'2016:08:07:08:32:26%Ndimangwa%384%Attach Approving/Approved List for Update Marital Status'),(102,'2016:08:07:08:32:53%Ndimangwa%384%Attach Approving/Approved List for Update Marital Status'),(103,'2016:08:07:08:45:57%valentina.ndimangwa%390%Self Changing Marital Status'),(104,'2016:08:07:08:47:33%tz.student1%390%Self Changing Marital Status'),(105,'2016:08:07:08:53:33%Ndimangwa%124%Password Update for Lusekelo Edwin Nyale'),(106,'2016:08:07:08:54:30%lusekelo%390%Self Changing Names'),(107,'2016:08:07:09:26:10%Ndimangwa%382%Added Change Profile Picture'),(108,'2016:08:07:09:27:01%Ndimangwa%384%Edited Change Profile Picture'),(109,'2016:08:07:10:04:38%Ndimangwa%390%Self Changing Profile Picture'),(110,'2016:08:07:10:10:44%Ndimangwa%390%Self Changing Profile Picture'),(111,'2016:08:07:10:22:48%valentina.ndimangwa%390%Self Changing Profile Picture'),(112,'2016:08:07:10:52:24%Ndimangwa%382%Added Change Email && Phone Number'),(113,'2016:08:07:10:53:00%Ndimangwa%384%Edited Change Email && Phone Number'),(114,'2016:08:07:13:42:53%Ndimangwa%390%Self Changing Contacts'),(115,'2016:08:07:13:45:23%Ndimangwa%390%Self Changing Contacts'),(116,'2016:08:07:14:08:13%Ndimangwa%340%Changed to  DENIED (CLOSED MODE)'),(117,'2016:08:07:14:09:49%Ndimangwa%340%Changed to  ALLOWED (OPEN MODE)'),(118,'2016:08:07:14:17:02%Ndimangwa%319%Changed for Valentina Nyamanoko Bwire (login)'),(119,'2016:08:07:14:49:05%Ndimangwa%34%Records Count Updates'),(120,'2016:08:07:14:53:18%Ndimangwa%104%Added Field Training'),(121,'2016:08:07:14:56:00%Ndimangwa%134%Added tuarira.mhina'),(122,'2016:08:07:14:58:46%Ndimangwa%382%Added Change Names'),(123,'2016:08:07:14:59:57%Ndimangwa%384%Attach Approving/Approved List for Change Names'),(124,'2016:08:07:15:01:05%Ndimangwa%384%Attach Approving/Approved List for Change Names'),(125,'2016:08:07:15:01:37%Ndimangwa%384%Attach Approving/Approved List for Change Names'),(126,'2016:08:07:15:05:19%Ndimangwa%319%Changed for Valentina Nyamanoko Bwire (login)'),(127,'2016:08:07:15:11:58%tuarira.mhina%390%Self Changing Names'),(128,'2016:08:07:15:13:52%tuarira.mhina%390%Self Changing Profile Picture'),(129,'2016:08:07:15:24:01%Ndimangwa%390%Self Changing Contacts'),(130,'2016:08:07:15:36:55%Ndimangwa%393%Changed semester to 2'),(131,'2016:08:09:12:23:52%Ndimangwa%34%Records Count Updates'),(132,'2016:08:09:12:48:50%tz.student1%349%Admitted Test Student 10'),(133,'2016:08:09:15:52:43%Ndimangwa%356%Results Uploaded'),(134,'2016:08:09:15:54:05%Ndimangwa%356%Results Uploaded'),(135,'2016:08:09:15:55:32%Ndimangwa%356%Results Uploaded'),(136,'2016:08:09:15:56:35%Ndimangwa%178%LOCKED Continuous Examination'),(137,'2016:08:09:15:56:56%Ndimangwa%178%LOCKED University Examination'),(138,'2016:08:09:15:57:15%Ndimangwa%178%LOCKED Supplimentary Examination'),(139,'2016:08:09:16:24:13%Ndimangwa%346%Finalized Exam Technician Certificate Level 5'),(140,'2016:08:09:18:17:19%Ndimangwa%346%UNLOCKED Exam Technician Certificate Level 5'),(141,'2016:08:09:18:22:54%tz.student1%346%Finalized Exam Technician Certificate Level 5'),(142,'2016:08:09:18:29:04%tz.student1%346%UNLOCKED Exam Technician Certificate Level 5'),(143,'2016:08:09:18:39:22%tz.student1%346%Finalized Exam Technician Certificate Level 5'),(144,'2016:08:09:18:46:05%tz.student1%346%UNLOCKED Exam Technician Certificate Level 5'),(145,'2016:08:09:18:46:39%tz.student1%346%Finalized Exam Technician Certificate Level 5'),(146,'2016:08:09:19:41:32%tz.student1%346%UNLOCKED Exam Technician Certificate Level 5'),(147,'2016:08:09:19:42:09%tz.student1%346%Finalized Exam Technician Certificate Level 5'),(148,'2016:08:09:20:17:27%tz.student1%346%UNLOCKED Exam Technician Certificate Level 5'),(149,'2016:08:09:20:46:04%tz.student1%346%Finalized Exam Technician Certificate Level 5'),(150,'2016:08:09:21:12:47%tz.student1%346%UNLOCKED Exam Technician Certificate Level 5'),(151,'2016:08:09:21:16:13%tz.student1%178%UNLOCKED Supplimentary Examination'),(152,'2016:08:09:21:22:32%tz.student1%346%Finalized Exam Technician Certificate Level 5'),(153,'2016:08:09:21:36:11%tz.student1%390%Self Changing Contacts'),(154,'2016:08:10:13:05:53%tz.student1%337%Edited No Award'),(155,'2016:08:10:13:07:54%tz.student1%337%Edited No Award'),(156,'2016:08:10:13:09:58%tz.student1%337%Edited No Award'),(157,'2016:08:10:13:10:34%tz.student1%337%Edited No Award'),(158,'2016:08:10:13:11:12%tz.student1%337%Edited No Award'),(159,'2016:08:10:13:11:54%tz.student1%337%Edited No Award'),(160,'2016:08:10:13:12:31%tz.student1%337%Edited No Award'),(161,'2016:08:10:13:13:13%tz.student1%337%Edited No Award'),(162,'2016:08:10:13:14:02%tz.student1%337%Edited No Award'),(163,'2016:08:10:21:06:29%Ndimangwa%34%Warm Reload of the System'),(164,'2016:08:10:21:20:27%Ndimangwa%34%Warm Reload of the System'),(165,'2016:08:10:21:26:40%Ndimangwa%34%Records Count Updates'),(166,'2016:08:10:21:29:13%Ndimangwa%319%Changed for Student (group)'),(167,'2016:08:10:21:29:51%Ndimangwa%319%Changed for Student (group)'),(168,'2016:08:10:21:30:36%Ndimangwa%319%Changed for Student (group)'),(169,'2016:08:10:21:31:53%Ndimangwa%319%Changed for Student (group)'),(170,'2016:08:11:08:40:55%Ndimangwa%319%Changed for Student (group)'),(171,'2016:08:11:11:17:45%Ndimangwa%34%Warm Reload of the System'),(172,'2016:08:14:07:33:55%Ndimangwa%98%Added Testing'),(173,'2016:08:14:07:36:13%Ndimangwa%101%Deleted Testing'),(174,'2016:08:14:11:48:52%Ndimangwa%319%Changed for Little Group (group)'),(175,'2016:08:14:14:06:39%Ndimangwa%206%TZ 100,000 paid by Test Student 2'),(176,'2016:08:16:12:05:44%tz.student2%172%Edited I'),(177,'2016:08:16:12:06:43%tz.student2%172%Edited I'),(178,'2016:08:16:12:07:23%tz.student2%172%Edited I'),(179,'2016:08:16:12:08:11%tz.student2%172%Edited I'),(180,'2016:08:16:12:08:53%tz.student2%172%Edited I'),(181,'2016:08:16:12:09:45%tz.student2%172%Edited I'),(182,'2016:08:16:15:17:55%tz.student1%128%Added lidya.andrew'),(183,'2016:08:16:15:19:38%tz.student1%128%Added emma.nyambo'),(184,'2016:08:19:06:20:54%tz.student1%346%UNLOCKED Exam Technician Certificate Level 5'),(185,'2016:08:19:06:26:26%Ndimangwa%378%Advanced to 2016/2017'),(186,'2016:08:19:06:30:56%Ndimangwa%346%Finalized Exam Technician Certificate Level 5'),(187,'2016:08:19:12:08:24%tz.student2%346%UNLOCKED Exam Technician Certificate Level 5'),(188,'2016:08:21:07:06:44%Ndimangwa%382%Added Admit Students'),(189,'2016:08:21:07:12:54%Ndimangwa%384%Attach Approving/Approved List for Admit Students'),(190,'2016:08:21:07:13:42%Ndimangwa%384%Attach Approving/Approved List for Admit Students'),(191,'2016:08:21:08:18:06%Ndimangwa%136%Edited Raheli'),(192,'2016:08:21:08:20:07%Ndimangwa%136%Edited raheli.ndimangwa'),(193,'2016:08:21:09:41:05%raheli.ndimangwa%349%Admitted Test Student 6'),(194,'2016:08:21:10:11:43%raheli.ndimangwa%349%Admitted Test Student 7'),(195,'2016:08:21:12:28:56%raheli.ndimangwa%50%Added Test Course Part Two'),(196,'2016:08:21:12:38:12%raheli.ndimangwa%349%Admitted Test Student 8'),(197,'2016:08:21:12:59:28%Ndimangwa%154%Edited Continuous Assessment Test'),(198,'2016:08:21:16:08:25%Ndimangwa%64%Edited [Course & Subject] Mapping'),(199,'2016:08:21:22:21:08%Ndimangwa%50%Added Mining Engineering (NTA Level 6)'),(200,'2016:08:21:22:24:30%Ndimangwa%50%Added Mineral Processing Engineering (NTA Level 4)'),(201,'2016:08:21:22:25:21%Ndimangwa%50%Added Mineral Processing Engineering (NTA Level 5)'),(202,'2016:08:21:22:25:57%Ndimangwa%50%Added Mineral Processing Engineering (NTA Level 6)'),(203,'2016:08:21:22:30:04%Ndimangwa%50%Added Enviroment Engineering & Management in Mines (4)'),(204,'2016:08:21:22:30:45%Ndimangwa%50%Added Enviroment Engineering & Management in Mines (5)'),(205,'2016:08:21:22:31:38%Ndimangwa%50%Added Enviroment Engineering & Management in Mines (6)'),(206,'2016:08:21:22:47:25%Ndimangwa%178%UNLOCKED Continuous Assessment Test'),(207,'2016:08:21:22:49:58%Ndimangwa%178%UNLOCKED University Examination'),(208,'2016:08:21:23:21:35%Ndimangwa%146%Added NTA Level 5 Semester One'),(209,'2016:08:21:23:21:51%Ndimangwa%146%Added NTA Level 5 Semester Two'),(210,'2016:08:21:23:24:41%Ndimangwa%152%Added Continuous Test 1'),(211,'2016:08:21:23:25:08%Ndimangwa%154%Edited Continuous Test 1'),(212,'2016:08:21:23:25:40%Ndimangwa%152%Added University Examination 1'),(213,'2016:08:21:23:26:13%Ndimangwa%152%Added Supplimentary 1'),(214,'2016:08:21:23:26:44%Ndimangwa%152%Added Continuous Assesment Two'),(215,'2016:08:21:23:27:08%Ndimangwa%152%Added University Examination Two'),(216,'2016:08:21:23:27:31%Ndimangwa%152%Added Supplimentary Two'),(217,'2016:08:21:23:28:02%Ndimangwa%154%Edited Continuous Test One'),(218,'2016:08:21:23:28:25%Ndimangwa%154%Edited University Examination One'),(219,'2016:08:21:23:28:54%Ndimangwa%154%Edited Supplimentary One'),(220,'2016:08:21:23:29:25%Ndimangwa%154%Edited Supplimentary Two'),(221,'2016:08:21:23:30:45%Ndimangwa%377%Synchronize Results and Examination'),(222,'2016:08:21:23:31:48%Ndimangwa%377%Synchronize Results and Examination'),(223,'2016:08:21:23:35:40%Ndimangwa%377%Synchronize Results and Examination'),(224,'2016:08:21:23:54:17%Ndimangwa%377%Synchronize Results and Examination'),(225,'2016:08:22:00:04:27%Ndimangwa%377%Synchronize Results and Examination'),(226,'2016:08:22:00:08:54%Ndimangwa%377%Synchronize Results and Examination'),(227,'2016:08:22:00:10:28%Ndimangwa%377%Synchronize Results and Examination'),(228,'2016:08:22:00:12:55%Ndimangwa%377%Synchronize Results and Examination'),(229,'2016:08:22:00:14:17%Ndimangwa%377%Synchronize Results and Examination'),(230,'2016:08:22:00:16:19%Ndimangwa%377%Synchronize Results and Examination'),(231,'2016:08:22:00:21:43%Ndimangwa%377%Synchronize Results and Examination'),(232,'2016:08:22:00:28:40%Ndimangwa%377%Synchronize Results and Examination'),(233,'2016:08:22:05:38:22%Ndimangwa%377%Synchronize Results and Examination'),(234,'2016:08:22:05:57:44%Ndimangwa%356%Results Uploaded'),(235,'2016:08:22:06:18:16%Ndimangwa%356%Results Uploaded'),(236,'2016:08:22:06:28:21%Ndimangwa%356%Results Uploaded'),(237,'2016:08:22:06:30:42%Ndimangwa%356%Results Uploaded'),(238,'2016:08:22:06:32:51%Ndimangwa%356%Results Uploaded'),(239,'2016:08:22:06:35:01%Ndimangwa%356%Results Uploaded'),(240,'2016:08:22:06:39:33%tz.student3%178%LOCKED Continuous Test One'),(241,'2016:08:22:06:59:31%raheli.ndimangwa%349%Admitted Test Student 5'),(242,'2016:08:22:17:54:22%Ndimangwa%56%Added Underground Mining Methods'),(243,'2016:08:22:17:54:55%Ndimangwa%56%Added Mine Ventilation and Air Conditioning'),(244,'2016:08:22:17:55:43%Ndimangwa%56%Added Waste Dumps, Stockpiles and Tailings Dam Design'),(245,'2016:08:22:17:57:41%Ndimangwa%56%Added Mine Transportation'),(246,'2016:08:22:17:58:23%Ndimangwa%56%Added Supervisory Skills in Mining Industry'),(247,'2016:08:22:17:58:50%Ndimangwa%56%Added Mine Design Software'),(248,'2016:08:22:17:59:22%Ndimangwa%56%Added Mining Engineering Projects'),(249,'2016:08:22:18:00:02%Ndimangwa%56%Added Basics of Mineral Economics and Finance'),(250,'2016:08:22:18:03:47%Ndimangwa%62%Added Map [Course & Subject]'),(251,'2016:08:22:18:04:36%Ndimangwa%62%Added Map [Course & Subject]'),(252,'2016:08:22:18:05:03%Ndimangwa%62%Added Map [Course & Subject]'),(253,'2016:08:22:18:06:02%Ndimangwa%62%Added Map [Course & Subject]'),(254,'2016:08:22:18:06:37%Ndimangwa%62%Added Map [Course & Subject]'),(255,'2016:08:22:18:07:05%Ndimangwa%62%Added Map [Course & Subject]'),(256,'2016:08:22:18:07:46%Ndimangwa%62%Added Map [Course & Subject]'),(257,'2016:08:22:18:08:33%Ndimangwa%62%Added Map [Course & Subject]'),(258,'2016:08:22:18:09:05%Ndimangwa%62%Added Map [Course & Subject]'),(259,'2016:08:22:18:09:32%Ndimangwa%62%Added Map [Course & Subject]'),(260,'2016:08:22:18:10:02%Ndimangwa%62%Added Map [Course & Subject]'),(261,'2016:08:22:18:10:30%Ndimangwa%62%Added Map [Course & Subject]'),(262,'2016:08:22:18:11:09%Ndimangwa%62%Added Map [Course & Subject]'),(263,'2016:08:22:18:12:05%Ndimangwa%62%Added Map [Course & Subject]'),(264,'2016:08:22:18:12:40%Ndimangwa%62%Added Map [Course & Subject]'),(265,'2016:08:22:18:16:47%Ndimangwa%65%Deleted [Course & Subject] Mapping'),(266,'2016:08:22:18:18:49%Ndimangwa%56%Added Sampling and Assaying'),(267,'2016:08:22:18:21:23%Ndimangwa%56%Added Envi Health & Safety in Lab & Plant Operations '),(268,'2016:08:22:18:23:49%Ndimangwa%56%Added Communication and Classification'),(269,'2016:08:22:18:25:38%Ndimangwa%56%Added Dewatering and Tailing disposal'),(270,'2016:08:22:18:27:13%Ndimangwa%58%Edited Dewatering and Tailing disposal'),(271,'2016:08:22:18:27:57%Ndimangwa%56%Added Industrial Practical Training'),(272,'2016:08:22:18:31:06%Ndimangwa%64%Edited [Course & Subject] Mapping'),(273,'2016:08:22:18:31:39%Ndimangwa%64%Edited [Course & Subject] Mapping'),(274,'2016:08:22:18:32:10%Ndimangwa%64%Edited [Course & Subject] Mapping'),(275,'2016:08:22:18:32:47%Ndimangwa%64%Edited [Course & Subject] Mapping'),(276,'2016:08:22:18:33:20%Ndimangwa%64%Edited [Course & Subject] Mapping'),(277,'2016:08:22:18:33:51%Ndimangwa%64%Edited [Course & Subject] Mapping'),(278,'2016:08:22:18:34:24%Ndimangwa%64%Edited [Course & Subject] Mapping'),(279,'2016:08:22:18:34:58%Ndimangwa%64%Edited [Course & Subject] Mapping'),(280,'2016:08:22:18:40:14%Ndimangwa%64%Edited [Course & Subject] Mapping'),(281,'2016:08:22:18:41:16%Ndimangwa%64%Edited [Course & Subject] Mapping'),(282,'2016:08:22:18:41:51%Ndimangwa%64%Edited [Course & Subject] Mapping'),(283,'2016:08:22:18:42:24%Ndimangwa%64%Edited [Course & Subject] Mapping'),(284,'2016:08:22:18:43:04%Ndimangwa%64%Edited [Course & Subject] Mapping'),(285,'2016:08:22:18:43:41%Ndimangwa%64%Edited [Course & Subject] Mapping'),(286,'2016:08:22:18:44:31%Ndimangwa%64%Edited [Course & Subject] Mapping'),(287,'2016:08:22:18:45:02%Ndimangwa%64%Edited [Course & Subject] Mapping'),(288,'2016:08:22:18:45:33%Ndimangwa%64%Edited [Course & Subject] Mapping'),(289,'2016:08:22:18:46:04%Ndimangwa%64%Edited [Course & Subject] Mapping'),(290,'2016:08:22:18:46:40%Ndimangwa%64%Edited [Course & Subject] Mapping'),(291,'2016:08:22:18:47:15%Ndimangwa%64%Edited [Course & Subject] Mapping'),(292,'2016:08:22:18:47:48%Ndimangwa%64%Edited [Course & Subject] Mapping'),(293,'2016:08:22:18:48:25%Ndimangwa%64%Edited [Course & Subject] Mapping'),(294,'2016:08:22:18:49:03%Ndimangwa%64%Edited [Course & Subject] Mapping'),(295,'2016:08:22:18:49:39%Ndimangwa%64%Edited [Course & Subject] Mapping'),(296,'2016:08:22:18:50:13%Ndimangwa%64%Edited [Course & Subject] Mapping'),(297,'2016:08:22:18:50:50%Ndimangwa%64%Edited [Course & Subject] Mapping'),(298,'2016:08:22:18:51:25%Ndimangwa%64%Edited [Course & Subject] Mapping'),(299,'2016:08:22:18:51:59%Ndimangwa%64%Edited [Course & Subject] Mapping'),(300,'2016:08:22:18:52:33%Ndimangwa%64%Edited [Course & Subject] Mapping'),(301,'2016:08:22:18:53:17%Ndimangwa%64%Edited [Course & Subject] Mapping'),(302,'2016:08:22:18:54:03%Ndimangwa%64%Edited [Course & Subject] Mapping'),(303,'2016:08:22:18:54:36%Ndimangwa%64%Edited [Course & Subject] Mapping'),(304,'2016:08:22:18:55:10%Ndimangwa%64%Edited [Course & Subject] Mapping'),(305,'2016:08:22:18:55:43%Ndimangwa%64%Edited [Course & Subject] Mapping'),(306,'2016:08:22:18:56:19%Ndimangwa%64%Edited [Course & Subject] Mapping'),(307,'2016:08:22:18:56:57%Ndimangwa%64%Edited [Course & Subject] Mapping'),(308,'2016:08:22:18:57:33%Ndimangwa%64%Edited [Course & Subject] Mapping'),(309,'2016:08:22:18:58:11%Ndimangwa%64%Edited [Course & Subject] Mapping'),(310,'2016:08:22:18:58:51%Ndimangwa%64%Edited [Course & Subject] Mapping'),(311,'2016:08:22:18:59:22%Ndimangwa%64%Edited [Course & Subject] Mapping'),(312,'2016:08:22:19:00:14%Ndimangwa%64%Edited [Course & Subject] Mapping'),(313,'2016:08:22:19:00:47%Ndimangwa%64%Edited [Course & Subject] Mapping'),(314,'2016:08:22:19:01:22%Ndimangwa%64%Edited [Course & Subject] Mapping'),(315,'2016:08:22:19:02:03%Ndimangwa%64%Edited [Course & Subject] Mapping'),(316,'2016:08:22:19:02:43%Ndimangwa%64%Edited [Course & Subject] Mapping'),(317,'2016:08:22:19:03:17%Ndimangwa%64%Edited [Course & Subject] Mapping'),(318,'2016:08:22:19:03:57%Ndimangwa%64%Edited [Course & Subject] Mapping'),(319,'2016:08:22:19:04:28%Ndimangwa%64%Edited [Course & Subject] Mapping'),(320,'2016:08:22:19:04:57%Ndimangwa%64%Edited [Course & Subject] Mapping'),(321,'2016:08:22:19:05:32%Ndimangwa%64%Edited [Course & Subject] Mapping'),(322,'2016:08:22:19:06:05%Ndimangwa%64%Edited [Course & Subject] Mapping'),(323,'2016:08:22:19:09:03%Ndimangwa%62%Added Map [Course & Subject]'),(324,'2016:08:22:19:09:30%Ndimangwa%62%Added Map [Course & Subject]'),(325,'2016:08:22:19:09:56%Ndimangwa%62%Added Map [Course & Subject]'),(326,'2016:08:22:19:10:22%Ndimangwa%62%Added Map [Course & Subject]'),(327,'2016:08:22:19:11:54%Ndimangwa%64%Edited [Course & Subject] Mapping'),(328,'2016:08:22:19:12:28%Ndimangwa%59%Deleted Algebra and Geometry'),(329,'2016:08:22:19:13:40%Ndimangwa%62%Added Map [Course & Subject]'),(330,'2016:08:22:19:14:38%Ndimangwa%62%Added Map [Course & Subject]'),(331,'2016:08:22:19:15:25%Ndimangwa%62%Added Map [Course & Subject]'),(332,'2016:08:22:19:16:02%Ndimangwa%62%Added Map [Course & Subject]'),(333,'2016:08:22:19:17:46%Ndimangwa%58%Edited Communication and Classification'),(334,'2016:08:22:19:18:36%Ndimangwa%56%Added Mineral Processing Lab 1'),(335,'2016:08:22:19:19:19%Ndimangwa%62%Added Map [Course & Subject]'),(336,'2016:08:22:19:19:56%Ndimangwa%62%Added Map [Course & Subject]'),(337,'2016:08:22:19:20:25%Ndimangwa%62%Added Map [Course & Subject]'),(338,'2016:08:22:19:20:56%Ndimangwa%62%Added Map [Course & Subject]'),(339,'2016:08:22:19:21:27%Ndimangwa%62%Added Map [Course & Subject]'),(340,'2016:08:22:19:22:04%Ndimangwa%62%Added Map [Course & Subject]'),(341,'2016:08:22:19:22:44%Ndimangwa%62%Added Map [Course & Subject]'),(342,'2016:08:22:19:23:16%Ndimangwa%62%Added Map [Course & Subject]'),(343,'2016:08:22:19:23:48%Ndimangwa%62%Added Map [Course & Subject]'),(344,'2016:08:22:20:51:46%Ndimangwa%148%Edited NTA Level 5 Semester One'),(345,'2016:08:22:20:52:32%Ndimangwa%148%Edited NTA Level 5 Semester One'),(346,'2016:08:22:21:03:36%Ndimangwa%148%Edited NTA Level 5 Semester One'),(347,'2016:08:22:21:04:26%Ndimangwa%148%Edited NTA Level 5 Semester Two'),(348,'2016:08:22:21:26:08%tz.student3%178%LOCKED University Examination One'),(349,'2016:08:22:21:32:39%tz.student3%178%UNLOCKED Continuous Test One'),(350,'2016:08:22:21:33:37%tz.student3%178%UNLOCKED University Examination One'),(351,'2016:08:22:21:34:43%tz.student3%178%LOCKED Continuous Test One'),(352,'2016:08:22:21:35:33%tz.student3%178%LOCKED University Examination One'),(353,'2016:08:23:06:33:40%tz.student3%154%Edited Continuous Test One'),(354,'2016:08:23:06:35:05%tz.student3%178%UNLOCKED Continuous Test One'),(355,'2016:08:23:06:36:19%tz.student3%356%Results Uploaded'),(356,'2016:08:23:06:37:22%tz.student3%178%LOCKED Continuous Test One'),(357,'2016:08:23:18:38:32%raheli.ndimangwa%124%Password Update for Lusekelo Edwin Nyale'),(358,'2016:08:23:20:42:23%tz.student3%346%Finalized NTA Level 5 Semester One'),(359,'2016:08:23:21:00:04%tz.student3%346%UNLOCKED NTA Level 5 Semester One'),(360,'2016:08:23:21:03:39%tz.student3%346%Finalized NTA Level 5 Semester One'),(361,'2016:08:23:21:14:41%tz.student3%346%UNLOCKED NTA Level 5 Semester One'),(362,'2016:08:23:21:17:19%tz.student3%346%Finalized NTA Level 5 Semester One'),(363,'2016:08:24:09:28:44%Ndimangwa%128%Added proposal1'),(364,'2016:08:24:09:29:15%Ndimangwa%130%Edited proposal1');
/*!40000 ALTER TABLE `systemlogs` ENABLE KEYS */;
UNLOCK TABLES;

--
-- Table structure for table `themes`
--

DROP TABLE IF EXISTS `themes`;
/*!40101 SET @saved_cs_client     = @@character_set_client */;
/*!40101 SET character_set_client = utf8 */;
CREATE TABLE `themes` (
  `themeId` int(10) unsigned NOT NULL AUTO_INCREMENT,
  `themeName` varchar(24) NOT NULL,
  `themeFolder` varchar(16) NOT NULL,
  `themeBackgroundColor` varchar(6) NOT NULL DEFAULT 'ffffff',
  `themeBackgroundImage` varchar(16) DEFAULT NULL,
  `themeFontFace` varchar(108) DEFAULT NULL,
  `themeFontSize` varchar(8) DEFAULT NULL,
  `themeFontColor` varchar(6) NOT NULL DEFAULT '000000',
  `extraFilter` varchar(32) DEFAULT NULL,
  `extraInformation` varchar(64) DEFAULT NULL,
  `flags` int(5) NOT NULL DEFAULT '15',
  PRIMARY KEY (`themeId`),
  UNIQUE KEY `themeName` (`themeName`),
  UNIQUE KEY `themeFolder` (`themeFolder`)
) ENGINE=InnoDB AUTO_INCREMENT=25 DEFAULT CHARSET=latin1;
/*!40101 SET character_set_client = @saved_cs_client */;

--
-- Dumping data for table `themes`
--

LOCK TABLES `themes` WRITE;
/*!40000 ALTER TABLE `themes` DISABLE KEYS */;
INSERT INTO `themes` VALUES (1,'Black Tie','black-tie','ffffff',NULL,NULL,NULL,'000000',NULL,NULL,15),(2,'Blitzer','blitzer','ffffff',NULL,NULL,NULL,'000000',NULL,NULL,15),(3,'Cupertino','cupertino','ffffff',NULL,NULL,NULL,'000000',NULL,NULL,15),(4,'Dark Hive','dark-hive','ffffff',NULL,NULL,NULL,'000000',NULL,NULL,15),(5,'Dot Luv','dot-luv','ffffff',NULL,NULL,NULL,'000000',NULL,NULL,15),(6,'Egg Plant','eggplant','ffffff',NULL,NULL,NULL,'000000',NULL,NULL,15),(7,'Excite Bike','excite-bike','ffffff',NULL,NULL,NULL,'000000',NULL,NULL,15),(8,'Flick','flick','ffffff',NULL,NULL,NULL,'000000',NULL,NULL,15),(9,'Hot Sneaks','hot-sneaks','ffffff',NULL,NULL,NULL,'000000',NULL,NULL,15),(10,'Humanity','humanity','ffffff',NULL,NULL,NULL,'000000',NULL,NULL,15),(11,'Le Frog','le-frog','ffffff',NULL,NULL,NULL,'000000',NULL,NULL,15),(12,'Mint Choc','mint-choc','ffffff',NULL,NULL,NULL,'000000',NULL,NULL,15),(13,'Overcast','overcast','ffffff',NULL,NULL,NULL,'000000',NULL,NULL,15),(14,'Pepper Grinder','pepper-grinder','ffffff',NULL,NULL,NULL,'000000',NULL,NULL,15),(15,'Redmond','redmond','ffffff',NULL,NULL,NULL,'000000',NULL,NULL,15),(16,'Smoothness','smoothness','ffffff',NULL,NULL,NULL,'000000',NULL,NULL,15),(17,'South Street','south-street','ffffff',NULL,NULL,NULL,'000000',NULL,NULL,15),(18,'Start','start','ffffff',NULL,NULL,NULL,'000000',NULL,NULL,15),(19,'Sunny','sunny','ffffff',NULL,NULL,NULL,'000000',NULL,NULL,15),(20,'Swanky Purse','swanky-purse','ffffff',NULL,NULL,NULL,'000000',NULL,NULL,15),(21,'Trontastic','trontastic','ffffff',NULL,NULL,NULL,'000000',NULL,NULL,15),(22,'UI Darkness','ui-darkness','ffffff',NULL,NULL,NULL,'000000',NULL,NULL,15),(23,'UI Lightness','ui-lightness','ffffff',NULL,NULL,NULL,'000000',NULL,NULL,15),(24,'Vader','vader','ffffff',NULL,NULL,NULL,'000000',NULL,NULL,15);
/*!40000 ALTER TABLE `themes` ENABLE KEYS */;
UNLOCK TABLES;

--
-- Table structure for table `timetable`
--

DROP TABLE IF EXISTS `timetable`;
/*!40101 SET @saved_cs_client     = @@character_set_client */;
/*!40101 SET character_set_client = utf8 */;
CREATE TABLE `timetable` (
  `ttId` int(10) unsigned NOT NULL AUTO_INCREMENT,
  `ttName` varchar(48) NOT NULL,
  `venueId` int(10) unsigned DEFAULT NULL,
  `instructorList` varchar(108) DEFAULT NULL,
  `groupList` varchar(108) DEFAULT NULL,
  `subjectList` varchar(108) DEFAULT NULL,
  `validFrom` varchar(19) NOT NULL DEFAULT '0000:00:00:00:00:00',
  `validTo` varchar(19) NOT NULL DEFAULT '0000:00:00:00:00:00',
  `startTime` varchar(19) NOT NULL DEFAULT '*:*:*:13:00:00',
  `endTime` varchar(19) NOT NULL DEFAULT '*:*:*:14:00:00',
  `dayOfAWeekId` int(10) unsigned NOT NULL,
  `textColor` varchar(6) NOT NULL DEFAULT '000000',
  `backgroundColor` varchar(6) NOT NULL DEFAULT 'ffffff',
  `extraFilter` varchar(32) DEFAULT NULL,
  `extraInformation` varchar(64) DEFAULT NULL,
  `flags` int(5) NOT NULL DEFAULT '15',
  PRIMARY KEY (`ttId`),
  KEY `venueId` (`venueId`),
  KEY `dayOfAWeekId` (`dayOfAWeekId`),
  CONSTRAINT `timetable_ibfk_1` FOREIGN KEY (`venueId`) REFERENCES `venue` (`venueId`),
  CONSTRAINT `timetable_ibfk_2` FOREIGN KEY (`dayOfAWeekId`) REFERENCES `daysofaweek` (`dayId`)
) ENGINE=InnoDB AUTO_INCREMENT=3 DEFAULT CHARSET=latin1;
/*!40101 SET character_set_client = @saved_cs_client */;

--
-- Dumping data for table `timetable`
--

LOCK TABLES `timetable` WRITE;
/*!40000 ALTER TABLE `timetable` DISABLE KEYS */;
INSERT INTO `timetable` VALUES (1,'History',1,NULL,'1',NULL,'2016:7:2:*:*:*','2016:9:19:*:*:*','*:*:*:08:36:00','*:*:*:10:43:00',2,'ffffff','ff0000','WPPqduA8','',15),(2,'Sociology',1,NULL,'1',NULL,'2016:7:11:*:*:*','2016:9:19:*:*:*','*:*:*:17:38:00','*:*:*:19:38:00',4,'ffffff','0000ff','270I1osD','',15);
/*!40000 ALTER TABLE `timetable` ENABLE KEYS */;
UNLOCK TABLES;

--
-- Table structure for table `userStatus`
--

DROP TABLE IF EXISTS `userStatus`;
/*!40101 SET @saved_cs_client     = @@character_set_client */;
/*!40101 SET character_set_client = utf8 */;
CREATE TABLE `userStatus` (
  `statusId` int(10) unsigned NOT NULL AUTO_INCREMENT,
  `statusName` varchar(32) NOT NULL,
  `statusCode` int(2) unsigned NOT NULL,
  `alive` tinyint(1) NOT NULL DEFAULT '1',
  `extraFilter` varchar(32) DEFAULT NULL,
  `extraInformation` varchar(64) DEFAULT NULL,
  `flags` int(5) NOT NULL DEFAULT '15',
  PRIMARY KEY (`statusId`),
  UNIQUE KEY `statusName` (`statusName`)
) ENGINE=InnoDB AUTO_INCREMENT=6 DEFAULT CHARSET=latin1;
/*!40101 SET character_set_client = @saved_cs_client */;

--
-- Dumping data for table `userStatus`
--

LOCK TABLES `userStatus` WRITE;
/*!40000 ALTER TABLE `userStatus` DISABLE KEYS */;
INSERT INTO `userStatus` VALUES (1,'Alive',1,1,NULL,NULL,15),(2,'Dead',2,0,NULL,NULL,15),(3,'Disqualified',3,0,NULL,NULL,15),(4,'Leave',4,1,NULL,NULL,15),(5,'Martenity',5,1,NULL,NULL,15);
/*!40000 ALTER TABLE `userStatus` ENABLE KEYS */;
UNLOCK TABLES;

--
-- Table structure for table `userType`
--

DROP TABLE IF EXISTS `userType`;
/*!40101 SET @saved_cs_client     = @@character_set_client */;
/*!40101 SET character_set_client = utf8 */;
CREATE TABLE `userType` (
  `typeId` int(10) unsigned NOT NULL AUTO_INCREMENT,
  `typeName` varchar(16) NOT NULL,
  `typeCode` int(2) NOT NULL DEFAULT '1',
  `extraFilter` varchar(32) DEFAULT NULL,
  `extraInformation` varchar(64) DEFAULT NULL,
  `flags` int(5) NOT NULL DEFAULT '15',
  PRIMARY KEY (`typeId`),
  UNIQUE KEY `typeName` (`typeName`)
) ENGINE=InnoDB AUTO_INCREMENT=4 DEFAULT CHARSET=latin1;
/*!40101 SET character_set_client = @saved_cs_client */;

--
-- Dumping data for table `userType`
--

LOCK TABLES `userType` WRITE;
/*!40000 ALTER TABLE `userType` DISABLE KEYS */;
INSERT INTO `userType` VALUES (1,'User',1,NULL,NULL,15),(2,'CourseInstructor',2,NULL,NULL,15),(3,'Student',3,NULL,NULL,15);
/*!40000 ALTER TABLE `userType` ENABLE KEYS */;
UNLOCK TABLES;

--
-- Table structure for table `users`
--

DROP TABLE IF EXISTS `users`;
/*!40101 SET @saved_cs_client     = @@character_set_client */;
/*!40101 SET character_set_client = utf8 */;
CREATE TABLE `users` (
  `userId` int(10) unsigned NOT NULL AUTO_INCREMENT,
  `loginId` int(10) unsigned NOT NULL,
  `extraFilter` varchar(32) DEFAULT NULL,
  `extraInformation` varchar(64) DEFAULT NULL,
  `flags` int(5) NOT NULL DEFAULT '15',
  PRIMARY KEY (`userId`),
  KEY `loginId` (`loginId`),
  CONSTRAINT `users_ibfk_1` FOREIGN KEY (`loginId`) REFERENCES `login` (`loginId`)
) ENGINE=InnoDB AUTO_INCREMENT=10 DEFAULT CHARSET=latin1;
/*!40101 SET character_set_client = @saved_cs_client */;

--
-- Dumping data for table `users`
--

LOCK TABLES `users` WRITE;
/*!40000 ALTER TABLE `users` DISABLE KEYS */;
INSERT INTO `users` VALUES (1,1,NULL,NULL,15),(2,206,'LsnrrTId','For Approval Sequence Testing',15),(3,208,'24MCrRBn','Cotech',15),(4,209,'52245zHe','',15),(5,210,'YEVHbAEN','',15),(6,211,'KCaWP8YL','',15),(7,215,'29eNCVjT','',15),(8,216,'3vHFD13A','',15),(9,217,'GBij7Ddf','',15);
/*!40000 ALTER TABLE `users` ENABLE KEYS */;
UNLOCK TABLES;

--
-- Table structure for table `venue`
--

DROP TABLE IF EXISTS `venue`;
/*!40101 SET @saved_cs_client     = @@character_set_client */;
/*!40101 SET character_set_client = utf8 */;
CREATE TABLE `venue` (
  `venueId` int(10) unsigned NOT NULL AUTO_INCREMENT,
  `venueName` varchar(48) NOT NULL,
  `venueCode` varchar(12) NOT NULL,
  `capacity` int(5) NOT NULL,
  `numberOfConcurrentAllocations` int(2) NOT NULL DEFAULT '1',
  `extraFilter` varchar(32) DEFAULT NULL,
  `extraInformation` varchar(64) DEFAULT NULL,
  `flags` int(5) NOT NULL DEFAULT '15',
  PRIMARY KEY (`venueId`),
  UNIQUE KEY `venueName` (`venueName`)
) ENGINE=InnoDB AUTO_INCREMENT=2 DEFAULT CHARSET=latin1;
/*!40101 SET character_set_client = @saved_cs_client */;

--
-- Dumping data for table `venue`
--

LOCK TABLES `venue` WRITE;
/*!40000 ALTER TABLE `venue` DISABLE KEYS */;
INSERT INTO `venue` VALUES (1,'NSSF Hall','NSSF01',1000,1,'gYufaTUC','',15);
/*!40000 ALTER TABLE `venue` ENABLE KEYS */;
UNLOCK TABLES;
/*!40103 SET TIME_ZONE=@OLD_TIME_ZONE */;

/*!40101 SET SQL_MODE=@OLD_SQL_MODE */;
/*!40014 SET FOREIGN_KEY_CHECKS=@OLD_FOREIGN_KEY_CHECKS */;
/*!40014 SET UNIQUE_CHECKS=@OLD_UNIQUE_CHECKS */;
/*!40101 SET CHARACTER_SET_CLIENT=@OLD_CHARACTER_SET_CLIENT */;
/*!40101 SET CHARACTER_SET_RESULTS=@OLD_CHARACTER_SET_RESULTS */;
/*!40101 SET COLLATION_CONNECTION=@OLD_COLLATION_CONNECTION */;
/*!40111 SET SQL_NOTES=@OLD_SQL_NOTES */;

-- Dump completed on 2016-08-23 23:29:28
